{
    "year": 2024,
    "month": "07",
    "pt": "Saskatchewan",
    "includes_ghgrp": false,
    "volume_by_activity": {
        "DIFF": {
            "GAS": {
                "BT": 0.0,
                "CT": 0.0,
                "GP": 2102.9,
                "GS": -494.9,
                "IF": 7.9,
                "PL": 3485.1,
                "TM": 0.0,
                "WT": 0.0
            },
            "SOLV": {
                "BT": 0.0,
                "IF": 4623.5
            },
            "WASTE": {
                "IF": 0.0
            },
            "WATER": {
                "BT": 0.0,
                "CT": 0.0,
                "GP": 0.0,
                "GS": 0.0,
                "IF": 34238.9,
                "PL": 1.2999999999999998,
                "TM": 0.1,
                "WT": -19364.199999999997
            }
        },
        "DISP": {
            "ACGAS": {
                "GP": 14.0
            },
            "C2-MX": {
                "GP": 140.9,
                "PL": 102.0
            },
            "C3-MX": {
                "GP": 6612.6,
                "GS": 21.2,
                "PL": 4944.8
            },
            "C3-SP": {
                "GP": 4065.2999999999997,
                "TM": 15743.8
            },
            "C4-MX": {
                "GP": 1066.8,
                "GS": 31.0
            },
            "C4-SP": {
                "BT": 177.6,
                "GP": 567.4,
                "PL": 1720.9,
                "TM": 20294.600000000002
            },
            "C5-MX": {
                "GP": 1597.9,
                "GS": 113.5,
                "PL": 792.4
            },
            "C5-SP": {
                "GP": 0.0
            },
            "CO2": {
                "BT": 810.8000000000002
            },
            "CO2-MX": {
                "BT": 58466.5,
                "IF": 0.0
            },
            "CO2-SP": {
                "PL": 11398.9
            },
            "COND": {
                "BT": 3901.1,
                "GP": 4769.0,
                "GS": 4824.1,
                "PL": 46999.700000000004,
                "TM": 18434.8
            },
            "FSHWTR": {
                "BT": 14220.0,
                "IF": 0.0,
                "WT": 3003361.6000000006
            },
            "GAS": {
                "BT": 238929.3000000001,
                "CT": 2.0,
                "GP": 63082.6,
                "GS": 201056.1000000001,
                "IF": 0.0,
                "PL": 756723.3
            },
            "HELIUM": {
                "BT": 443.50000000000006,
                "GP": 398.20000000000005
            },
            "IC4-MX": {
                "GP": 1105.8,
                "PL": 1027.3
            },
            "IC5-MX": {
                "GP": 45.2
            },
            "N2": {
                "BT": 57549.60000000001
            },
            "NC4-MX": {
                "GP": 2668.0,
                "PL": 2668.0
            },
            "OIL": {
                "BT": 1576149.2000000032,
                "CT": 175574.4,
                "GP": 176.2,
                "GS": 88.8,
                "IF": 2328.6000000000004,
                "PL": 3471398.1,
                "TM": 968882.3
            },
            "POLYMER": {
                "BT": 163599.0
            },
            "SAND": {
                "BT": 5121.200000000007,
                "CT": 149.6,
                "GP": 0.0,
                "IF": 172.29999999999998,
                "PL": 102.0,
                "TM": 137.79999999999998
            },
            "SYNCRD": {
                "PL": 256262.4
            },
            "WATER": {
                "BT": 25124992.40000001,
                "CT": 96382.6,
                "GP": 2178.8999999999996,
                "GS": 499.5,
                "IF": 53970.7,
                "PL": 5800.699999999999,
                "TM": 9980.500000000004,
                "WT": 1227504.4000000004
            }
        },
        "FIRE": {
            "OIL": {
                "BT": 61.7
            }
        },
        "FLARE": {
            "ACGAS": {
                "GP": 584.5999999999999
            },
            "ENTGAS": {
                "CT": 6.699999999999999,
                "IF": 0.2,
                "TM": 574.3
            },
            "GAS": {
                "BT": 32443.499999999938,
                "CT": 69.1,
                "GP": 1130.1,
                "GS": 330.7,
                "IF": 23.0,
                "PL": 40.6,
                "TM": 176.3
            }
        },
        "FRAC": {
            "C3-MX": {
                "GP": 0.0
            },
            "C3-SP": {
                "GP": 0.0
            },
            "C4-SP": {
                "GP": 0.0
            },
            "C5-SP": {
                "GP": 0.0
            },
            "IC4-MX": {
                "GP": 0.0
            },
            "IC5-MX": {
                "GP": 0.0
            },
            "NC4-MX": {
                "GP": 0.0
            },
            "NC5-MX": {
                "GP": 0.0
            }
        },
        "FUEL": {
            "GAS": {
                "BT": 33696.50000000002,
                "CT": 822.2000000000002,
                "GP": 3763.9,
                "GS": 4678.300000000004,
                "IF": 3994.1999999999994,
                "PL": 775.2,
                "TM": 33.5,
                "WT": 0.6
            }
        },
        "IMBAL": {
            "C2-MX": {
                "GP": 0.0,
                "PL": 0.0
            },
            "C2-SP": {
                "PL": 0.0
            },
            "C3-MX": {
                "GP": 0.0,
                "GS": 0.0,
                "PL": 0.0
            },
            "C3-SP": {
                "GP": 0.0,
                "TM": 0.0
            },
            "C4-MX": {
                "GP": 0.0,
                "GS": 0.0,
                "PL": 0.0
            },
            "C4-SP": {
                "GP": 0.0
            },
            "C5-MX": {
                "GP": 0.0,
                "GS": 0.0,
                "PL": 0.0
            },
            "C5-SP": {
                "GP": 0.0,
                "GS": 0.0
            },
            "CO2": {
                "BT": 0.0,
                "GP": 0.0
            },
            "CO2-SP": {
                "PL": 0.0
            },
            "HELIUM": {
                "BT": 0.0,
                "GP": 0.0
            },
            "OIL": {
                "BT": 0.0,
                "CT": 0.0,
                "IF": 0.0,
                "PL": 0.0,
                "TM": 0.0
            }
        },
        "INJ": {
            "ACGAS": {
                "IF": 366.4
            },
            "BRINE": {
                "IF": 4072981.8000000003
            },
            "GAS": {
                "IF": 1394.3
            },
            "POLYMER": {
                "IF": 997506.7000000004
            },
            "STEAM": {
                "IF": 55975.99999999999
            },
            "WASTE": {
                "IF": 72317.09999999999
            },
            "WATER": {
                "IF": 29086264.5
            }
        },
        "INVADJ": {
            "C4-SP": {
                "PL": 33.5
            },
            "COND": {
                "PL": -182.0
            },
            "OIL": {
                "PL": -147.79999999999995
            },
            "WATER": {
                "PL": 97.5
            }
        },
        "INVCL": {
            "C2-MX": {
                "GP": 48.1
            },
            "C2-SP": {
                "PL": 1118.8
            },
            "C3-MX": {
                "GP": 1728.3000000000002
            },
            "C3-SP": {
                "GP": 130.7,
                "TM": 343.2
            },
            "C4-MX": {
                "GP": 73.6
            },
            "C4-SP": {
                "GP": 0.0,
                "PL": 328.2,