{
    "year": 2023,
    "month": "03",
    "pt": "Saskatchewan",
    "includes_ghgrp": false,
    "volume_by_activity": {
        "DIFF": {
            "GAS": {
                "BT": 0.0,
                "CT": 0.0,
                "GP": 889.3999999999999,
                "GS": -2111.2999999999997,
                "IF": 0.0,
                "PL": 29745.0,
                "TM": 0.0,
                "WT": 0.0
            },
            "SOLV": {
                "BT": 0.0,
                "IF": -249.9000000000001
            },
            "WASTE": {
                "IF": 0.0
            },
            "WATER": {
                "BT": 0.0,
                "CT": 0.0,
                "GP": 0.0,
                "GS": 0.0,
                "IF": -24636.799999999992,
                "PL": 0.0,
                "TM": -0.3,
                "WT": -11442.199999999999
            }
        },
        "DISP": {
            "C2-MX": {
                "GP": 98.9,
                "GS": 5.3,
                "PL": 75.8
            },
            "C3-MX": {
                "GP": 11230.0,
                "GS": 10.7,
                "PL": 7180.6
            },
            "C3-SP": {
                "GP": 11545.400000000001,
                "TM": 12822.7
            },
            "C4-MX": {
                "GP": 686.9,
                "GS": 29.6
            },
            "C4-SP": {
                "GP": 7379.4,
                "PL": 9.8,
                "TM": 26494.600000000002
            },
            "C5-MX": {
                "GP": 1532.4,
                "GS": 101.8,
                "PL": 1073.3
            },
            "C5-SP": {
                "BT": 12.2,
                "GP": 0.0
            },
            "CO2": {
                "BT": 314.29999999999995
            },
            "CO2-MX": {
                "BT": 60025.7
            },
            "CO2-SP": {
                "PL": 25918.0
            },
            "COND": {
                "GP": 7066.6,
                "GS": 5006.1,
                "PL": 88431.1,
                "TM": 9346.0
            },
            "FSHWTR": {
                "BT": 11885.0,
                "IF": 9878.6,
                "WT": 3074020.3000000003
            },
            "GAS": {
                "BT": 281523.99999999965,
                "GP": 68269.4,
                "GS": 223905.40000000026,
                "IF": 0.0,
                "PL": 931171.0
            },
            "HELIUM": {
                "BT": 291.6,
                "GP": 225.5
            },
            "IC4-MX": {
                "GP": 1723.3000000000002,
                "PL": 1050.5
            },
            "IC5-MX": {
                "GP": 237.00000000000003
            },
            "N2": {
                "BT": 35403.3
            },
            "NC4-MX": {
                "GP": 2791.8,
                "PL": 2791.8
            },
            "OIL": {
                "BT": 1820536.2999999942,
                "CT": 198794.60000000003,
                "GP": 981.8000000000001,
                "GS": 89.89999999999999,
                "IF": 2286.7000000000007,
                "PL": 3572303.9999999995,
                "TM": 1075905.5000000002
            },
            "POLYMER": {
                "BT": 138335.9,
                "IF": 26409.7
            },
            "SAND": {
                "BT": 5492.799999999999,
                "CT": 149.2,
                "GP": 1.6999999999999997,
                "GS": 0.3,
                "IF": 203.89999999999998,
                "PL": 5.7,
                "TM": 103.0
            },
            "SYNCRD": {
                "PL": 260475.2
            },
            "WATER": {
                "BT": 25573851.29999999,
                "CT": 109679.90000000002,
                "GP": 429.50000000000006,
                "GS": 326.9,
                "IF": 34076.3,
                "PL": 5586.099999999999,
                "TM": 12209.300000000001,
                "WT": 1069146.6999999997
            }
        },
        "FLARE": {
            "ACGAS": {
                "GP": 742.3000000000001
            },
            "ENTGAS": {
                "CT": 12.899999999999999,
                "IF": 2.3
            },
            "GAS": {
                "BT": 33582.90000000002,
                "CT": 60.0,
                "GP": 1221.1,
                "GS": 206.6,
                "IF": 20.3,
                "TM": 192.3
            }
        },
        "FRAC": {
            "C3-MX": {
                "GP": -816.0999999999999
            },
            "C3-SP": {
                "GP": 816.0999999999999
            },
            "C4-SP": {
                "GP": 1934.1
            },
            "C5-SP": {
                "GP": 1265.1
            },
            "IC4-MX": {
                "GP": -1934.1
            },
            "IC5-MX": {
                "GP": -1265.1
            },
            "NC4-MX": {
                "GP": 0.0
            },
            "NC5-MX": {
                "GP": 0.0
            }
        },
        "FUEL": {
            "GAS": {
                "BT": 41706.899999999645,
                "CT": 1219.8,
                "GP": 5337.6,
                "GS": 6474.700000000003,
                "IF": 3510.2999999999993,
                "PL": 1394.5,
                "TM": 48.2,
                "WT": 0.5
            }
        },
        "IMBAL": {
            "C2-MX": {
                "GP": 0.0,
                "GS": 0.0,
                "PL": 0.0
            },
            "C2-SP": {
                "PL": 0.0
            },
            "C3-MX": {
                "GP": 0.0,
                "GS": 0.0,
                "PL": 0.0
            },
            "C3-SP": {
                "GP": 0.0,
                "TM": 0.0
            },
            "C4-MX": {
                "GP": 0.0,
                "GS": 0.0,
                "PL": 0.0
            },
            "C4-SP": {
                "GP": 0.0
            },
            "C5-MX": {
                "GP": 0.0,
                "GS": 0.0,
                "PL": 0.0
            },
            "C5-SP": {
                "GP": 0.0,
                "GS": 0.0
            },
            "CO2": {
                "BT": 0.0,
                "GP": 0.0
            },
            "CO2-SP": {
                "PL": 0.0
            },
            "HELIUM": {
                "BT": 0.0,
                "GP": 0.0
            },
            "OIL": {
                "BT": 0.0,
                "CT": 0.0,
                "PL": 0.0,
                "TM": 0.0
            }
        },
        "INJ": {
            "BRINE": {
                "IF": 3196970.9
            },
            "GAS": {
                "IF": 451.4
            },
            "OIL": {
                "IF": 6.2
            },
            "POLYMER": {
                "IF": 910435.8000000004
            },
            "STEAM": {
                "IF": 47595.0
            },
            "WASTE": {
                "IF": 91504.90000000001
            },
            "WATER": {
                "IF": 28961582.800000012
            }
        },
        "INVADJ": {
            "C4-SP": {
                "PL": 48.1
            },
            "COND": {
                "PL": -470.80000000000007
            },
            "OIL": {
                "PL": -1698.8000000000002
            },
            "WATER": {
                "PL": 477.40000000000003
            }
        },
        "INVCL": {
            "C2-MX": {
                "GP": 31.799999999999997
            },
            "C2-SP": {
                "PL": 1118.8
            },
            "C3-MX": {
                "GP": 1583.3000000000002
            },
            "C3-SP": {
                "GP": 593.8
            },
            "C4-MX": {
                "GP": 123.9
            },
            "C4-SP": {
                "GP": 848.8,
                "PL": 456.0,
                "TM": 11093.300000000001
            },