{
    "year": 2023,
    "month": "09",
    "pt": "Saskatchewan",
    "includes_ghgrp": false,
    "volume_by_activity": {
        "DIFF": {
            "GAS": 16697.8,
            "SOLV": 5785.4,
            "WASTE": 0.0,
            "WATER": 29291.50000000001
        },
        "DISP": {
            "C1-MX": 10.8,
            "C2-MX": 267.7,
            "C3-MX": 9364.800000000001,
            "C3-SP": 26577.2,
            "C4-MX": 990.9999999999999,
            "C4-SP": 29410.399999999998,
            "C5-MX": 2453.4,
            "C5-SP": 17.5,
            "CO2": 426.6000000000002,
            "CO2-MX": 67332.4,
            "CO2-SP": 7443.6,
            "COND": 97823.60000000002,
            "FSHWTR": 2979387.4000000004,
            "GAS": 4874239.4,
            "HELIUM": 585.0,
            "IC4-MX": 3420.4,
            "IC5-MX": 76.6,
            "N2": 44407.0,
            "NC4-MX": 8022.3,
            "OIL": 6376588.600000002,
            "POLYMER": 165638.69999999998,
            "SAND": 7025.300000000004,
            "SYNCRD": 273352.1,
            "WATER": 26072842.099999953
        },
        "FLARE": {
            "ACGAS": 623.6,
            "ENTGAS": 7.1,
            "GAS": 41179.199999999975
        },
        "FRAC": {
            "C3-MX": -794.3,
            "C3-SP": 794.3,
            "C4-SP": 1955.6,
            "C5-SP": 1277.0,
            "IC4-MX": -1955.6,
            "IC5-MX": -1277.0,
            "NC4-MX": 0.0,
            "NC5-MX": 0.0
        },
        "FUEL": {
            "GAS": 158837.80000000016
        },
        "IMBAL": {
            "C1-MX": 0.0,
            "C2-MX": 0.0,
            "C2-SP": 0.0,
            "C3-MX": 0.0,
            "C3-SP": 0.0,
            "C4-MX": 0.0,
            "C4-SP": 0.0,
            "C5-MX": 0.0,
            "C5-SP": 0.0,
            "CO2": 0.0,
            "CO2-SP": 0.0,
            "HELIUM": 0.0,
            "OIL": -218.2
        },
        "INJ": {
            "BRINE": 2770858.3,
            "GAS": 456.5,
            "POLYMER": 969056.0,
            "STEAM": 958969.8,
            "WASTE": 47830.700000000004,
            "WATER": 27425446.400000006
        },
        "INVADJ": {
            "C4-SP": 14.1,
            "COND": -219.5,
            "OIL": 164.9999999999998,
            "WATER": -53.1
        },
        "INVCL": {
            "C2-MX": 56.6,
            "C2-SP": 1118.8,
            "C3-MX": 1996.5000000000002,
            "C3-SP": 1351.0,
            "C4-MX": 127.8,
            "C4-SP": 12337.899999999998,
            "C5-MX": 31.700000000000003,
            "C5-SP": 491.0,
            "CO2-SP": 0.0,
            "COND": 24327.2,
            "FSHWTR": 4508.9,
            "GAS": 178874.9,
            "HELIUM": 37.699999999999996,
            "IC4-MX": 257.9,
            "IC5-MX": 0.0,
            "NC4-MX": 710.0,
            "NC5-MX": 437.40000000000003,
            "OIL": 589585.7000000003,
            "WATER": 413921.40000000026
        },
        "INVOP": {
            "C2-MX": 28.400000000000002,
            "C2-SP": 1118.8,
            "C3-MX": 960.3,
            "C3-SP": 974.1,
            "C4-MX": 122.50000000000001,
            "C4-SP": 11963.300000000003,
            "C5-MX": 26.299999999999997,
            "C5-SP": 604.8,
            "CO2-SP": 0.0,
            "COND": 32073.4,
            "FSHWTR": 4492.599999999999,
            "GAS": 177723.9,
            "HELIUM": 19.700000000000003,
            "IC4-MX": 128.2,
            "IC5-MX": 0.0,
            "NC4-MX": 353.3,
            "NC5-MX": 216.5,
            "OIL": 582982.1999999997,
            "WATER": 428892.20000000024
        },
        "LDINJ": {
            "OIL": 1711.4999999999998,
            "WATER": 59059.799999999996
        },
        "LDINVADJ": {
            "WATER": 5916.999999999999
        },
        "LDINVCL": {
            "COND": 2.6,
            "OIL": 3258.900000000001,
            "WATER": 562590.2000000003
        },
        "LDINVOP": {
            "COND": 2.6,
            "OIL": 3387.000000000001,
            "WATER": 537296.5000000001
        },
        "LDREC": {
            "OIL": 1826.6,
            "WATER": 39587.70000000001
        },
        "PROC": {
            "C1-MX": 10.8,
            "C2-MX": 189.20000000000002,
            "C3-MX": 5211.8,
            "C3-SP": 12254.3,
            "C4-MX": 5517.599999999999,
            "C4-SP": 3153.3,
            "C5-MX": 1920.1000000000001,
            "C5-SP": 10581.9
        },
        "PROD": {
            "CO2": 473.70000000000016,
            "COND": 0.1,
            "FSHWTR": 1844591.3,
            "GAS": 286932.39999999746,
            "HELIUM": 313.6,
            "N2": 45302.0,
            "OIL": 1481515.8999999962,
            "WATER": 24814494.09999996
        },
        "PURDISP": {
            "OIL": 2519.8999999999996
        },
        "PURREC": {
            "OIL": 1055.0
        },
        "REC": {
            "BRINE": 2151890.3,
            "C2-MX": 106.7,
            "C3-MX": 5987.7,
            "C3-SP": 13905.5,
            "C4-MX": 339.0,
            "C4-SP": 52603.3,
            "C5-MX": 989.8000000000001,
            "C5-SP": 17.5,
            "CO2": 426.59999999999997,
            "CO2-MX": 624252.0000000001,
            "CO2-SP": 14887.2,
            "COND": 230879.59999999992,
            "FSHWTR": 2933402.4000000004,
            "GAS": 4826054.1,
            "HELIUM": 289.4,
            "IC4-MX": 3914.6,
            "IC5-MX": 1277.0,
            "N2": 44407.0,
            "NC4-MX": 5391.9,
            "NC5-MX": 0.0,
            "OIL": 4723230.000000002,
            "POLYMER": 165638.69999999998,
            "SYNCRD": 273715.2,
            "WASTE": 47830.7,
            "WATER": 29468307.200000014
        },
        "SHR": {
            "ACGAS": 77.6,
            "C1-MX": 4.8,
            "C2-MX": 53.199999999999996,
            "C3-MX": 1418.2,
            "C3-SP": 3334.7,
            "C4-MX": 1311.3,
            "C4-SP": 749.5,
            "C5-MX": 397.0,
            "C5-SP": 2187.0000000000005,
            "COND": 80.5,
            "OIL": 4042.6
        },
        "SHUTIN": {},
        "STINJ": {
            "CO2-MX": 618582.7000000001,
            "GAS": 2949.7
        },
        "STINVCL": {
            "C3-MX": 0.0,
            "CO2-MX": 45107476.599999994,
            "GAS": 19721.800000000003
        },
        "STINVOP": {
            "C3-MX": 0.0,
            "CO2-MX": 44996039.2,
            "GAS": 18189.600000000002
        },
        "STREC": {
            "CO2-MX": 70059.79999999999,
            "GAS": 4287.8
        },
        "THEFT": {
            "OIL": 27.0
        },
        "VENT": {
            "CO2": 473.7,
            "CO2-MX": 543.3,
            "ENTGAS": 1.0,
            "GAS": 13042.000000000151,
            "N2": 45302.0
        }
    }
}