{
    "year": 2022,
    "month": "11",
    "pt": "Saskatchewan",
    "includes_ghgrp": false,
    "volume_by_activity": {
        "DIFF": {
            "GAS": 34798.799999999996,
            "SOLV": 2950.2000000000003,
            "WASTE": 0.0,
            "WATER": -71.99999999999977
        },
        "DISP": {
            "C2-MX": 331.40000000000003,
            "C3-MX": 15118.700000000003,
            "C3-SP": 25959.700000000004,
            "C4-MX": 628.9,
            "C4-SP": 29762.899999999998,
            "C5-MX": 2663.8999999999996,
            "C5-SP": 36.0,
            "CO2": 353.2000000000001,
            "CO2-MX": 56653.5,
            "CO2-SP": 14530.6,
            "COND": 99100.59999999999,
            "FSHWTR": 2960557.3000000007,
            "GAS": 5131636.1,
            "HELIUM": 464.6,
            "IC4-MX": 2146.3,
            "IC5-MX": 209.8,
            "N2": 30536.7,
            "NC4-MX": 3732.0,
            "OIL": 6391035.800000001,
            "POLYMER": 77357.4,
            "SAND": 5776.400000000004,
            "SYNCRD": 271094.5,
            "WATER": 26509981.400000084
        },
        "FLARE": {
            "ACGAS": 711.8,
            "ENTGAS": 6.0,
            "GAS": 36012.99999999998
        },
        "FRAC": {
            "C3-MX": -521.6,
            "C3-SP": 521.6,
            "C4-SP": 1788.3,
            "C5-SP": 1036.5,
            "IC4-MX": -1788.3,
            "IC5-MX": -1036.5,
            "NC4-MX": 0.0,
            "NC5-MX": 0.0
        },
        "FUEL": {
            "GAS": 177244.59999999995
        },
        "IMBAL": {
            "C2-MX": 0.0,
            "C2-SP": 0.0,
            "C3-MX": 0.0,
            "C3-SP": 0.0,
            "C4-MX": 0.0,
            "C4-SP": 0.0,
            "C5-MX": 0.0,
            "C5-SP": 0.0,
            "CO2": 0.0,
            "CO2-SP": 0.0,
            "HELIUM": 0.0,
            "OIL": 0.0
        },
        "INJ": {
            "BRINE": 2666387.0,
            "GAS": 484.8,
            "OIL": 69.8,
            "POLYMER": 790820.1,
            "STEAM": 938497.9,
            "WASTE": 59910.6,
            "WATER": 27688453.79999999
        },
        "INVADJ": {
            "C4-SP": -9.8,
            "COND": 161.8,
            "OIL": -2653.9,
            "WATER": -221.8
        },
        "INVCL": {
            "C2-MX": 29.9,
            "C2-SP": 1118.8,
            "C3-MX": 1069.0,
            "C3-SP": 870.1,
            "C4-MX": 137.1,
            "C4-SP": 11817.099999999999,
            "C5-MX": 53.6,
            "C5-SP": 436.3,
            "CO2-SP": 0.0,
            "COND": 19559.0,
            "FSHWTR": 3147.7,
            "GAS": 147326.0,
            "HELIUM": 12.0,
            "IC4-MX": 129.6,
            "IC5-MX": 0.0,
            "NC4-MX": 313.6,
            "NC5-MX": 210.4,
            "OIL": 626062.8000000005,
            "WATER": 416720.8999999999
        },
        "INVOP": {
            "C2-MX": 14.2,
            "C2-SP": 1118.8,
            "C3-MX": 833.6999999999999,
            "C3-SP": 1783.0,
            "C4-MX": 64.19999999999999,
            "C4-SP": 11944.800000000001,
            "C5-MX": 20.9,
            "C5-SP": 416.4,
            "CO2-SP": 0.0,
            "COND": 18095.9,
            "FSHWTR": 4248.0,
            "GAS": 147542.1,
            "HELIUM": 14.299999999999999,
            "IC4-MX": 78.2,
            "IC5-MX": 0.0,
            "NC4-MX": 206.1,
            "NC5-MX": 127.8,
            "OIL": 609150.3999999998,
            "WATER": 406000.000000001
        },
        "LDINJ": {
            "OIL": 1530.4,
            "WATER": 29224.6
        },
        "LDINVADJ": {
            "OIL": 14.7,
            "WATER": 17413.300000000003
        },
        "LDINVCL": {
            "COND": 2.6,
            "OIL": 3571.400000000002,
            "WATER": 673485.8999999992
        },
        "LDINVOP": {
            "COND": 2.6,
            "OIL": 3469.2000000000016,
            "WATER": 678631.5
        },
        "LDREC": {
            "OIL": 1442.9000000000005,
            "WATER": 51783.5
        },
        "PROC": {
            "C2-MX": 195.3,
            "C3-MX": 6706.400000000001,
            "C3-SP": 12378.4,
            "C4-MX": 3697.0,
            "C4-SP": 5664.6,
            "C5-MX": 1921.7,
            "C5-SP": 7201.1
        },
        "PROD": {
            "CO2": 375.80000000000007,
            "FSHWTR": 1779624.3000000003,
            "GAS": 288128.8999999996,
            "HELIUM": 239.29999999999995,
            "N2": 29884.8,
            "OIL": 1569348.0999999996,
            "WATER": 25044071.10000003
        },
        "PURDISP": {
            "OIL": 2413.8000000000006
        },
        "PURREC": {
            "OIL": 1079.2
        },
        "REC": {
            "BRINE": 2045859.9,
            "C2-MX": 151.8,
            "C3-MX": 9169.2,
            "C3-SP": 12146.8,
            "C4-MX": 0.0,
            "C4-SP": 51237.4,
            "C5-MX": 1067.3,
            "C5-SP": 36.0,
            "CO2": 353.2,
            "CO2-MX": 675267.2,
            "CO2-SP": 29061.2,
            "COND": 241435.60000000003,
            "FSHWTR": 2951810.2,
            "GAS": 5112927.2,
            "HELIUM": 223.0,
            "IC4-MX": 2665.4,
            "IC5-MX": 1036.5,
            "N2": 30536.699999999997,
            "NC4-MX": 2164.9,
            "NC5-MX": 0.0,
            "OIL": 4665858.8999999985,
            "POLYMER": 77357.4,
            "SYNCRD": 271478.8,
            "WASTE": 59910.6,
            "WATER": 29722761.8
        },
        "SHR": {
            "ACGAS": 63.2,
            "C2-MX": 54.900000000000006,
            "C3-MX": 1825.0,
            "C3-SP": 3368.6000000000004,
            "C4-MX": 878.8,
            "C4-SP": 1346.4,
            "C5-MX": 397.2,
            "C5-SP": 1488.3999999999999,
            "COND": 69.60000000000001,
            "OIL": 3942.7000000000003
        },
        "SHUTIN": {},
        "STINJ": {
            "CO2-MX": 683110.9000000001,
            "GAS": 1873.0
        },
        "STINVCL": {
            "C3-MX": 0.0,
            "CO2-MX": 43133190.50000001,
            "GAS": 8004.2
        },
        "STINVOP": {
            "C3-MX": 0.0,
            "CO2-MX": 42974582.8,
            "GAS": 7172.5
        },
        "STREC": {
            "CO2-MX": 56059.7,
            "GAS": 5598.700000000002
        },
        "VENT": {
            "CO2": 375.79999999999995,
            "CO2-MX": 1498.1,
            "ENTGAS": 1.0,
            "GAS": 13763.300000000148,
            "N2": 29884.800000000003
        }
    }
}