{
    "year": 2025,
    "month": "05",
    "pt": "Saskatchewan",
    "includes_ghgrp": false,
    "volume_by_activity": {
        "DIFF": {
            "GAS": 48400.3,
            "SOLV": 1794.7,
            "WASTE": 0.0,
            "WATER": -25178.000000000007
        },
        "DISP": {
            "ACGAS": 101.8,
            "C2-MX": 160.8,
            "C3-MX": 18410.4,
            "C3-SP": 18831.7,
            "C4-MX": 0.0,
            "C4-SP": 25058.1,
            "C5-MX": 941.2,
            "C5-SP": 3998.0,
            "CO2": 961.5000000000001,
            "CO2-MX": 75226.20000000001,
            "CO2-SP": 13202.6,
            "COND": 84459.39999999998,
            "FSHWTR": 2976821.8999999994,
            "GAS": 5803025.0,
            "HELIUM": 837.7,
            "IC4-MX": 3129.3,
            "IC5-MX": 290.0,
            "N2": 62504.1,
            "NC4-MX": 7669.900000000001,
            "NC5-MX": 559.8000000000001,
            "OIL": 6160792.900000001,
            "POLYMER": 173556.0,
            "SAND": 4196.099999999995,
            "SYNCRD": 320994.2,
            "WATER": 27332616.69999999
        },
        "FLARE": {
            "ACGAS": 324.6,
            "ENTGAS": 505.7,
            "GAS": 41542.59999999995
        },
        "FRAC": {
            "C3-MX": -1184.0,
            "C3-SP": 1184.0,
            "C4-SP": 2273.3,
            "C5-SP": 1989.0,
            "IC4-MX": -2273.3,
            "IC5-MX": -1989.0,
            "NC4-MX": 0.0,
            "NC5-MX": 0.0
        },
        "FUEL": {
            "GAS": 170744.90000000014
        },
        "IMBAL": {
            "C2-MX": 0.0,
            "C2-SP": 0.0,
            "C3-MX": 0.0,
            "C3-SP": 0.0,
            "C4-MX": 0.0,
            "C4-SP": 0.0,
            "C5-MX": 0.0,
            "C5-SP": 0.0,
            "CO2": 0.0,
            "CO2-SP": 0.0,
            "HELIUM": 0.0,
            "OIL": 0.0
        },
        "INJ": {
            "ACGAS": 465.2,
            "BRINE": 3433424.4,
            "GAS": 230.60000000000002,
            "POLYMER": 991566.7999999999,
            "STEAM": 858533.8999999999,
            "WASTE": 60757.2,
            "WATER": 28955217.400000002
        },
        "INVADJ": {
            "C4-SP": 19.4,
            "COND": -28.900000000000006,
            "OIL": -2779.2999999999997,
            "WATER": 36.59999999999998
        },
        "INVCL": {
            "C2-MX": 67.0,
            "C2-SP": 1118.8,
            "C3-MX": 1736.6000000000001,
            "C3-SP": 1499.1,
            "C4-MX": 44.2,
            "C4-SP": 12315.099999999999,
            "C5-MX": 26.0,
            "C5-SP": 426.2,
            "CO2-SP": 0.0,
            "COND": 17748.500000000004,
            "FSHWTR": 11519.099999999999,
            "GAS": 169354.6,
            "HELIUM": 26.0,
            "IC4-MX": 339.09999999999997,
            "IC5-MX": 0.0,
            "NC4-MX": 710.5,
            "NC5-MX": 353.90000000000003,
            "OIL": 634478.5999999999,
            "WATER": 382533.99999999965
        },
        "INVOP": {
            "C2-MX": 58.00000000000001,
            "C2-SP": 1118.8,
            "C3-MX": 1473.5,
            "C3-SP": 1704.6,
            "C4-MX": 41.4,
            "C4-SP": 12280.8,
            "C5-MX": 27.9,
            "C5-SP": 278.9,
            "CO2-SP": 0.0,
            "COND": 18483.999999999996,
            "FSHWTR": 11508.599999999999,
            "GAS": 189536.7,
            "HELIUM": 34.300000000000004,
            "IC4-MX": 303.2,
            "IC5-MX": 0.0,
            "NC4-MX": 602.7,
            "NC5-MX": 300.1,
            "OIL": 631817.6000000007,
            "WATER": 389775.8999999995
        },
        "LDINJ": {
            "COND": 18.0,
            "OIL": 2457.200000000001,
            "WATER": 14445.000000000004
        },
        "LDINVADJ": {
            "OIL": -25.4,
            "WATER": -3093.3000000000006
        },
        "LDINVCL": {
            "COND": 2.6,
            "OIL": 3108.0000000000005,
            "WATER": 446409.20000000007
        },
        "LDINVOP": {
            "COND": 2.6,
            "OIL": 2833.1000000000013,
            "WATER": 462707.5000000002
        },
        "LDREC": {
            "COND": 18.0,
            "OIL": 2156.900000000001,
            "WATER": 27649.999999999996
        },
        "PROC": {
            "C2-MX": 89.4,
            "C3-MX": 8078.4,
            "C3-SP": 6008.599999999999,
            "C4-MX": 3337.2,
            "C4-SP": 3184.9,
            "C5-MX": 1372.3,
            "C5-SP": 6659.100000000001
        },
        "PROD": {
            "CO2": 958.1000000000001,
            "FSHWTR": 1772436.7999999998,
            "GAS": 258032.30000000037,
            "HELIUM": 412.1,
            "N2": 60881.1,
            "OIL": 1374376.3000000017,
            "WATER": 26093309.900000036
        },
        "PURDISP": {
            "OIL": 4114.000000000002
        },
        "PURREC": {
            "OIL": 2189.8
        },
        "REC": {
            "ACGAS": 567.0,
            "BRINE": 3031464.5,
            "C2-MX": 80.4,
            "C3-MX": 11780.7,
            "C3-SP": 11433.6,
            "C4-MX": 119.7,
            "C4-SP": 46942.6,
            "C5-MX": 563.0,
            "C5-SP": 3076.3999999999996,
            "CO2": 961.4999999999999,
            "CO2-MX": 631642.1,
            "CO2-SP": 26405.2,
            "COND": 216598.9,
            "FSHWTR": 2684787.5000000005,
            "GAS": 5799584.299999999,
            "HELIUM": 417.3,
            "IC4-MX": 4337.4,
            "IC5-MX": 1989.0,
            "N2": 62504.100000000006,
            "NC4-MX": 5544.4,
            "NC5-MX": 0.0,
            "OIL": 4627719.1000000015,
            "POLYMER": 173556.0,
            "SYNCRD": 321255.5,
            "WASTE": 60757.2,
            "WATER": 30922677.599999987
        },
        "SHR": {
            "ACGAS": 56.9,
            "C2-MX": 25.2,
            "C3-MX": 2198.4000000000005,
            "C3-SP": 1635.1999999999998,
            "C4-MX": 793.1,
            "C4-SP": 757.0,
            "C5-MX": 283.6,
            "C5-SP": 1376.0999999999997,
            "COND": 50.89999999999999,
            "OIL": 3961.0999999999995
        },
        "SHUTIN": {},
        "STINJ": {
            "CO2-MX": 631939.1,
            "GAS": 2813.2
        },
        "STINVCL": {
            "C3-MX": 0.0,
            "CO2-MX": 48529538.8,
            "GAS": 24727.2
        },
        "STINVOP": {
            "C3-MX": 0.0,
            "CO2-MX": 48422042.6,
            "GAS": 24419.1
        },
        "STREC": {
            "CO2-MX": 63829.1,
            "GAS": 7206.600000000002
        },
        "VENT": {
            "CO2": 958.0999999999999,
            "CO2-MX": 169.99999999999997,
            "ENTGAS": 1.1,
            "GAS": 9594.400000000076,
            "N2": 60881.100000000006
        }
    }
}