{
    "year": 2022,
    "month": "02",
    "pt": "Saskatchewan",
    "includes_ghgrp": false,
    "volume_by_activity": {
        "DIFF": {
            "GAS": 34818.0,
            "SOLV": 1956.6,
            "WASTE": -4.0,
            "WATER": 12847.800000000003
        },
        "DISP": {
            "C2-MX": 217.0,
            "C3-MX": 8294.1,
            "C3-SP": 22439.3,
            "C4-MX": 655.9,
            "C4-SP": 32818.4,
            "C5-MX": 2109.0,
            "C5-SP": 20.9,
            "CO2": 120.89999999999999,
            "CO2-MX": 43742.0,
            "CO2-SP": 28982.1,
            "COND": 119098.3,
            "FSHWTR": 2554758.6,
            "GAS": 5211386.9,
            "HELIUM": 167.89999999999998,
            "IC4-MX": 1242.3000000000002,
            "IC5-MX": 35.4,
            "N2": 10050.3,
            "NC4-MX": 2860.2,
            "OIL": 5685916.000000004,
            "POLYMER": 23297.0,
            "SAND": 5432.100000000003,
            "SYNCRD": 241694.0,
            "WATER": 23744764.10000012
        },
        "FIRE": {
            "OIL": 26.5
        },
        "FLARE": {
            "ACGAS": 526.7,
            "ENTGAS": 4.4,
            "GAS": 32764.600000000006
        },
        "FRAC": {
            "C3-MX": -279.3,
            "C3-SP": 279.3,
            "C4-SP": 1169.4,
            "C5-SP": 930.2,
            "IC4-MX": -1169.4,
            "IC5-MX": -930.2,
            "NC4-MX": 0.0,
            "NC5-MX": 0.0
        },
        "FUEL": {
            "GAS": 160836.6000000001
        },
        "IMBAL": {
            "C2-MX": 0.0,
            "C2-SP": 0.0,
            "C3-MX": 0.0,
            "C3-SP": 0.0,
            "C4-MX": 0.0,
            "C4-SP": 0.0,
            "C5-MX": 0.0,
            "C5-SP": 0.0,
            "CO2": 0.0,
            "CO2-SP": 0.0,
            "HELIUM": 0.0,
            "OIL": 0.0
        },
        "INJ": {
            "AIR": 4900.200000000001,
            "BRINE": 3701889.7,
            "GAS": 386.8,
            "OIL": 4.6,
            "POLYMER": 692423.2000000001,
            "STEAM": 737420.9,
            "WASTE": 52221.9,
            "WATER": 24725331.800000016
        },
        "INVADJ": {
            "C4-SP": 24.4,
            "COND": 907.8,
            "OIL": -1230.8000000000002,
            "WATER": -188.60000000000002
        },
        "INVCL": {
            "C2-MX": 12.999999999999998,
            "C2-SP": 1118.8,
            "C3-MX": 587.6999999999999,
            "C3-SP": 1099.0,
            "C4-MX": 174.3,
            "C4-SP": 1215.0,
            "C5-MX": 43.7,
            "C5-SP": 317.1,
            "CO2-SP": 0.0,
            "COND": 17815.9,
            "FSHWTR": 3773.7999999999997,
            "GAS": 150665.9,
            "HELIUM": 12.5,
            "IC4-MX": 100.50000000000001,
            "IC5-MX": 10.8,
            "NC4-MX": 202.7,
            "NC5-MX": 114.3,
            "OIL": 589429.8999999997,
            "WATER": 400180.6000000003
        },
        "INVOP": {
            "C2-MX": 22.0,
            "C2-SP": 1118.8,
            "C3-MX": 1001.1999999999999,
            "C3-SP": 1352.6999999999998,
            "C4-MX": 151.0,
            "C4-SP": 724.6,
            "C5-MX": 41.099999999999994,
            "C5-SP": 223.0,
            "CO2-SP": 0.0,
            "COND": 11480.4,
            "FSHWTR": 4526.0,
            "GAS": 159739.4,
            "HELIUM": 5.7,
            "IC4-MX": 177.7,
            "IC5-MX": 20.0,
            "NC4-MX": 352.20000000000005,
            "NC5-MX": 199.79999999999998,
            "OIL": 628804.8000000002,
            "WATER": 407942.6000000004
        },
        "LDINJ": {
            "OIL": 2328.1000000000004,
            "WATER": 88595.3
        },
        "LDINVADJ": {
            "OIL": 9.4,
            "WATER": -54399.600000000006
        },
        "LDINVCL": {
            "COND": 2.6,
            "OIL": 3258.900000000002,
            "WATER": 564681.3999999999
        },
        "LDINVOP": {
            "COND": 3.0,
            "OIL": 3120.5,
            "WATER": 572348.9000000007
        },
        "LDREC": {
            "COND": 0.4,
            "OIL": 2199.1,
            "WATER": 44863.200000000004
        },
        "PROC": {
            "C2-MX": 119.9,
            "C3-MX": 3978.7000000000003,
            "C3-SP": 14068.8,
            "C4-MX": 2476.2,
            "C4-SP": 6096.1,
            "C5-MX": 1234.8,
            "C5-SP": 5704.2
        },
        "PROD": {
            "CO2": 279.00000000000006,
            "COND": 55.9,
            "FSHWTR": 1743247.7,
            "GAS": 264746.29999999807,
            "HELIUM": 102.1,
            "N2": 12773.1,
            "OIL": 1336679.099999999,
            "WATER": 22412511.10000003
        },
        "PURDISP": {
            "OIL": 2073.7000000000003
        },
        "PURREC": {
            "OIL": 1652.8000000000002
        },
        "REC": {
            "BRINE": 3122566.7,
            "C2-MX": 88.1,
            "C3-MX": 4181.2,
            "C3-SP": 7837.5,
            "C4-MX": 0.0,
            "C4-SP": 58003.3,
            "C5-MX": 817.5,
            "C5-SP": 20.9,
            "CO2": 120.9,
            "CO2-MX": 611590.6000000001,
            "CO2-SP": 57964.2,
            "COND": 270825.29999999993,
            "FSHWTR": 2377676.5,
            "GAS": 5188474.499999999,
            "HELIUM": 72.6,
            "IC4-MX": 1761.5,
            "IC5-MX": 930.2,
            "N2": 10050.3,
            "NC4-MX": 1486.6999999999998,
            "NC5-MX": 0.0,
            "OIL": 4129770.1,
            "POLYMER": 23297.0,
            "SAND": 3.3,
            "SYNCRD": 241609.7,
            "WASTE": 52217.9,
            "WATER": 26550955.900000006
        },
        "SHR": {
            "ACGAS": 51.599999999999994,
            "C2-MX": 33.8,
            "C3-MX": 1082.8,
            "C3-SP": 3828.6,
            "C4-MX": 588.5,
            "C4-SP": 1449.0,
            "C5-MX": 255.10000000000002,
            "C5-SP": 1178.8,
            "COND": 44.5,
            "OIL": 4931.3
        },
        "SHUTIN": {},
        "SPILL": {
            "WATER": 31.8
        },
        "STINJ": {
            "CO2-MX": 636137.9000000001,
            "GAS": 1951.4
        },
        "STINVCL": {
            "C3-MX": 0.0,
            "CO2-MX": 41077348.5,
            "GAS": 3603.7999999999997
        },
        "STINVOP": {
            "C3-MX": 0.0,
            "CO2-MX": 40857527.800000004,
            "GAS": 3066.7
        },
        "STREC": {
            "CO2-MX": 43796.80000000001,
            "GAS": 3097.9
        },
        "VENT": {
            "CO2": 279.0,
            "CO2-MX": 2191.5999999999995,
            "ENTGAS": 1.0,
            "GAS": 13310.200000000132,
            "N2": 12773.099999999999
        }
    }
}