{
    "year": 2023,
    "month": "04",
    "pt": "Saskatchewan",
    "includes_ghgrp": false,
    "volume_by_activity": {
        "DIFF": {
            "GAS": {
                "BT": 0.0,
                "CT": 0.0,
                "GP": 621.3,
                "GS": -2633.7000000000003,
                "IF": 93.4,
                "PL": 14644.199999999999,
                "TM": 0.0,
                "WT": 0.0
            },
            "SOLV": {
                "BT": 0.0,
                "IF": -170.89999999999964
            },
            "WASTE": {
                "IF": 0.0
            },
            "WATER": {
                "BT": 0.0,
                "CT": 0.0,
                "GP": 0.0,
                "GS": 0.0,
                "IF": 22547.200000000008,
                "PL": 0.0,
                "TM": 0.0,
                "WT": 16429.000000000004
            }
        },
        "DISP": {
            "C1-MX": {
                "GP": 13.0
            },
            "C2-MX": {
                "GP": 131.8,
                "GS": 7.1,
                "PL": 73.2
            },
            "C2-SP": {
                "GP": 988.5,
                "PL": 988.5
            },
            "C3-MX": {
                "GP": 9215.3,
                "GS": 10.9,
                "PL": 6292.4
            },
            "C3-SP": {
                "GP": 10326.0,
                "TM": 8385.8
            },
            "C4-MX": {
                "GP": 956.6,
                "GS": 26.2
            },
            "C4-SP": {
                "GP": 7031.1,
                "PL": 266.5,
                "TM": 27999.800000000003
            },
            "C5-MX": {
                "GP": 1711.5,
                "GS": 96.0,
                "PL": 1037.1
            },
            "C5-SP": {
                "GP": 29.9
            },
            "CO2": {
                "BT": 340.60000000000014
            },
            "CO2-MX": {
                "BT": 54285.1
            },
            "CO2-SP": {
                "PL": 34570.7
            },
            "COND": {
                "GP": 4420.8,
                "GS": 4892.1,
                "PL": 72967.59999999999,
                "TM": 9457.2
            },
            "FSHWTR": {
                "BT": 12410.0,
                "IF": 6287.3,
                "WT": 2949533.5
            },
            "GAS": {
                "BT": 305585.4000000005,
                "GP": 66223.2,
                "GS": 221489.1000000001,
                "IF": 69.0,
                "PL": 4212107.7
            },
            "HELIUM": {
                "BT": 342.3000000000001,
                "GP": 275.20000000000005
            },
            "IC4-MX": {
                "GP": 1378.9,
                "PL": 849.7
            },
            "IC5-MX": {
                "GP": 54.8
            },
            "N2": {
                "BT": 41878.0
            },
            "NC4-MX": {
                "GP": 2649.9,
                "PL": 2277.5
            },
            "OIL": {
                "BT": 1802015.599999991,
                "CT": 179799.19999999995,
                "GP": 3255.5,
                "GS": 79.2,
                "IF": 2261.5,
                "PL": 3287250.3000000003,
                "TM": 990844.6999999997
            },
            "POLYMER": {
                "BT": 143604.2,
                "IF": 24422.0
            },
            "SAND": {
                "BT": 3798.6,
                "CT": 146.9,
                "GP": 4.0,
                "IF": 241.79999999999998,
                "PL": 0.4,
                "TM": 89.0,
                "WT": 2.2
            },
            "SYNCRD": {
                "PL": 183779.4
            },
            "WATER": {
                "BT": 24717544.09999999,
                "CT": 99147.20000000001,
                "GP": 354.20000000000005,
                "GS": 376.3,
                "IF": 259744.0,
                "PL": 5338.599999999999,
                "TM": 11896.500000000004,
                "WT": 1020348.9
            }
        },
        "FLARE": {
            "ACGAS": {
                "GP": 681.5
            },
            "ENTGAS": {
                "CT": 10.8,
                "IF": 1.1
            },
            "GAS": {
                "BT": 33157.49999999992,
                "CT": 55.7,
                "GP": 1235.0999999999997,
                "GS": 286.20000000000005,
                "IF": 20.3,
                "PL": 302.3,
                "TM": 189.3
            }
        },
        "FRAC": {
            "C3-MX": {
                "GP": -463.0
            },
            "C3-SP": {
                "GP": 463.0
            },
            "C4-SP": {
                "GP": 1978.2
            },
            "C5-SP": {
                "GP": 948.2
            },
            "IC4-MX": {
                "GP": -1978.2
            },
            "IC5-MX": {
                "GP": -948.2
            },
            "NC4-MX": {
                "GP": 0.0
            },
            "NC5-MX": {
                "GP": 0.0
            }
        },
        "FUEL": {
            "GAS": {
                "BT": 43637.89999999979,
                "CT": 1147.6999999999998,
                "GP": 5082.700000000001,
                "GS": 6082.800000000001,
                "IF": 68995.79999999999,
                "PL": 31751.6,
                "TM": 44.5,
                "WT": 1.7
            }
        },
        "IMBAL": {
            "C1-MX": {
                "GP": 0.0
            },
            "C2-MX": {
                "GP": 0.0,
                "GS": 0.0,
                "PL": 0.0
            },
            "C2-SP": {
                "GP": 0.0,
                "PL": 0.0
            },
            "C3-MX": {
                "GP": 0.0,
                "GS": 0.0,
                "PL": 0.0
            },
            "C3-SP": {
                "GP": 0.0,
                "TM": 0.0
            },
            "C4-MX": {
                "GP": 0.0,
                "GS": 0.0,
                "PL": 0.0
            },
            "C4-SP": {
                "GP": 0.0
            },
            "C5-MX": {
                "GP": 0.0,
                "GS": 0.0,
                "PL": 0.0
            },
            "C5-SP": {
                "GP": 0.0,
                "GS": 0.0
            },
            "CO2": {
                "BT": 0.0,
                "GP": 0.0
            },
            "CO2-SP": {
                "PL": 0.0
            },
            "HELIUM": {
                "BT": 0.0,
                "GP": 0.0
            },
            "OIL": {
                "BT": 0.0,
                "CT": 0.0,
                "PL": 0.0,
                "TM": 0.0
            }
        },
        "INJ": {
            "BRINE": {
                "IF": 3046648.6000000006
            },
            "GAS": {
                "IF": 456.1
            },
            "POLYMER": {
                "IF": 868966.1
            },
            "STEAM": {
                "IF": 964681.5000000002
            },
            "WASTE": {
                "IF": 55998.100000000006
            },
            "WATER": {
                "IF": 27626060.499999948
            }
        },
        "INVADJ": {
            "C4-SP": {
                "PL": 53.9
            },
            "COND": {
                "PL": -319.7
            },
            "OIL": {
                "PL": -1647.0
            },
            "WATER": {
                "PL": 373.3
            }
        },
        "INVCL": {
            "C2-MX": {
                "GP": 40.3
            },
            "C2-SP": {
                "PL": 1118.8
            },
            "C3-MX": {
                "GP": 2427.1
            },
            "C3-SP": {
                "GP": 1464.3,
                "TM": 363.0
            },
            "C4-MX": {
                "GP": 95.39999999999999
            },
            "C4-SP": {
                "GP": 681.7,
                "PL": 565.4,