{
    "year": 2022,
    "month": "06",
    "pt": "Saskatchewan",
    "includes_ghgrp": false,
    "volume_by_activity": {
        "DIFF": {
            "GAS": {
                "BT": 0.0,
                "CT": 0.0,
                "GP": 225.0,
                "GS": -316.30000000000007,
                "IF": -59.30000000000001,
                "PL": -7307.6,
                "TM": 0.0,
                "WT": 0.0
            },
            "SOLV": {
                "BT": 0.0,
                "IF": 6326.2
            },
            "WASTE": {
                "IF": 0.0
            },
            "WATER": {
                "BT": -2.0,
                "CT": 0.0,
                "GP": 0.0,
                "GS": 0.0,
                "IF": 13378.900000000003,
                "PL": -0.5,
                "TM": 20.0,
                "WT": -18919.5
            }
        },
        "DISP": {
            "C2-MX": {
                "GP": 147.1,
                "GS": 4.9,
                "PL": 118.2
            },
            "C3-MX": {
                "GP": 9421.5,
                "GS": 9.9,
                "PL": 5812.3,
                "TM": 63.1
            },
            "C3-SP": {
                "GP": 12086.199999999999,
                "TM": 12652.400000000001
            },
            "C4-MX": {
                "GP": 776.2,
                "GS": 27.3,
                "TM": 27.2
            },
            "C4-SP": {
                "GP": 7490.9,
                "TM": 21222.7
            },
            "C5-MX": {
                "GP": 1675.1,
                "GS": 93.4,
                "PL": 1062.5,
                "TM": 11.4
            },
            "C5-SP": {
                "GP": 26.9
            },
            "CO2": {
                "BT": 209.89999999999998
            },
            "CO2-MX": {
                "BT": 60711.600000000006
            },
            "CO2-SP": {
                "PL": 26269.0
            },
            "COND": {
                "GP": 6286.900000000001,
                "GS": 3688.4,
                "PL": 65969.70000000001,
                "TM": 9173.1
            },
            "FSHWTR": {
                "IF": 25038.6,
                "WT": 2743786.9999999995
            },
            "GAS": {
                "BT": 280940.4999999997,
                "GP": 64564.0,
                "GS": 213567.49999999968,
                "PL": 734556.8
            },
            "HELIUM": {
                "BT": 193.3,
                "GP": 152.3
            },
            "IC4-MX": {
                "GP": 1278.6,
                "PL": 1000.4
            },
            "IC5-MX": {
                "GP": 41.7
            },
            "N2": {
                "BT": 20597.7
            },
            "NC4-MX": {
                "GP": 2654.6000000000004,
                "PL": 2556.8
            },
            "OIL": {
                "BT": 1675325.2000000032,
                "CT": 164721.1,
                "GP": 2751.9,
                "IF": 1619.8999999999999,
                "PL": 3281611.8,
                "TM": 946250.7
            },
            "POLYMER": {
                "BT": 48793.4,
                "IF": 25882.5
            },
            "SAND": {
                "BT": 5670.700000000001,
                "CT": 173.29999999999998,
                "GP": 9.4,
                "IF": 450.8999999999999,
                "PL": 67.2,
                "TM": 84.4,
                "WT": 5.9
            },
            "SYNCRD": {
                "PL": 265811.8
            },
            "WATER": {
                "BT": 24026055.300000027,
                "CT": 111862.1,
                "GP": 246.1,
                "GS": 1105.1,
                "IF": 46601.60000000001,
                "PL": 4342.6,
                "TM": 13283.499999999998,
                "WT": 1043794.1
            }
        },
        "FLARE": {
            "ACGAS": {
                "GP": 567.8
            },
            "ENTGAS": {
                "CT": 5.0
            },
            "GAS": {
                "BT": 37944.59999999999,
                "CT": 21.4,
                "GP": 1100.2999999999997,
                "GS": 596.5000000000001,
                "TM": 157.5
            }
        },
        "FRAC": {
            "C3-MX": {
                "GP": -576.5
            },
            "C3-SP": {
                "GP": 576.5
            },
            "C4-SP": {
                "GP": 1598.2
            },
            "C5-SP": {
                "GP": 1043.5
            },
            "IC4-MX": {
                "GP": -1598.2
            },
            "IC5-MX": {
                "GP": -1043.5
            },
            "NC4-MX": {
                "GP": 0.0
            },
            "NC5-MX": {
                "GP": 0.0
            }
        },
        "FUEL": {
            "GAS": {
                "BT": 35851.20000000018,
                "CT": 816.0999999999999,
                "GP": 4945.099999999999,
                "GS": 6716.0,
                "IF": 6785.700000000001,
                "PL": 0.0,
                "TM": 21.8,
                "WT": 5.0
            }
        },
        "IMBAL": {
            "C2-MX": {
                "GP": 0.0,
                "GS": 0.0,
                "PL": 0.0
            },
            "C2-SP": {
                "PL": 0.0
            },
            "C3-MX": {
                "GP": 0.0,
                "GS": 0.0,
                "PL": 0.0,
                "TM": 0.0
            },
            "C3-SP": {
                "GP": 0.0,
                "TM": 0.0
            },
            "C4-MX": {
                "GP": 0.0,
                "GS": 0.0,
                "PL": 0.0,
                "TM": 0.0
            },
            "C4-SP": {
                "GP": 0.0
            },
            "C5-MX": {
                "GP": 0.0,
                "GS": 0.0,
                "PL": 0.0,
                "TM": 0.0
            },
            "C5-SP": {
                "GP": 0.0,
                "GS": 0.0
            },
            "CO2": {
                "BT": 0.0,
                "GP": 0.0
            },
            "CO2-SP": {
                "PL": 0.0
            },
            "HELIUM": {
                "BT": 0.0,
                "GP": 0.0
            },
            "OIL": {
                "BT": 0.0,
                "CT": 0.0,
                "IF": 0.0,
                "PL": 0.0,
                "TM": 0.0
            }
        },
        "INJ": {
            "AIR": {
                "IF": 1106.0
            },
            "BRINE": {
                "IF": 4128173.6
            },
            "GAS": {
                "IF": 345.0
            },
            "POLYMER": {
                "IF": 771116.4999999967
            },
            "STEAM": {
                "IF": 83461.79999999999
            },
            "WASTE": {
                "IF": 50198.6
            },
            "WATER": {
                "IF": 26906182.600000024
            }
        },
        "INVADJ": {
            "C4-SP": {
                "PL": 16.5
            },
            "COND": {
                "PL": -110.10000000000001
            },
            "OIL": {
                "PL": 224.89999999999992
            },
            "WATER": {
                "PL": -125.4
            }
        },
        "INVCL": {
            "C2-MX": {
                "GP": 15.6
            },
            "C2-SP": {
                "PL": 1118.8
            },
            "C3-MX": {
                "GP": 893.5999999999999
            },
            "C3-SP": {
                "GP": 420.3
            },
            "C4-MX": {
                "GP": 176.10000000000002
            },
            "C4-SP": {
                "GP": 404.0,
                "PL": 345.7,
                "TM": 10938.6
            },
            "C5-MX": {
                "GP": 52.6
            },
            "C5-SP": {
                "GP": 651.7
            },
            "CO2-SP": {
                "IF": 0.0
            },