{
    "year": 2024,
    "month": "05",
    "pt": "Saskatchewan",
    "includes_ghgrp": false,
    "volume_by_activity": {
        "DIFF": {
            "GAS": 20250.800000000003,
            "SOLV": 253.9,
            "WASTE": 0.0,
            "WATER": -1653.6000000000124
        },
        "DISP": {
            "ACGAS": 477.0,
            "C1-MX": 0.0,
            "C2-MX": 260.20000000000005,
            "C3-MX": 12275.5,
            "C3-SP": 28845.5,
            "C4-MX": 1112.3,
            "C4-SP": 24565.300000000003,
            "C5-MX": 2134.6,
            "C5-SP": 29.9,
            "CO2": 692.6,
            "CO2-MX": 71196.1,
            "CO2-SP": 11357.2,
            "COND": 72138.70000000001,
            "FSHWTR": 3118656.5,
            "GAS": 5511672.3,
            "HELIUM": 758.9999999999999,
            "IC4-MX": 3830.4000000000005,
            "IC5-MX": 62.7,
            "N2": 54357.7,
            "NC4-MX": 8627.5,
            "OIL": 6281748.0,
            "POLYMER": 165795.2,
            "SAND": 5491.500000000005,
            "SYNCRD": 48090.8,
            "WATER": 27142997.8
        },
        "FLARE": {
            "ACGAS": 226.4,
            "ENTGAS": 462.90000000000003,
            "GAS": 35707.9
        },
        "FRAC": {
            "C3-MX": -400.9,
            "C3-SP": 400.9,
            "C4-SP": 729.6,
            "C5-SP": 521.8,
            "IC4-MX": -729.6,
            "IC5-MX": -521.8,
            "NC4-MX": 0.0,
            "NC5-MX": 0.0
        },
        "FUEL": {
            "GAS": 163747.8999999998
        },
        "IMBAL": {
            "C1-MX": 0.0,
            "C2-MX": 0.0,
            "C2-SP": 0.0,
            "C3-MX": 0.0,
            "C3-SP": 0.0,
            "C4-MX": 0.0,
            "C4-SP": 0.0,
            "C5-MX": 0.0,
            "C5-SP": 0.0,
            "CO2": 0.0,
            "CO2-SP": 0.0,
            "HELIUM": 0.0,
            "OIL": 287.4
        },
        "INJ": {
            "ACGAS": 880.4,
            "BRINE": 3162668.3,
            "GAS": 1053.6,
            "POLYMER": 1025175.5,
            "STEAM": 827527.2,
            "WASTE": 23481.2,
            "WATER": 28948882.69999999
        },
        "INVADJ": {
            "C4-SP": 34.9,
            "COND": -2904.2,
            "OIL": 1458.1,
            "WATER": -218.79999999999995
        },
        "INVCL": {
            "C2-MX": 57.800000000000004,
            "C2-SP": 1118.8,
            "C3-MX": 1994.9,
            "C3-SP": 2423.0,
            "C4-MX": 54.5,
            "C4-SP": 12529.5,
            "C5-MX": 41.400000000000006,
            "C5-SP": 428.7,
            "CO2-SP": 0.0,
            "COND": 19785.1,
            "FSHWTR": 4443.400000000001,
            "GAS": 189747.7,
            "HELIUM": 25.200000000000003,
            "IC4-MX": 351.9,
            "IC5-MX": 0.6,
            "NC4-MX": 787.2,
            "NC5-MX": 327.8,
            "OIL": 827409.7000000004,
            "WATER": 402210.1999999999
        },
        "INVOP": {
            "C2-MX": 38.900000000000006,
            "C2-SP": 1118.8,
            "C3-MX": 1329.7,
            "C3-SP": 1399.5,
            "C4-MX": 38.5,
            "C4-SP": 12412.199999999999,
            "C5-MX": 30.799999999999997,
            "C5-SP": 524.0,
            "CO2-SP": 0.0,
            "COND": 15635.3,
            "FSHWTR": 4466.400000000001,
            "GAS": 187137.7,
            "HELIUM": 21.0,
            "IC4-MX": 267.5,
            "IC5-MX": 1.8,
            "NC4-MX": 524.2,
            "NC5-MX": 218.5,
            "OIL": 909069.6999999998,
            "WATER": 404170.50000000006
        },
        "LDINJ": {
            "OIL": 1289.9999999999998,
            "WATER": 11921.2
        },
        "LDINVADJ": {
            "OIL": -3.7,
            "WATER": -10785.900000000001
        },
        "LDINVCL": {
            "COND": 2.6,
            "OIL": 3242.900000000002,
            "WATER": 468284.1
        },
        "LDINVOP": {
            "COND": 2.6,
            "OIL": 3208.9000000000005,
            "WATER": 500128.0999999996
        },
        "LDREC": {
            "OIL": 1252.3,
            "WATER": 32977.499999999985
        },
        "PROC": {
            "C1-MX": 0.0,
            "C2-MX": 168.2,
            "C3-MX": 5915.3,
            "C3-SP": 12057.5,
            "C4-MX": 4560.2,
            "C4-SP": 4610.5,
            "C5-MX": 1688.1999999999998,
            "C5-SP": 7215.5
        },
        "PROD": {
            "CO2": 728.2000000000002,
            "COND": 1.0,
            "FSHWTR": 2020610.4000000001,
            "GAS": 284910.7999999982,
            "HELIUM": 401.4,
            "N2": 57762.299999999996,
            "OIL": 1434745.9000000006,
            "WATER": 25912315.299999952
        },
        "PURDISP": {
            "OIL": 4061.7
        },
        "PURREC": {
            "OIL": 2284.6
        },
        "REC": {
            "ACGAS": 880.4,
            "BRINE": 2574177.3,
            "C2-MX": 110.9,
            "C3-MX": 7428.6,
            "C3-SP": 17410.6,
            "C4-MX": 124.0,
            "C4-SP": 45273.8,
            "C5-MX": 723.8,
            "C5-SP": 272.5,
            "CO2": 692.5999999999999,
            "CO2-MX": 695054.6,
            "CO2-SP": 22714.4,
            "COND": 228694.09999999995,
            "FSHWTR": 2773491.5,
            "GAS": 5474929.8999999985,
            "HELIUM": 361.8,
            "IC4-MX": 3344.6000000000004,
            "IC5-MX": 521.8,
            "N2": 54357.7,
            "NC4-MX": 6758.4,
            "NC5-MX": 0.0,
            "OIL": 4584158.699999999,
            "POLYMER": 165795.2,
            "SYNCRD": 48231.8,
            "WASTE": 23481.2,
            "WATER": 30922956.499999985
        },
        "SHR": {
            "ACGAS": 78.3,
            "C1-MX": 0.0,
            "C2-MX": 47.4,
            "C3-MX": 1609.7,
            "C3-SP": 3281.2,
            "C4-MX": 1083.8999999999999,
            "C4-SP": 1095.8,
            "C5-MX": 348.80000000000007,
            "C5-SP": 1491.3000000000002,
            "COND": 70.2,
            "OIL": 4126.8
        },
        "SHUTIN": {},
        "STINJ": {
            "CO2-MX": 705836.4000000001,
            "GAS": 1568.7
        },
        "STINVCL": {
            "C3-MX": 0.0,
            "CO2-MX": 46485004.400000006,
            "GAS": 25162.800000000003
        },
        "STINVOP": {
            "C3-MX": 0.0,
            "CO2-MX": 46314941.49999999,
            "GAS": 25499.699999999997
        },
        "STREC": {
            "CO2-MX": 55424.90000000001,
            "GAS": 4966.8
        },
        "VENT": {
            "CO2": 728.2,
            "CO2-MX": 402.09999999999997,
            "ENTGAS": 1.1,
            "GAS": 11320.900000000152,
            "N2": 57762.3
        }
    }
}