{
    "year": 2024,
    "month": "12",
    "pt": "Saskatchewan",
    "includes_ghgrp": false,
    "volume_by_activity": {
        "DIFF": {
            "GAS": 71796.5,
            "SOLV": 3479.7,
            "WASTE": 0.0,
            "WATER": 8683.900000000001
        },
        "DISP": {
            "ACGAS": 347.6,
            "C2-MX": 371.3,
            "C3-MX": 10753.5,
            "C3-SP": 23449.8,
            "C4-MX": 912.8,
            "C4-SP": 30663.1,
            "C5-MX": 2793.3999999999996,
            "C5-SP": 2514.7000000000003,
            "CO2": 794.7,
            "CO2-MX": 80641.3,
            "CO2-SP": 28110.8,
            "COND": 109333.19999999998,
            "FSHWTR": 3225085.4,
            "GAS": 6447381.199999998,
            "HELIUM": 905.1,
            "IC4-MX": 2804.9000000000005,
            "IC5-MX": 165.6,
            "N2": 61130.69999999999,
            "NC4-MX": 7091.799999999999,
            "NC5-MX": 19.2,
            "OIL": 6302234.300000007,
            "POLYMER": 179497.3,
            "SAND": 4412.599999999996,
            "SYNCRD": 206670.0,
            "WATER": 27928502.70000002
        },
        "FLARE": {
            "ACGAS": 272.9,
            "ENTGAS": 312.5,
            "GAS": 34298.80000000001
        },
        "FRAC": {
            "C3-MX": -2322.1,
            "C3-SP": 2322.1,
            "C4-SP": 2121.8,
            "C5-SP": 1921.2,
            "IC4-MX": -2121.8,
            "IC5-MX": -1921.2,
            "NC4-MX": 0.0,
            "NC5-MX": 0.0
        },
        "FUEL": {
            "GAS": 180313.69999999978
        },
        "IMBAL": {
            "C2-MX": 0.0,
            "C2-SP": 0.0,
            "C3-MX": 0.0,
            "C3-SP": 0.0,
            "C4-MX": 0.0,
            "C4-SP": 0.0,
            "C5-MX": 0.0,
            "C5-SP": 0.0,
            "CO2": 0.0,
            "CO2-SP": 0.0,
            "HELIUM": 0.0,
            "OIL": 0.0
        },
        "INJ": {
            "ACGAS": 675.8,
            "BRINE": 3938562.0,
            "GAS": 797.6,
            "POLYMER": 1023546.5999999999,
            "STEAM": 852788.6,
            "WASTE": 78878.2,
            "WATER": 29585206.8
        },
        "INVADJ": {
            "C4-SP": 15.7,
            "COND": 42.99999999999999,
            "OIL": -1868.5,
            "WATER": -225.8
        },
        "INVCL": {
            "C2-MX": 25.9,
            "C2-SP": 1118.8,
            "C3-MX": 657.3,
            "C3-SP": 1031.9,
            "C4-MX": 28.7,
            "C4-SP": 12415.1,
            "C5-MX": 20.6,
            "C5-SP": 425.8,
            "CO2-SP": 0.0,
            "COND": 17349.899999999998,
            "FSHWTR": 4197.6,
            "GAS": 198867.9,
            "HELIUM": 26.000000000000004,
            "IC4-MX": 114.7,
            "IC5-MX": 0.0,
            "NC4-MX": 268.2,
            "NC5-MX": 136.79999999999998,
            "OIL": 643750.1000000002,
            "WATER": 384047.2
        },
        "INVOP": {
            "C2-MX": 44.4,
            "C2-SP": 1118.8,
            "C3-MX": 1242.1,
            "C3-SP": 1141.4,
            "C4-MX": 20.400000000000002,
            "C4-SP": 12237.200000000003,
            "C5-MX": 15.899999999999999,
            "C5-SP": 303.5,
            "CO2-SP": 0.0,
            "COND": 18841.3,
            "FSHWTR": 4553.0,
            "GAS": 195697.4,
            "HELIUM": 29.5,
            "IC4-MX": 208.79999999999998,
            "IC5-MX": 0.0,
            "NC4-MX": 514.8,
            "NC5-MX": 263.20000000000005,
            "OIL": 629892.6999999996,
            "WATER": 381011.9999999998
        },
        "LDINJ": {
            "COND": 70.0,
            "OIL": 1510.8,
            "WATER": 41851.59999999999
        },
        "LDINVADJ": {
            "OIL": -9.8,
            "WATER": -17405.899999999994
        },
        "LDINVCL": {
            "COND": 22.6,
            "OIL": 3072.0000000000014,
            "WATER": 499896.19999999984
        },
        "LDINVOP": {
            "COND": 2.6,
            "OIL": 3049.500000000002,
            "WATER": 517736.00000000064
        },
        "LDREC": {
            "COND": 50.0,
            "OIL": 1478.5,
            "WATER": 42328.799999999974
        },
        "PROC": {
            "C2-MX": 196.3,
            "C3-MX": 5203.8,
            "C3-SP": 11958.5,
            "C4-MX": 3704.7,
            "C4-SP": 5172.4,
            "C5-MX": 1796.2,
            "C5-SP": 7442.9
        },
        "PROD": {
            "CO2": 798.4000000000001,
            "FSHWTR": 1850969.4,
            "GAS": 264567.09999999905,
            "HELIUM": 456.5,
            "N2": 63363.79999999999,
            "OIL": 1430754.7000000014,
            "WATER": 26552651.299999982
        },
        "PURDISP": {
            "OIL": 2814.7999999999993
        },
        "PURREC": {
            "OIL": 2353.6
        },
        "REC": {
            "ACGAS": 675.8,
            "BRINE": 3337731.0,
            "C2-MX": 156.5,
            "C3-MX": 7288.599999999999,
            "C3-SP": 9059.7,
            "C4-MX": 95.6,
            "C4-SP": 55726.9,
            "C5-MX": 1149.8999999999999,
            "C5-SP": 2597.4,
            "CO2": 794.7,
            "CO2-MX": 743496.8999999999,
            "CO2-SP": 56221.6,
            "COND": 264304.60000000003,
            "FSHWTR": 3053723.4000000004,
            "GAS": 6489835.499999999,
            "HELIUM": 445.1,
            "IC4-MX": 3896.7000000000003,
            "IC5-MX": 1921.2,
            "N2": 61130.69999999999,
            "NC4-MX": 4997.5,
            "NC5-MX": 0.0,
            "OIL": 4692102.199999999,
            "POLYMER": 179497.3,
            "SYNCRD": 206932.3,
            "WASTE": 78878.2,
            "WATER": 31771568.6
        },
        "SHR": {
            "ACGAS": 56.2,
            "C2-MX": 55.3,
            "C3-MX": 1416.1000000000001,
            "C3-SP": 3254.2,
            "C4-MX": 880.5,
            "C4-SP": 1229.3,
            "C5-MX": 371.3,
            "C5-SP": 1538.0,
            "COND": 55.9,
            "OIL": 4641.799999999999
        },
        "SHUTIN": {},
        "STINJ": {
            "CO2-MX": 755132.5,
            "GAS": 2587.9
        },
        "STINVCL": {
            "C3-MX": 0.0,
            "CO2-MX": 47729927.9,
            "GAS": 23468.6
        },
        "STINVOP": {
            "C3-MX": 0.0,
            "CO2-MX": 47502240.49999999,
            "GAS": 23297.9
        },
        "STREC": {
            "CO2-MX": 70912.3,
            "GAS": 6945.7
        },
        "VENT": {
            "CO2": 798.4000000000001,
            "CO2-MX": 84.0,
            "ENTGAS": 1.1,
            "GAS": 11040.500000000164,
            "N2": 63363.79999999999
        }
    }
}