{
    "year": 2023,
    "month": "01",
    "pt": "Saskatchewan",
    "includes_ghgrp": false,
    "volume_by_activity": {
        "DIFF": {
            "GAS": 33991.5,
            "SOLV": -594.8000000000002,
            "WASTE": 0.0,
            "WATER": 11057.999999999995
        },
        "DISP": {
            "C2-MX": 389.7,
            "C3-MX": 13450.5,
            "C3-SP": 26396.4,
            "C4-MX": 696.2,
            "C4-SP": 31799.199999999997,
            "C5-MX": 3159.2,
            "C5-SP": 92.8,
            "CO2": 339.00000000000006,
            "CO2-MX": 62092.2,
            "CO2-SP": 36760.7,
            "COND": 107271.40000000002,
            "FSHWTR": 3120511.8999999994,
            "GAS": 5616755.7,
            "HELIUM": 514.7000000000002,
            "IC4-MX": 2704.9,
            "IC5-MX": 166.39999999999998,
            "N2": 33905.0,
            "NC4-MX": 5218.6,
            "OIL": 6671721.100000001,
            "POLYMER": 139929.1,
            "SAND": 6426.400000000011,
            "SYNCRD": 252200.6,
            "WATER": 27103021.300000016
        },
        "FIRE": {
            "OIL": 9.2
        },
        "FLARE": {
            "ACGAS": 718.4000000000001,
            "ENTGAS": 14.5,
            "GAS": 37274.799999999974
        },
        "FRAC": {
            "C3-MX": -429.7,
            "C3-SP": 429.7,
            "C4-SP": 1714.9,
            "C5-SP": 990.5,
            "IC4-MX": -1714.9,
            "IC5-MX": -990.5,
            "NC4-MX": 0.0,
            "NC5-MX": 0.0
        },
        "FUEL": {
            "GAS": 178760.59999999966
        },
        "IMBAL": {
            "C2-MX": 0.0,
            "C2-SP": 0.0,
            "C3-MX": 0.0,
            "C3-SP": 0.0,
            "C4-MX": 0.0,
            "C4-SP": 0.0,
            "C5-MX": 0.0,
            "C5-SP": 0.0,
            "CO2": 0.0,
            "CO2-SP": 0.0,
            "HELIUM": 0.0,
            "OIL": 0.0
        },
        "INJ": {
            "BRINE": 3841071.4000000004,
            "GAS": 430.5,
            "POLYMER": 893137.1000000001,
            "STEAM": 967632.7000000002,
            "WASTE": 84086.7,
            "WATER": 28368302.500000007
        },
        "INVADJ": {
            "C4-SP": 35.5,
            "COND": 257.3,
            "OIL": 424.80000000000007,
            "WATER": 267.99999999999994
        },
        "INVCL": {
            "C2-MX": 23.700000000000003,
            "C2-SP": 1118.8,
            "C3-MX": 793.4999999999999,
            "C3-SP": 663.2,
            "C4-MX": 133.1,
            "C4-SP": 11751.199999999999,
            "C5-MX": 45.900000000000006,
            "C5-SP": 415.40000000000003,
            "CO2-SP": 0.0,
            "COND": 13823.1,
            "FSHWTR": 3445.6,
            "GAS": 167492.4,
            "HELIUM": 23.5,
            "IC4-MX": 101.60000000000001,
            "IC5-MX": 0.0,
            "NC4-MX": 246.29999999999998,
            "NC5-MX": 164.6,
            "OIL": 790057.7000000001,
            "WATER": 409519.8000000007
        },
        "INVOP": {
            "C2-MX": 47.900000000000006,
            "C2-SP": 1118.8,
            "C3-MX": 1904.7,
            "C3-SP": 1619.6,
            "C4-MX": 69.30000000000001,
            "C4-SP": 11742.5,
            "C5-MX": 31.2,
            "C5-SP": 451.40000000000003,
            "CO2-SP": 0.0,
            "COND": 16546.500000000004,
            "FSHWTR": 4487.799999999999,
            "GAS": 158119.3,
            "HELIUM": 14.599999999999998,
            "IC4-MX": 205.6,
            "IC5-MX": 0.0,
            "NC4-MX": 495.90000000000003,
            "NC5-MX": 334.6,
            "OIL": 775148.7999999997,
            "WATER": 412395.4000000011
        },
        "LDINJ": {
            "OIL": 1920.1999999999998,
            "WATER": 83924.09999999999
        },
        "LDINVADJ": {
            "OIL": -9.4,
            "WATER": -38886.5
        },
        "LDINVCL": {
            "COND": 2.6,
            "OIL": 3629.8000000000006,
            "WATER": 625426.8
        },
        "LDINVOP": {
            "COND": 2.6,
            "OIL": 3386.8000000000006,
            "WATER": 628838.4999999999
        },
        "LDREC": {
            "OIL": 1667.8,
            "WATER": 48449.30000000004
        },
        "PROC": {
            "C2-MX": 179.4,
            "C3-MX": 5269.3,
            "C3-SP": 13530.3,
            "C4-MX": 3701.7999999999997,
            "C4-SP": 5713.1,
            "C5-MX": 1862.3000000000002,
            "C5-SP": 6798.5
        },
        "PROD": {
            "CO2": 403.0,
            "FSHWTR": 1986719.8,
            "GAS": 288124.2999999979,
            "HELIUM": 284.1000000000001,
            "N2": 37324.9,
            "OIL": 1575285.1000000022,
            "WATER": 25660540.100000013
        },
        "PURDISP": {
            "OIL": 2047.3000000000002
        },
        "PURREC": {
            "OIL": 1142.5
        },
        "REC": {
            "BRINE": 3140557.0,
            "C2-MX": 186.1,
            "C3-MX": 7499.7,
            "C3-SP": 11480.0,
            "C4-MX": 0.0,
            "C4-SP": 57697.60000000001,
            "C5-MX": 1308.0,
            "C5-SP": 92.8,
            "CO2": 339.0,
            "CO2-MX": 749778.6000000001,
            "CO2-SP": 73521.4,
            "COND": 258122.2,
            "FSHWTR": 3025994.3,
            "GAS": 5609408.100000001,
            "HELIUM": 239.5,
            "IC4-MX": 3044.9,
            "IC5-MX": 990.5,
            "N2": 33905.0,
            "NC4-MX": 3298.1000000000004,
            "NC5-MX": 0.0,
            "OIL": 4918769.4,
            "POLYMER": 139929.1,
            "SYNCRD": 252366.4,
            "WASTE": 84086.7,
            "WATER": 30524703.2
        },
        "SHR": {
            "ACGAS": 55.2,
            "C2-MX": 50.5,
            "C3-MX": 1433.8999999999999,
            "C3-SP": 3682.0,
            "C4-MX": 879.7000000000002,
            "C4-SP": 1357.9,
            "C5-MX": 384.79999999999995,
            "C5-SP": 1405.0,
            "COND": 45.4,
            "OIL": 4291.599999999999
        },
        "SHUTIN": {},
        "SPILL": {
            "WATER": 11.9
        },
        "STINJ": {
            "CO2-MX": 787887.3,
            "GAS": 2104.5
        },
        "STINVCL": {
            "C3-MX": 0.0,
            "CO2-MX": 43605109.9,
            "GAS": 9348.800000000001
        },
        "STINVOP": {
            "C3-MX": 0.0,
            "CO2-MX": 43364341.699999996,
            "GAS": 8345.400000000001
        },
        "STREC": {
            "CO2-MX": 61339.200000000004,
            "GAS": 6495.2
        },
        "VENT": {
            "CO2": 403.0,
            "CO2-MX": 1023.1,
            "ENTGAS": 1.1,
            "GAS": 14588.000000000155,
            "N2": 37324.9
        }
    }
}