{
    "year": 2022,
    "month": "08",
    "pt": "Saskatchewan",
    "includes_ghgrp": false,
    "volume_by_activity": {
        "DIFF": {
            "GAS": {
                "BT": 0.0,
                "CT": 0.0,
                "GP": 715.3,
                "GS": -322.8,
                "IF": 73.30000000000001,
                "PL": 1338.8,
                "TM": 0.0,
                "WT": 0.0
            },
            "SOLV": {
                "BT": 0.0,
                "IF": 5731.9
            },
            "WASTE": {
                "IF": 0.0
            },
            "WATER": {
                "BT": 0.0,
                "CT": 0.0,
                "GP": 0.0,
                "GS": 0.0,
                "IF": 63764.90000000002,
                "PL": -0.7,
                "TM": 0.0,
                "WT": -58841.5
            }
        },
        "DISP": {
            "C2-MX": {
                "GP": 129.1,
                "GS": 3.5,
                "PL": 101.1
            },
            "C2-SP": {
                "GP": 1211.9,
                "PL": 1211.9
            },
            "C3-MX": {
                "GP": 16317.1,
                "GS": 7.0,
                "PL": 9279.4
            },
            "C3-SP": {
                "GP": 9030.1,
                "TM": 9281.7
            },
            "C4-MX": {
                "GP": 835.5,
                "GS": 19.2
            },
            "C4-SP": {
                "GP": 8178.0,
                "TM": 22520.2
            },
            "C5-MX": {
                "GP": 1698.1,
                "GS": 66.0,
                "PL": 918.8
            },
            "C5-SP": {
                "GP": 0.0
            },
            "CO2": {
                "BT": 394.9
            },
            "CO2-MX": {
                "BT": 67151.0
            },
            "CO2-SP": {
                "PL": 35531.1
            },
            "COND": {
                "GP": 7503.2,
                "GS": 3076.1000000000004,
                "PL": 74642.1,
                "TM": 15152.4
            },
            "FSHWTR": {
                "IF": 23821.3,
                "WT": 3012335.4
            },
            "GAS": {
                "BT": 306952.20000000024,
                "GP": 63602.50000000001,
                "GS": 227088.60000000033,
                "PL": 4600417.399999999
            },
            "HELIUM": {
                "BT": 216.79999999999998,
                "GP": 179.2
            },
            "IC4-MX": {
                "GP": 1153.1000000000001,
                "PL": 656.7
            },
            "IC5-MX": {
                "GP": 55.3
            },
            "N2": {
                "BT": 27551.700000000008
            },
            "NC4-MX": {
                "GP": 1778.8,
                "PL": 1736.3
            },
            "OIL": {
                "BT": 1847070.5000000033,
                "CT": 166370.8,
                "GP": 1927.1000000000004,
                "IF": 1425.6000000000004,
                "PL": 3389522.6999999997,
                "TM": 1022974.4
            },
            "POLYMER": {
                "BT": 62116.6,
                "IF": 25224.6
            },
            "SAND": {
                "BT": 6041.300000000002,
                "CT": 207.1,
                "GP": 0.2,
                "IF": 287.00000000000006,
                "PL": 79.0,
                "TM": 92.4
            },
            "SYNCRD": {
                "PL": 230464.5
            },
            "WATER": {
                "BT": 25544046.700000025,
                "CT": 109569.29999999999,
                "GP": 283.6,
                "GS": 1119.6,
                "IF": 277170.7,
                "PL": 4956.6,
                "TM": 13963.400000000003,
                "WT": 1114609.0
            }
        },
        "FLARE": {
            "ACGAS": {
                "GP": 649.0999999999999
            },
            "ENTGAS": {
                "CT": 6.1
            },
            "GAS": {
                "BT": 37147.69999999996,
                "CT": 65.2,
                "GP": 1201.0999999999997,
                "GS": 437.2,
                "PL": 25.3,
                "TM": 152.3
            }
        },
        "FRAC": {
            "C3-MX": {
                "GP": -685.6
            },
            "C3-SP": {
                "GP": 685.6
            },
            "C4-SP": {
                "GP": 2041.8
            },
            "C5-SP": {
                "GP": 1247.6
            },
            "IC4-MX": {
                "GP": -2041.8
            },
            "IC5-MX": {
                "GP": -1247.6
            },
            "NC4-MX": {
                "GP": 0.0
            },
            "NC5-MX": {
                "GP": 0.0
            }
        },
        "FUEL": {
            "GAS": {
                "BT": 41219.400000000045,
                "CT": 717.4000000000001,
                "GP": 4837.6,
                "GS": 6376.4000000000015,
                "IF": 65086.100000000006,
                "PL": 56580.0,
                "TM": 13.7,
                "WT": 2.2
            }
        },
        "IMBAL": {
            "C2-MX": {
                "GP": 0.0,
                "GS": 0.0,
                "PL": 0.0
            },
            "C2-SP": {
                "GP": 0.0,
                "PL": 0.0
            },
            "C3-MX": {
                "GP": 0.0,
                "GS": 0.0,
                "PL": 0.0
            },
            "C3-SP": {
                "GP": 0.0,
                "TM": 0.0
            },
            "C4-MX": {
                "GP": 0.0,
                "GS": 0.0,
                "PL": 0.0
            },
            "C4-SP": {
                "GP": 0.0
            },
            "C5-MX": {
                "GP": 0.0,
                "GS": 0.0,
                "PL": 0.0
            },
            "C5-SP": {
                "GP": 0.0,
                "GS": 0.0
            },
            "CO2": {
                "BT": 0.0,
                "GP": 0.0
            },
            "CO2-SP": {
                "PL": 0.0
            },
            "HELIUM": {
                "BT": 0.0,
                "GP": 0.0
            },
            "OIL": {
                "BT": 0.0,
                "CT": 0.0,
                "IF": 0.0,
                "PL": 0.0,
                "TM": 0.0
            }
        },
        "INJ": {
            "AIR": {
                "IF": 701.0
            },
            "BRINE": {
                "IF": 3905317.7
            },
            "GAS": {
                "IF": 463.4
            },
            "POLYMER": {
                "IF": 828924.8999999998
            },
            "STEAM": {
                "IF": 905362.8999999999
            },
            "WASTE": {
                "IF": 33416.2
            },
            "WATER": {
                "IF": 28320712.299999963
            }
        },
        "INVADJ": {
            "C4-SP": {
                "PL": -1.9
            },
            "COND": {
                "PL": -199.5
            },
            "OIL": {
                "PL": 504.29999999999995
            },
            "WATER": {
                "PL": -173.60000000000002
            }
        },
        "INVCL": {
            "C2-MX": {
                "GP": 45.6
            },
            "C2-SP": {
                "PL": 1118.8
            },
            "C3-MX": {
                "GP": 2076.9
            },
            "C3-SP": {
                "GP": 823.3
            },
            "C4-MX": {
                "GP": 150.3
            },
            "C4-SP": {
                "GP": 294.0,
                "PL": 442.2,
                "TM": 10970.600000000002
            },
            "C5-MX": {
                "GP": 79.4
            },
            "C5-SP": {
                "GP": 632.8
            },
            "CO2-SP": {
                "IF": 0.0
            },
            "COND": {
                "GP": 118.6,
                "GS": 1229.1,