{
    "year": 2024,
    "month": "08",
    "pt": "Saskatchewan",
    "includes_ghgrp": false,
    "volume_by_activity": {
        "DIFF": {
            "GAS": {
                "BT": 48.3,
                "CT": 0.0,
                "GP": 2492.8,
                "GS": -581.8,
                "IF": 69.7,
                "PL": 14892.6,
                "TM": 0.0,
                "WT": 0.0
            },
            "SOLV": {
                "BT": 0.0,
                "IF": 3677.6
            },
            "WASTE": {
                "IF": 2.9
            },
            "WATER": {
                "BT": 0.0,
                "CT": 0.0,
                "GP": 0.3,
                "GS": 0.0,
                "IF": -13288.799999999997,
                "PL": -0.3,
                "TM": 0.4,
                "WT": -17830.800000000003
            }
        },
        "DISP": {
            "ACGAS": {
                "GP": 355.6
            },
            "C2-MX": {
                "GP": 209.29999999999998,
                "PL": 162.1
            },
            "C3-MX": {
                "GP": 8608.2,
                "GS": 19.1,
                "PL": 7027.9
            },
            "C3-SP": {
                "GP": 3529.2000000000003,
                "TM": 11285.6
            },
            "C4-MX": {
                "GP": 1061.0,
                "GS": 27.9
            },
            "C4-SP": {
                "GP": 546.1,
                "PL": 1887.6,
                "TM": 19418.5
            },
            "C5-MX": {
                "GP": 1940.0,
                "GS": 102.2,
                "PL": 1148.6
            },
            "C5-SP": {
                "GP": 0.0
            },
            "CO2": {
                "BT": 788.9
            },
            "CO2-MX": {
                "BT": 55723.2,
                "IF": 0.0
            },
            "CO2-SP": {
                "PL": 15089.3
            },
            "COND": {
                "BT": 2945.3,
                "GP": 4643.4,
                "GS": 4464.3,
                "PL": 54224.899999999994,
                "TM": 20897.300000000003
            },
            "FSHWTR": {
                "BT": 12576.0,
                "IF": 0.0,
                "WT": 3069092.2
            },
            "GAS": {
                "BT": 235318.09999999992,
                "CT": 28.8,
                "GP": 64793.399999999994,
                "GS": 205204.99999999985,
                "IF": 0.0,
                "PL": 791630.6
            },
            "HELIUM": {
                "BT": 447.3999999999999,
                "GP": 457.0
            },
            "IC4-MX": {
                "GP": 1374.3999999999999,
                "PL": 1303.6
            },
            "IC5-MX": {
                "GP": 40.8
            },
            "N2": {
                "BT": 60257.89999999999
            },
            "NC4-MX": {
                "GP": 3366.1,
                "PL": 3342.5
            },
            "NC5-MX": {
                "GP": 17.7
            },
            "OIL": {
                "BT": 1581185.1999999993,
                "CT": 177245.50000000003,
                "GP": 511.8,
                "GS": 80.0,
                "IF": 2227.5999999999995,
                "PL": 3537973.6999999997,
                "TM": 908883.8999999999
            },
            "POLYMER": {
                "BT": 161391.5
            },
            "SAND": {
                "BT": 4870.999999999997,
                "CT": 150.89999999999998,
                "GP": 1.4,
                "GS": 0.1,
                "IF": 246.40000000000003,
                "PL": 1.3,
                "TM": 73.39999999999999
            },
            "SYNCRD": {
                "PL": 324733.8
            },
            "WATER": {
                "BT": 25427403.800000083,
                "CT": 96772.9,
                "GP": 3276.7,
                "GS": 511.79999999999995,
                "IF": 51478.5,
                "PL": 5977.099999999999,
                "TM": 9785.100000000004,
                "WT": 1183306.7
            }
        },
        "FLARE": {
            "ACGAS": {
                "GP": 106.0
            },
            "ENTGAS": {
                "CT": 5.800000000000001,
                "TM": 495.6
            },
            "GAS": {
                "BT": 38786.499999999935,
                "CT": 66.2,
                "GP": 363.5,
                "GS": 392.1,
                "IF": 22.5,
                "PL": 358.4,
                "TM": 174.8
            }
        },
        "FRAC": {
            "C3-MX": {
                "GP": 0.0
            },
            "C3-SP": {
                "GP": 0.0
            },
            "C4-SP": {
                "GP": 0.0
            },
            "C5-SP": {
                "GP": 0.0
            },
            "IC4-MX": {
                "GP": 0.0
            },
            "IC5-MX": {
                "GP": 0.0
            },
            "NC4-MX": {
                "GP": 0.0
            },
            "NC5-MX": {
                "GP": 0.0
            }
        },
        "FUEL": {
            "GAS": {
                "BT": 34549.79999999996,
                "CT": 725.5999999999999,
                "GP": 3848.8999999999996,
                "GS": 4905.000000000002,
                "IF": 4022.8999999999996,
                "PL": 651.8,
                "TM": 27.0,
                "WT": 1.8
            }
        },
        "IMBAL": {
            "C2-MX": {
                "GP": 0.0,
                "PL": 0.0
            },
            "C2-SP": {
                "PL": 0.0
            },
            "C3-MX": {
                "GP": 0.0,
                "GS": 0.0,
                "PL": 0.0
            },
            "C3-SP": {
                "GP": 0.0,
                "TM": 0.0
            },
            "C4-MX": {
                "GP": 0.0,
                "GS": 0.0,
                "PL": 0.0
            },
            "C4-SP": {
                "GP": 0.0
            },
            "C5-MX": {
                "GP": 0.0,
                "GS": 0.0,
                "PL": 0.0
            },
            "C5-SP": {
                "GP": 0.0,
                "GS": 0.0
            },
            "CO2": {
                "BT": 0.0,
                "GP": 0.0
            },
            "CO2-SP": {
                "PL": 0.0
            },
            "HELIUM": {
                "BT": 0.0,
                "GP": 0.0
            },
            "OIL": {
                "BT": 0.0,
                "CT": 0.0,
                "IF": 0.0,
                "PL": 0.0,
                "TM": 0.0
            }
        },
        "INJ": {
            "ACGAS": {
                "IF": 417.3
            },
            "BRINE": {
                "IF": 2778299.099999999
            },
            "GAS": {
                "IF": 1357.9
            },
            "POLYMER": {
                "IF": 1029498.4000000005
            },
            "STEAM": {
                "IF": 56215.200000000004
            },
            "WASTE": {
                "IF": 72169.9
            },
            "WATER": {
                "IF": 29389284.799999986
            }
        },
        "INVADJ": {
            "C4-SP": {
                "PL": 10.1
            },
            "COND": {
                "PL": -383.20000000000005
            },
            "OIL": {
                "PL": -1169.1999999999998
            },
            "WATER": {
                "PL": -241.89999999999995
            }
        },
        "INVCL": {
            "C2-MX": {
                "GP": 22.0
            },
            "C2-SP": {
                "PL": 1118.8
            },
            "C3-MX": {
                "GP": 568.5
            },
            "C3-SP": {
                "GP": 355.09999999999997,
                "TM": 229.8
            },
            "C4-MX": {
                "GP": 30.6
            },
            "C4-SP": {
                "GP": 0.0,
                "PL": 352.6,