{
    "year": 2024,
    "month": "01",
    "pt": "Saskatchewan",
    "includes_ghgrp": false,
    "volume_by_activity": {
        "DIFF": {
            "GAS": 39467.299999999996,
            "SOLV": 4219.8,
            "WASTE": 0.0,
            "WATER": 51986.2
        },
        "DISP": {
            "ACGAS": 453.0,
            "C1-MX": 4.0,
            "C2-MX": 398.6,
            "C3-MX": 12698.699999999999,
            "C3-SP": 20799.4,
            "C4-MX": 1040.9,
            "C4-SP": 33761.600000000006,
            "C5-MX": 3005.3,
            "C5-SP": 13.9,
            "CO2": 608.4,
            "CO2-MX": 72250.40000000001,
            "CO2-SP": 33264.3,
            "COND": 119136.90000000001,
            "FSHWTR": 3168529.4,
            "GAS": 6235839.600000001,
            "HELIUM": 711.3000000000001,
            "IC4-MX": 2552.3999999999996,
            "IC5-MX": 66.3,
            "N2": 50184.30000000001,
            "NC4-MX": 5648.900000000001,
            "NC5-MX": 0.0,
            "OIL": 6524659.300000004,
            "POLYMER": 188833.6,
            "SAND": 4484.199999999999,
            "SYNCRD": 246929.6,
            "WATER": 27063070.799999997
        },
        "FLARE": {
            "ACGAS": 211.2,
            "ENTGAS": 242.0,
            "GAS": 36979.19999999995
        },
        "FRAC": {
            "C3-MX": -975.3,
            "C3-SP": 975.3,
            "C4-SP": 1610.9,
            "C5-SP": 935.3,
            "IC4-MX": -1610.9,
            "IC5-MX": -935.3,
            "NC4-MX": 0.0,
            "NC5-MX": 0.0
        },
        "FUEL": {
            "GAS": 173079.39999999973
        },
        "IMBAL": {
            "C1-MX": 0.0,
            "C2-MX": 0.0,
            "C2-SP": 0.0,
            "C3-MX": 0.0,
            "C3-SP": 0.0,
            "C4-MX": 0.0,
            "C4-SP": 0.0,
            "C5-MX": 0.0,
            "C5-SP": 0.0,
            "CO2": 0.0,
            "CO2-SP": 0.0,
            "HELIUM": 0.0,
            "OIL": 0.0
        },
        "INJ": {
            "ACGAS": 860.5,
            "AIR": 904.2,
            "BRINE": 2815671.9,
            "GAS": 1372.1,
            "POLYMER": 990678.1,
            "STEAM": 856868.0000000001,
            "WASTE": 58682.700000000004,
            "WATER": 28770856.000000007
        },
        "INVADJ": {
            "C4-SP": 26.8,
            "COND": -3.3000000000000114,
            "OIL": -961.6,
            "WATER": -199.5
        },
        "INVCL": {
            "C2-MX": 26.700000000000003,
            "C2-SP": 1118.8,
            "C3-MX": 767.6,
            "C3-SP": 997.6999999999999,
            "C4-MX": 23.2,
            "C4-SP": 12080.3,
            "C5-MX": 21.3,
            "C5-SP": 465.5,
            "CO2-SP": 0.0,
            "COND": 30907.899999999998,
            "FSHWTR": 4511.3,
            "GAS": 190906.8,
            "HELIUM": 21.6,
            "IC4-MX": 176.2,
            "IC5-MX": 0.0,
            "NC4-MX": 346.1,
            "NC5-MX": 171.6,
            "OIL": 760664.8000000004,
            "WATER": 445850.50000000006
        },
        "INVOP": {
            "C2-MX": 52.60000000000001,
            "C2-SP": 1118.8,
            "C3-MX": 1502.5,
            "C3-SP": 1901.8,
            "C4-MX": 60.3,
            "C4-SP": 12153.2,
            "C5-MX": 44.0,
            "C5-SP": 411.1,
            "CO2-SP": 0.0,
            "COND": 30478.299999999996,
            "FSHWTR": 4635.0,
            "GAS": 192594.5,
            "HELIUM": 19.8,
            "IC4-MX": 272.59999999999997,
            "IC5-MX": 0.0,
            "NC4-MX": 671.9,
            "NC5-MX": 333.5,
            "OIL": 802031.3000000002,
            "WATER": 396236.7000000001
        },
        "LDINJ": {
            "OIL": 1765.1000000000001,
            "WATER": 36036.59999999999
        },
        "LDINVADJ": {
            "OIL": 4.3,
            "WATER": -2556.4000000000005
        },
        "LDINVCL": {
            "COND": 2.6,
            "OIL": 3617.8000000000015,
            "WATER": 512475.9000000001
        },
        "LDINVOP": {
            "COND": 4.6,
            "OIL": 3266.700000000001,
            "WATER": 522371.7
        },
        "LDREC": {
            "COND": 2.0,
            "OIL": 1418.3000000000004,
            "WATER": 43376.00000000002
        },
        "PROC": {
            "C1-MX": 4.0,
            "C2-MX": 199.4,
            "C3-MX": 5259.099999999999,
            "C3-SP": 11506.2,
            "C4-MX": 4175.000000000001,
            "C4-SP": 4454.2,
            "C5-MX": 1732.4000000000003,
            "C5-SP": 6758.2
        },
        "PROD": {
            "CO2": 767.2,
            "FSHWTR": 1938983.5999999999,
            "GAS": 274926.9999999978,
            "HELIUM": 370.7,
            "N2": 51687.30000000001,
            "OIL": 1426356.0000000028,
            "WATER": 25901462.999999996
        },
        "PURDISP": {
            "OIL": 2022.9
        },
        "PURREC": {
            "OIL": 1103.5
        },
        "REC": {
            "ACGAS": 860.5,
            "BRINE": 2331951.0999999996,
            "C2-MX": 173.3,
            "C3-MX": 7683.799999999999,
            "C3-SP": 7413.8,
            "C4-MX": 207.6,
            "C4-SP": 57567.59999999999,
            "C5-MX": 1289.5,
            "C5-SP": 13.9,
            "CO2": 608.4,
            "CO2-MX": 702058.7,
            "CO2-SP": 66528.6,
            "COND": 282805.29999999993,
            "FSHWTR": 2779230.2,
            "GAS": 6233186.299999999,
            "HELIUM": 342.4,
            "IC4-MX": 2878.8,
            "IC5-MX": 935.3,
            "N2": 50184.3,
            "NC4-MX": 3340.0,
            "NC5-MX": 25.8,
            "OIL": 4860734.099999999,
            "POLYMER": 188833.6,
            "SYNCRD": 246938.6,
            "WASTE": 58682.7,
            "WATER": 30810409.1
        },
        "SHR": {
            "ACGAS": 62.5,
            "C1-MX": 1.7999999999999998,
            "C2-MX": 56.1,
            "C3-MX": 1431.0999999999997,
            "C3-SP": 3131.2,
            "C4-MX": 992.3,
            "C4-SP": 1058.7,
            "C5-MX": 357.9,
            "C5-SP": 1396.9,
            "COND": 73.0,
            "OIL": 4751.4
        },
        "SHUTIN": {},
        "STINJ": {
            "CO2-MX": 725758.5000000001,
            "GAS": 3284.7000000000003
        },
        "STINVCL": {
            "C3-MX": 0.0,
            "CO2-MX": 45827947.7,
            "GAS": 24513.8
        },
        "STINVOP": {
            "C3-MX": 0.0,
            "CO2-MX": 45623141.9,
            "GAS": 23472.3
        },
        "STREC": {
            "CO2-MX": 62953.4,
            "GAS": 5197.800000000001
        },
        "VENT": {
            "CO2": 767.2,
            "CO2-MX": 472.19999999999993,
            "ENTGAS": 1.1,
            "GAS": 11513.500000000095,
            "N2": 51687.299999999996
        }
    }
}