{
    "year": 2023,
    "month": "11",
    "pt": "Saskatchewan",
    "includes_ghgrp": false,
    "volume_by_activity": {
        "DIFF": {
            "GAS": 33405.0,
            "SOLV": 2021.1000000000001,
            "WASTE": 0.0,
            "WATER": 32204.39999999999
        },
        "DISP": {
            "ACGAS": 21.0,
            "C1-MX": 10.9,
            "C2-MX": 332.1,
            "C3-MX": 18493.6,
            "C3-SP": 20065.5,
            "C4-MX": 588.7,
            "C4-SP": 33835.3,
            "C5-MX": 2186.0,
            "C5-SP": 40.0,
            "CO2": 550.8000000000002,
            "CO2-MX": 79606.4,
            "CO2-SP": 33032.2,
            "COND": 99658.50000000001,
            "FSHWTR": 3068994.1999999997,
            "GAS": 5549662.800000001,
            "HELIUM": 694.5000000000001,
            "IC4-MX": 2353.8,
            "IC5-MX": 321.09999999999997,
            "N2": 50985.3,
            "NC4-MX": 4744.2,
            "NC5-MX": 130.7,
            "OIL": 6339982.400000002,
            "POLYMER": 171989.40000000002,
            "SAND": 5234.8000000000075,
            "SYNCRD": 253587.2,
            "WATER": 26402149.600000057
        },
        "FLARE": {
            "ACGAS": 649.7,
            "ENTGAS": 7.8,
            "GAS": 36334.199999999924
        },
        "FRAC": {
            "C3-MX": -976.5,
            "C3-SP": 976.5,
            "C4-SP": 2007.4,
            "C5-SP": 1412.1,
            "IC4-MX": -2007.4,
            "IC5-MX": -1412.1,
            "NC4-MX": 0.0,
            "NC5-MX": 0.0
        },
        "FUEL": {
            "GAS": 164660.3999999999
        },
        "IMBAL": {
            "C1-MX": 0.0,
            "C2-MX": 0.0,
            "C2-SP": 0.0,
            "C3-MX": 0.0,
            "C3-SP": 0.0,
            "C4-MX": 0.0,
            "C4-SP": 0.0,
            "C5-MX": 0.0,
            "C5-SP": 0.0,
            "CO2": 0.0,
            "CO2-SP": 0.0,
            "HELIUM": 0.0,
            "OIL": 0.0
        },
        "INJ": {
            "BRINE": 2610992.7,
            "GAS": 1487.6,
            "POLYMER": 916016.2,
            "STEAM": 817202.2000000001,
            "WASTE": 46381.3,
            "WATER": 28073509.100000016
        },
        "INVADJ": {
            "C4-SP": 22.5,
            "COND": 286.3,
            "OIL": -1502.4,
            "WATER": 97.4
        },
        "INVCL": {
            "C2-MX": 56.400000000000006,
            "C2-SP": 1118.8,
            "C3-MX": 1939.3000000000002,
            "C3-SP": 1607.0,
            "C4-MX": 46.099999999999994,
            "C4-SP": 12290.6,
            "C5-MX": 36.2,
            "C5-SP": 478.2,
            "CO2-SP": 0.0,
            "COND": 36377.3,
            "FSHWTR": 4426.500000000001,
            "GAS": 190781.1,
            "HELIUM": 17.900000000000002,
            "IC4-MX": 300.0,
            "IC5-MX": 0.0,
            "NC4-MX": 718.4,
            "NC5-MX": 356.6,
            "OIL": 641875.3999999997,
            "WATER": 395008.0000000004
        },
        "INVOP": {
            "C2-MX": 58.5,
            "C2-SP": 1118.8,
            "C3-MX": 2036.2,
            "C3-SP": 1807.4,
            "C4-MX": 41.9,
            "C4-SP": 12358.6,
            "C5-MX": 36.9,
            "C5-SP": 417.2,
            "CO2-SP": 0.0,
            "COND": 18816.3,
            "FSHWTR": 4198.7,
            "GAS": 175934.5,
            "HELIUM": 31.0,
            "IC4-MX": 354.5,
            "IC5-MX": 0.0,
            "NC4-MX": 743.5,
            "NC5-MX": 369.1,
            "OIL": 616133.4999999997,
            "WATER": 396446.1
        },
        "LDINJ": {
            "OIL": 1677.3000000000004,
            "WATER": 32701.5
        },
        "LDINVADJ": {
            "OIL": 0.0,
            "WATER": 19041.800000000003
        },
        "LDINVCL": {
            "COND": 14.9,
            "OIL": 3549.200000000001,
            "WATER": 543391.9000000003
        },
        "LDINVOP": {
            "COND": 26.900000000000002,
            "OIL": 3967.300000000002,
            "WATER": 547842.5999999996
        },
        "LDREC": {
            "COND": 12.0,
            "OIL": 2095.4,
            "WATER": 54203.19999999999
        },
        "PROC": {
            "C1-MX": 10.9,
            "C2-MX": 197.9,
            "C3-MX": 6662.4,
            "C3-SP": 10405.6,
            "C4-MX": 3860.5,
            "C4-SP": 5155.9,
            "C5-MX": 1783.3,
            "C5-SP": 10632.3
        },
        "PROD": {
            "CO2": 664.7,
            "FSHWTR": 1863682.8000000003,
            "GAS": 285677.49999999785,
            "HELIUM": 356.09999999999997,
            "N2": 52779.4,
            "OIL": 1457325.3999999992,
            "WATER": 25260031.10000011
        },
        "PURDISP": {
            "OIL": 2723.200000000001
        },
        "PURREC": {
            "OIL": 991.0999999999999
        },
        "REC": {
            "BRINE": 2139878.3,
            "C2-MX": 132.1,
            "C3-MX": 12714.099999999999,
            "C3-SP": 8483.0,
            "C4-MX": 341.5,
            "C4-SP": 56266.9,
            "C5-MX": 1017.0,
            "C5-SP": 40.0,
            "CO2": 550.8,
            "CO2-MX": 654017.4999999999,
            "CO2-SP": 66064.4,
            "COND": 265665.70000000007,
            "FSHWTR": 2628946.2,
            "GAS": 5535134.2,
            "HELIUM": 325.3,
            "IC4-MX": 3068.2000000000003,
            "IC5-MX": 1412.1,
            "N2": 50985.3,
            "NC4-MX": 2690.0,
            "NC5-MX": 0.0,
            "OIL": 4722607.100000001,
            "POLYMER": 171989.40000000002,
            "SYNCRD": 253851.5,
            "WASTE": 46381.3,
            "WATER": 30007657.100000013
        },
        "SHR": {
            "ACGAS": 65.7,
            "C1-MX": 4.8,
            "C2-MX": 55.6,
            "C3-MX": 1813.1,
            "C3-SP": 2831.7,
            "C4-MX": 917.5,
            "C4-SP": 1225.5,
            "C5-MX": 368.7,
            "C5-SP": 2197.2999999999997,
            "COND": 82.8,
            "OIL": 4443.600000000001
        },
        "SHUTIN": {},
        "STINJ": {
            "CO2-MX": 682468.7000000001,
            "GAS": 3843.5
        },
        "STINVCL": {
            "C3-MX": 0.0,
            "CO2-MX": 45388285.0,
            "GAS": 22443.7
        },
        "STINVOP": {
            "C3-MX": 0.0,
            "CO2-MX": 45221366.900000006,
            "GAS": 21234.899999999998
        },
        "STREC": {
            "CO2-MX": 78128.5,
            "GAS": 6806.8
        },
        "VENT": {
            "CO2": 664.7,
            "CO2-MX": 346.49999999999994,
            "ENTGAS": 1.0,
            "GAS": 13084.80000000013,
            "N2": 52779.40000000001
        }
    }
}