{
    "year": 2022,
    "month": "03",
    "pt": "Saskatchewan",
    "includes_ghgrp": false,
    "volume_by_activity": {
        "DIFF": {
            "GAS": 30625.4,
            "SOLV": 4394.9,
            "WASTE": 0.0,
            "WATER": 15171.000000000024
        },
        "DISP": {
            "C2-MX": 245.10000000000002,
            "C3-MX": 9498.400000000001,
            "C3-SP": 25239.9,
            "C4-MX": 965.8000000000001,
            "C4-SP": 49964.399999999994,
            "C5-MX": 2462.1,
            "C5-SP": 21.9,
            "CO2": 205.29999999999998,
            "CO2-MX": 50976.3,
            "CO2-SP": 35577.7,
            "COND": 100446.5,
            "FSHWTR": 2834359.5999999996,
            "GAS": 5551321.5,
            "HELIUM": 280.4,
            "IC4-MX": 1362.8,
            "IC5-MX": 17.2,
            "N2": 15525.3,
            "NC4-MX": 3254.8,
            "OIL": 6316572.399999998,
            "POLYMER": 25418.1,
            "SAND": 5428.400000000004,
            "SYNCRD": 145472.5,
            "WATER": 26961322.2000001
        },
        "FLARE": {
            "ACGAS": 589.4,
            "ENTGAS": 5.5,
            "GAS": 38749.19999999997
        },
        "FRAC": {
            "C3-MX": -503.8,
            "C3-SP": 503.8,
            "C4-SP": 1308.2,
            "C5-SP": 1020.6,
            "IC4-MX": -1308.2,
            "IC5-MX": -1020.6,
            "NC4-MX": 0.0,
            "NC5-MX": 0.0
        },
        "FUEL": {
            "GAS": 180467.19999999987
        },
        "IMBAL": {
            "C2-MX": 0.0,
            "C2-SP": 0.0,
            "C3-MX": 0.0,
            "C3-SP": 0.0,
            "C4-MX": 0.0,
            "C4-SP": 0.0,
            "C5-MX": 0.0,
            "C5-SP": 0.0,
            "CO2": 0.0,
            "CO2-SP": 0.0,
            "HELIUM": 0.0,
            "OIL": 0.0
        },
        "INJ": {
            "AIR": 2309.1000000000004,
            "BRINE": 4512362.6,
            "GAS": 366.7,
            "OIL": 2.0,
            "POLYMER": 777749.9,
            "STEAM": 843100.4999999999,
            "WASTE": 48912.200000000004,
            "WATER": 28184981.50000002
        },
        "INVADJ": {
            "C4-SP": 21.1,
            "COND": 5.5,
            "OIL": 12.099999999999909,
            "WATER": -246.10000000000002
        },
        "INVCL": {
            "C2-MX": 13.999999999999998,
            "C2-SP": 1118.8,
            "C3-MX": 1134.8000000000002,
            "C3-SP": 1678.0,
            "C4-MX": 164.4,
            "C4-SP": 11957.4,
            "C5-MX": 70.3,
            "C5-SP": 333.9,
            "CO2-SP": 0.0,
            "COND": 15656.699999999999,
            "FSHWTR": 4533.2,
            "GAS": 39521.0,
            "HELIUM": 5.5,
            "IC4-MX": 122.0,
            "IC5-MX": 21.3,
            "NC4-MX": 213.0,
            "NC5-MX": 120.3,
            "OIL": 636640.4000000008,
            "WATER": 383690.90000000014
        },
        "INVOP": {
            "C2-MX": 12.999999999999998,
            "C2-SP": 1118.8,
            "C3-MX": 587.6999999999999,
            "C3-SP": 1099.0,
            "C4-MX": 174.3,
            "C4-SP": 1215.0,
            "C5-MX": 43.7,
            "C5-SP": 317.1,
            "CO2-SP": 0.0,
            "COND": 17815.9,
            "FSHWTR": 3773.7999999999997,
            "GAS": 150665.9,
            "HELIUM": 12.5,
            "IC4-MX": 100.50000000000001,
            "IC5-MX": 10.8,
            "NC4-MX": 202.7,
            "NC5-MX": 114.3,
            "OIL": 589429.8999999997,
            "WATER": 400180.6000000003
        },
        "LDINJ": {
            "OIL": 1940.4999999999998,
            "WATER": 55053.5
        },
        "LDINVADJ": {
            "WATER": 37868.700000000004
        },
        "LDINVCL": {
            "COND": 2.6,
            "OIL": 3066.6000000000017,
            "WATER": 594970.4999999997
        },
        "LDINVOP": {
            "COND": 2.6,
            "OIL": 3204.3000000000015,
            "WATER": 563873.5
        },
        "LDREC": {
            "OIL": 2078.1999999999994,
            "WATER": 61825.19999999998
        },
        "PROC": {
            "C2-MX": 146.8,
            "C3-MX": 5313.500000000001,
            "C3-SP": 14525.3,
            "C4-MX": 3141.6,
            "C4-SP": 6657.7,
            "C5-MX": 1601.1000000000001,
            "C5-SP": 7187.199999999999
        },
        "PROD": {
            "CO2": 409.99999999999994,
            "COND": 63.9,
            "FSHWTR": 1909512.3999999997,
            "GAS": 301519.1999999988,
            "HELIUM": 155.29999999999998,
            "N2": 19630.600000000002,
            "OIL": 1549890.3000000021,
            "WATER": 25404865.299999963
        },
        "PURDISP": {
            "OIL": 1759.8999999999996
        },
        "PURREC": {
            "OIL": 1926.8
        },
        "REC": {
            "BRINE": 3924472.5,
            "C2-MX": 99.3,
            "C3-MX": 5235.8,
            "C3-SP": 10789.8,
            "C4-MX": 136.1,
            "C4-SP": 78682.39999999998,
            "C5-MX": 921.3,
            "C5-SP": 21.9,
            "CO2": 205.3,
            "CO2-MX": 772426.1,
            "CO2-SP": 71155.4,
            "COND": 252994.49999999997,
            "FSHWTR": 2570382.2,
            "GAS": 5413665.000000002,
            "HELIUM": 118.1,
            "IC4-MX": 1975.5,
            "IC5-MX": 1020.6,
            "N2": 15525.3,
            "NC4-MX": 1660.3,
            "NC5-MX": 0.0,
            "OIL": 4626688.000000002,
            "POLYMER": 25418.1,
            "SAND": 5.8,
            "SYNCRD": 145406.3,
            "WASTE": 48912.2,
            "WATER": 30299570.200000014
        },
        "SHR": {
            "ACGAS": 64.8,
            "C2-MX": 41.3,
            "C3-MX": 1445.9,
            "C3-SP": 3952.7,
            "C4-MX": 746.6,
            "C4-SP": 1582.4,
            "C5-MX": 330.79999999999995,
            "C5-SP": 1485.2999999999997,
            "COND": 53.800000000000004,
            "OIL": 3931.4999999999995
        },
        "SHUTIN": {},
        "STINJ": {
            "CO2-MX": 798042.7,
            "GAS": 2034.7000000000003
        },
        "STINVCL": {
            "C3-MX": 0.0,
            "CO2-MX": 41340101.9,
            "GAS": 4190.0
        },
        "STINVOP": {
            "C3-MX": 0.0,
            "CO2-MX": 41077348.5,
            "GAS": 3603.7999999999997
        },
        "STREC": {
            "C3-MX": 0.4,
            "CO2-MX": 50048.89999999999,
            "GAS": 3626.4
        },
        "VENT": {
            "C3-MX": 0.4,
            "CO2": 410.0,
            "CO2-MX": 1924.4,
            "ENTGAS": 1.1,
            "GAS": 14893.40000000011,
            "N2": 19630.6
        }
    }
}