{
    "year": 2023,
    "month": "01",
    "pt": "Saskatchewan",
    "includes_ghgrp": false,
    "volume_by_activity": {
        "DIFF": {
            "GAS": {
                "BT": 0.0,
                "CT": 0.0,
                "GP": 325.8,
                "GS": -1083.4,
                "IF": 0.0,
                "PL": 32318.5,
                "TM": 0.0,
                "WT": 0.0
            },
            "SOLV": {
                "BT": 0.0,
                "IF": -594.8000000000002
            },
            "WASTE": {
                "IF": 0.0
            },
            "WATER": {
                "BT": 0.0,
                "CT": 0.0,
                "GP": 0.0,
                "GS": 0.0,
                "IF": 19708.900000000005,
                "PL": 0.0,
                "TM": 0.0,
                "WT": -27493.199999999993
            }
        },
        "DISP": {
            "C2-MX": {
                "GP": 198.9,
                "GS": 4.7,
                "PL": 186.1
            },
            "C3-MX": {
                "GP": 7408.0,
                "GS": 9.5,
                "PL": 6033.0
            },
            "C3-SP": {
                "GP": 14916.4,
                "TM": 11480.0
            },
            "C4-MX": {
                "GP": 670.0,
                "GS": 26.2
            },
            "C4-SP": {
                "GP": 7586.7,
                "PL": 21.9,
                "TM": 24190.6
            },
            "C5-MX": {
                "GP": 1760.8,
                "GS": 90.4,
                "PL": 1308.0
            },
            "C5-SP": {
                "BT": 92.8,
                "GP": 0.0
            },
            "CO2": {
                "BT": 339.00000000000006
            },
            "CO2-MX": {
                "BT": 62092.200000000004
            },
            "CO2-SP": {
                "PL": 36760.7
            },
            "COND": {
                "GP": 7143.6,
                "GS": 4883.6,
                "PL": 87287.5,
                "TM": 7956.700000000001
            },
            "FSHWTR": {
                "BT": 14187.0,
                "IF": 4345.6,
                "WT": 3101979.3000000003
            },
            "GAS": {
                "BT": 280212.89999999985,
                "GP": 64340.700000000004,
                "GS": 221462.80000000048,
                "IF": 0.0,
                "PL": 928580.5
            },
            "HELIUM": {
                "BT": 292.8000000000001,
                "GP": 221.9
            },
            "IC4-MX": {
                "GP": 1639.6999999999998,
                "PL": 1065.2
            },
            "IC5-MX": {
                "GP": 166.39999999999998
            },
            "N2": {
                "BT": 33905.0
            },
            "NC4-MX": {
                "GP": 2609.3,
                "PL": 2609.3
            },
            "OIL": {
                "BT": 1822407.9000000062,
                "CT": 187174.9,
                "GP": 773.8999999999999,
                "IF": 2607.8000000000006,
                "PL": 3456629.8000000003,
                "TM": 1097780.7
            },
            "POLYMER": {
                "BT": 114628.0,
                "IF": 25301.1
            },
            "SAND": {
                "BT": 5696.999999999997,
                "CT": 152.6,
                "GP": 9.5,
                "IF": 292.09999999999997,
                "PL": 10.700000000000001,
                "TM": 90.50000000000001
            },
            "SYNCRD": {
                "PL": 252200.6
            },
            "WATER": {
                "BT": 25163543.200000048,
                "CT": 114951.4,
                "GP": 376.50000000000006,
                "GS": 397.0,
                "IF": 38995.600000000006,
                "PL": 4856.699999999999,
                "TM": 12015.400000000003,
                "WT": 1071874.4
            }
        },
        "FIRE": {
            "OIL": {
                "BT": 9.2
            }
        },
        "FLARE": {
            "ACGAS": {
                "GP": 718.3999999999999
            },
            "ENTGAS": {
                "CT": 11.8,
                "IF": 2.7
            },
            "GAS": {
                "BT": 34498.79999999991,
                "CT": 61.5,
                "GP": 1703.6000000000001,
                "GS": 547.3,
                "PL": 206.7,
                "TM": 194.3
            }
        },
        "FRAC": {
            "C3-MX": {
                "GP": -429.7
            },
            "C3-SP": {
                "GP": 429.7
            },
            "C4-SP": {
                "GP": 1714.9
            },
            "C5-SP": {
                "GP": 990.5
            },
            "IC4-MX": {
                "GP": -1714.9
            },
            "IC5-MX": {
                "GP": -990.5
            },
            "NC4-MX": {
                "GP": 0.0
            },
            "NC5-MX": {
                "GP": 0.0
            }
        },
        "FUEL": {
            "GAS": {
                "BT": 41314.599999999555,
                "CT": 1019.0,
                "GP": 5148.799999999999,
                "GS": 6291.500000000002,
                "IF": 4016.2,
                "PL": 1398.2,
                "TM": 83.1,
                "WT": 5.2
            }
        },
        "IMBAL": {
            "C2-MX": {
                "GP": 0.0,
                "GS": 0.0,
                "PL": 0.0
            },
            "C2-SP": {
                "PL": 0.0
            },
            "C3-MX": {
                "GP": 0.0,
                "GS": 0.0,
                "PL": 0.0
            },
            "C3-SP": {
                "GP": 0.0,
                "TM": 0.0
            },
            "C4-MX": {
                "GP": 0.0,
                "GS": 0.0,
                "PL": 0.0
            },
            "C4-SP": {
                "GP": 0.0
            },
            "C5-MX": {
                "GP": 0.0,
                "GS": 0.0,
                "PL": 0.0
            },
            "C5-SP": {
                "GP": 0.0,
                "GS": 0.0
            },
            "CO2": {
                "BT": 0.0,
                "GP": 0.0
            },
            "CO2-SP": {
                "PL": 0.0
            },
            "HELIUM": {
                "BT": 0.0,
                "GP": 0.0
            },
            "OIL": {
                "BT": 0.0,
                "CT": 0.0,
                "IF": 0.0,
                "PL": 0.0,
                "TM": 0.0
            }
        },
        "INJ": {
            "BRINE": {
                "IF": 3841071.4000000004
            },
            "GAS": {
                "IF": 430.5
            },
            "POLYMER": {
                "IF": 893137.0999999996
            },
            "STEAM": {
                "IF": 51318.600000000006
            },
            "WASTE": {
                "IF": 84086.7
            },
            "WATER": {
                "IF": 28368302.50000004
            }
        },
        "INVADJ": {
            "C4-SP": {
                "PL": 35.5
            },
            "COND": {
                "PL": 257.29999999999995
            },
            "OIL": {
                "PL": 424.80000000000007
            },
            "WATER": {
                "PL": 268.0
            }
        },
        "INVCL": {
            "C2-MX": {
                "GP": 23.7
            },
            "C2-SP": {
                "PL": 1118.8
            },
            "C3-MX": {
                "GP": 793.5
            },
            "C3-SP": {
                "GP": 663.2
            },
            "C4-MX": {
                "GP": 133.1
            },
            "C4-SP": {
                "GP": 184.8,
                "PL": 611.1,
                "TM": 10955.3
            },
            "C5-MX": {
                "GP": 45.900000000000006
            },
            "C5-SP": {
                "GP": 415.40000000000003
            },