{
    "year": 2024,
    "month": "09",
    "pt": "Saskatchewan",
    "includes_ghgrp": false,
    "volume_by_activity": {
        "DIFF": {
            "GAS": 15824.499999999998,
            "SOLV": 6369.2,
            "WASTE": 0.7,
            "WATER": 11993.899999999998
        },
        "DISP": {
            "ACGAS": 339.1,
            "C2-MX": 297.0,
            "C3-MX": 13283.8,
            "C3-SP": 24936.0,
            "C4-MX": 1211.8,
            "C4-SP": 26832.1,
            "C5-MX": 2785.2000000000003,
            "C5-SP": 1968.2,
            "CO2": 764.9999999999999,
            "CO2-MX": 63598.5,
            "CO2-SP": 14470.8,
            "COND": 63414.1,
            "FSHWTR": 2930968.3,
            "GAS": 5079586.2,
            "HELIUM": 899.5999999999999,
            "IC4-MX": 2557.3999999999996,
            "IC5-MX": 44.2,
            "N2": 59579.2,
            "NC4-MX": 5914.9,
            "NC5-MX": 33.1,
            "OIL": 5982734.000000002,
            "POLYMER": 177137.90000000002,
            "SAND": 5349.800000000004,
            "SYNCRD": 312188.9,
            "WATER": 26166201.999999978
        },
        "FLARE": {
            "ACGAS": 223.8,
            "ENTGAS": 285.5,
            "GAS": 41349.70000000001
        },
        "FRAC": {
            "C3-MX": -758.6,
            "C3-SP": 758.6,
            "C4-SP": 1361.4,
            "C5-SP": 1172.1,
            "IC4-MX": -1361.4,
            "IC5-MX": -1172.1,
            "NC4-MX": 0.0,
            "NC5-MX": 0.0
        },
        "FUEL": {
            "GAS": 152984.50000000006
        },
        "IMBAL": {
            "C2-MX": 0.0,
            "C2-SP": 0.0,
            "C3-MX": 0.0,
            "C3-SP": 0.0,
            "C4-MX": 0.0,
            "C4-SP": 0.0,
            "C5-MX": 0.0,
            "C5-SP": 0.0,
            "CO2": 0.0,
            "CO2-SP": 0.0,
            "HELIUM": 0.0,
            "OIL": 0.0
        },
        "INJ": {
            "ACGAS": 698.0,
            "BRINE": 3395723.8,
            "GAS": 941.1,
            "POLYMER": 983885.8999999999,
            "STEAM": 718528.8,
            "WASTE": 70831.3,
            "WATER": 27856971.700000003
        },
        "INVADJ": {
            "C4-SP": -8.3,
            "COND": 61.19999999999999,
            "OIL": 5652.7,
            "WATER": -270.9
        },
        "INVCL": {
            "C2-MX": 22.599999999999998,
            "C2-SP": 1118.8,
            "C3-MX": 614.6,
            "C3-SP": 2003.2,
            "C4-MX": 26.1,
            "C4-SP": 12590.2,
            "C5-MX": 21.799999999999997,
            "C5-SP": 453.9,
            "CO2-SP": 0.0,
            "COND": 32371.300000000003,
            "FSHWTR": 3071.4,
            "GAS": 191380.1,
            "HELIUM": 29.2,
            "IC4-MX": 159.2,
            "IC5-MX": 0.0,
            "NC4-MX": 252.4,
            "NC5-MX": 120.19999999999999,
            "OIL": 595156.2999999998,
            "WATER": 390119.9000000001
        },
        "INVOP": {
            "C2-MX": 22.0,
            "C2-SP": 1118.8,
            "C3-MX": 568.5,
            "C3-SP": 1656.8999999999999,
            "C4-MX": 30.6,
            "C4-SP": 12287.9,
            "C5-MX": 30.6,
            "C5-SP": 474.2,
            "CO2-SP": 0.0,
            "COND": 16690.8,
            "FSHWTR": 4227.0,
            "GAS": 175700.4,
            "HELIUM": 26.200000000000003,
            "IC4-MX": 166.89999999999998,
            "IC5-MX": 0.0,
            "NC4-MX": 232.7,
            "NC5-MX": 110.8,
            "OIL": 634628.4000000003,
            "WATER": 402198.1000000002
        },
        "LDINJ": {
            "COND": 14.9,
            "OIL": 1647.6,
            "WATER": 65281.19999999997
        },
        "LDINVADJ": {
            "OIL": -188.89999999999998,
            "WATER": -2795.7
        },
        "LDINVCL": {
            "COND": 2.6,
            "OIL": 3239.2000000000016,
            "WATER": 515699.50000000006
        },
        "LDINVOP": {
            "COND": 2.6,
            "OIL": 3450.6000000000017,
            "WATER": 489533.2000000002
        },
        "LDREC": {
            "COND": 14.9,
            "OIL": 1670.0999999999995,
            "WATER": 36319.19999999999
        },
        "PROC": {
            "C2-MX": 177.5,
            "C3-MX": 6972.9,
            "C3-SP": 11135.8,
            "C4-MX": 4339.200000000001,
            "C4-SP": 4367.9,
            "C5-MX": 1895.8000000000002,
            "C5-SP": 7425.1
        },
        "PROD": {
            "CO2": 767.2,
            "COND": 0.3,
            "FSHWTR": 1798362.7999999998,
            "GAS": 254191.10000000053,
            "HELIUM": 458.20000000000005,
            "N2": 62536.1,
            "OIL": 1339253.7000000018,
            "WATER": 24933291.600000028
        },
        "PURDISP": {
            "OIL": 3986.0000000000023
        },
        "PURREC": {
            "OIL": 2593.9
        },
        "REC": {
            "ACGAS": 698.0,
            "BRINE": 2754927.4,
            "C2-MX": 120.10000000000001,
            "C3-MX": 7118.8,
            "C3-SP": 13387.9,
            "C4-MX": 174.6,
            "C4-SP": 48571.899999999994,
            "C5-MX": 1042.9,
            "C5-SP": 2129.1,
            "CO2": 765.0,
            "CO2-MX": 564072.8,
            "CO2-SP": 28941.6,
            "COND": 214792.70000000004,
            "FSHWTR": 2833656.0,
            "GAS": 5070301.5,
            "HELIUM": 444.4,
            "IC4-MX": 2850.4,
            "IC5-MX": 1172.1,
            "N2": 59579.200000000004,
            "NC4-MX": 3863.4,
            "NC5-MX": 59.6,
            "OIL": 4429560.6,
            "POLYMER": 177137.90000000002,
            "SYNCRD": 312349.3,
            "WASTE": 70832.0,
            "WATER": 29762079.299999997
        },
        "SHR": {
            "ACGAS": 53.9,
            "C2-MX": 50.0,
            "C3-MX": 1897.5999999999997,
            "C3-SP": 3030.4,
            "C4-MX": 1031.3000000000002,
            "C4-SP": 1038.1,
            "C5-MX": 391.8,
            "C5-SP": 1534.2999999999997,
            "COND": 93.7,
            "OIL": 3955.2999999999993
        },
        "SHUTIN": {},
        "STINJ": {
            "CO2-MX": 564107.3,
            "GAS": 2220.5
        },
        "STINVCL": {
            "C3-MX": 0.0,
            "CO2-MX": 47159522.2,
            "GAS": 21214.1
        },
        "STINVOP": {
            "C3-MX": 0.0,
            "CO2-MX": 47019583.99999999,
            "GAS": 21094.9
        },
        "STREC": {
            "CO2-MX": 62542.700000000004,
            "GAS": 6102.299999999999
        },
        "VENT": {
            "CO2": 767.2,
            "CO2-MX": 264.70000000000005,
            "ENTGAS": 1.0,
            "GAS": 11835.800000000163,
            "N2": 62536.100000000006
        }
    }
}