{
    "year": 2023,
    "month": "08",
    "pt": "Saskatchewan",
    "includes_ghgrp": false,
    "volume_by_activity": {
        "DIFF": {
            "GAS": 41565.1,
            "SOLV": 7708.9,
            "WASTE": 0.0,
            "WATER": 53177.6
        },
        "DISP": {
            "C1-MX": 12.2,
            "C2-MX": 337.7,
            "C2-SP": 2775.8,
            "C3-MX": 15617.499999999998,
            "C3-SP": 25094.7,
            "C4-MX": 812.3000000000001,
            "C4-SP": 32334.299999999996,
            "C5-MX": 3033.8,
            "C5-SP": 64.0,
            "CO2": 335.00000000000017,
            "CO2-MX": 71452.6,
            "CO2-SP": 30091.3,
            "COND": 101169.79999999999,
            "FSHWTR": 3142469.8000000007,
            "GAS": 5083160.1,
            "HELIUM": 604.8999999999999,
            "IC4-MX": 2622.0,
            "IC5-MX": 31.5,
            "N2": 42785.899999999994,
            "NC4-MX": 6031.0,
            "OIL": 6496310.199999994,
            "POLYMER": 161783.2,
            "SAND": 6083.200000000002,
            "SYNCRD": 304011.4,
            "WATER": 27240442.000000045
        },
        "FLARE": {
            "ACGAS": 633.1,
            "ENTGAS": 14.999999999999998,
            "GAS": 39487.19999999993
        },
        "FRAC": {
            "C3-MX": -700.8,
            "C3-SP": 700.8,
            "C4-SP": 1828.7,
            "C5-SP": 1165.5,
            "IC4-MX": -1828.7,
            "IC5-MX": -1165.5,
            "NC4-MX": 0.0,
            "NC5-MX": 0.0
        },
        "FUEL": {
            "GAS": 163226.69999999984
        },
        "IMBAL": {
            "C1-MX": 0.0,
            "C2-MX": 0.0,
            "C2-SP": 0.0,
            "C3-MX": 0.0,
            "C3-SP": 0.0,
            "C4-MX": 0.0,
            "C4-SP": 0.0,
            "C5-MX": 0.0,
            "C5-SP": 0.0,
            "CO2": 0.0,
            "CO2-SP": 0.0,
            "HELIUM": 0.0,
            "OIL": 0.0
        },
        "INJ": {
            "BRINE": 2774478.4,
            "GAS": 256.9,
            "POLYMER": 993725.1000000001,
            "STEAM": 980744.7999999999,
            "WASTE": 48749.0,
            "WATER": 28649391.20000001
        },
        "INVADJ": {
            "C4-SP": 54.8,
            "COND": 170.1,
            "OIL": -1672.1,
            "WATER": 102.19999999999999
        },
        "INVCL": {
            "C2-MX": 28.400000000000002,
            "C2-SP": 1118.8,
            "C3-MX": 960.3,
            "C3-SP": 974.1,
            "C4-MX": 122.50000000000001,
            "C4-SP": 11963.300000000003,
            "C5-MX": 26.299999999999997,
            "C5-SP": 604.8,
            "CO2-SP": 0.0,
            "COND": 32073.4,
            "FSHWTR": 4492.599999999999,
            "GAS": 177723.9,
            "HELIUM": 19.700000000000003,
            "IC4-MX": 128.2,
            "IC5-MX": 0.0,
            "NC4-MX": 353.3,
            "NC5-MX": 216.5,
            "OIL": 582982.1999999997,
            "WATER": 428892.20000000024
        },
        "INVOP": {
            "C2-MX": 23.3,
            "C2-SP": 1118.8,
            "C3-MX": 918.9,
            "C3-SP": 801.9,
            "C4-MX": 127.0,
            "C4-SP": 12238.300000000001,
            "C5-MX": 30.8,
            "C5-SP": 704.5,
            "CO2-SP": 0.0,
            "COND": 17320.3,
            "FSHWTR": 4532.6,
            "GAS": 171947.3,
            "HELIUM": 21.7,
            "IC4-MX": 103.3,
            "IC5-MX": 0.0,
            "NC4-MX": 284.90000000000003,
            "NC5-MX": 174.2,
            "OIL": 559657.7999999999,
            "WATER": 399830.2000000002
        },
        "LDINJ": {
            "OIL": 2003.7999999999995,
            "WATER": 43842.900000000016
        },
        "LDINVADJ": {
            "OIL": 7.0,
            "WATER": 2431.900000000001
        },
        "LDINVCL": {
            "COND": 2.6,
            "OIL": 3407.0000000000005,
            "WATER": 539340.7000000001
        },
        "LDINVOP": {
            "COND": 2.6,
            "OIL": 3124.900000000001,
            "WATER": 530831.8000000007
        },
        "LDREC": {
            "OIL": 1728.699999999999,
            "WATER": 39143.70000000001
        },
        "PROC": {
            "C1-MX": 12.2,
            "C2-MX": 203.7,
            "C2-SP": 1387.9,
            "C3-MX": 7070.400000000001,
            "C3-SP": 10980.900000000001,
            "C4-MX": 3968.0,
            "C4-SP": 5023.9,
            "C5-MX": 2013.4,
            "C5-SP": 8979.400000000001
        },
        "PROD": {
            "CO2": 392.0000000000001,
            "FSHWTR": 2014150.3,
            "GAS": 293923.9999999977,
            "HELIUM": 317.29999999999995,
            "N2": 44193.7,
            "OIL": 1543397.0999999968,
            "WATER": 25937928.799999986
        },
        "PURDISP": {
            "OIL": 2123.7
        },
        "PURREC": {
            "OIL": 1133.4
        },
        "REC": {
            "BRINE": 2201411.5,
            "C2-MX": 139.1,
            "C2-SP": 1387.9,
            "C3-MX": 9293.6,
            "C3-SP": 13585.2,
            "C4-MX": 285.9,
            "C4-SP": 53875.5,
            "C5-MX": 1245.3,
            "C5-SP": 64.0,
            "CO2": 335.0,
            "CO2-MX": 706298.7,
            "CO2-SP": 60182.6,
            "COND": 263161.0,
            "FSHWTR": 2931551.6,
            "GAS": 5062143.4,
            "HELIUM": 285.6,
            "IC4-MX": 3297.7999999999997,
            "IC5-MX": 1165.5,
            "N2": 42785.90000000001,
            "NC4-MX": 4117.0,
            "NC5-MX": 0.0,
            "OIL": 4794564.599999999,
            "POLYMER": 161783.2,
            "SYNCRD": 304280.4,
            "WASTE": 48749.0,
            "WATER": 30784951.200000014
        },
        "SHR": {
            "ACGAS": 59.7,
            "C1-MX": 5.4,
            "C2-MX": 57.4,
            "C2-SP": 390.6,
            "C3-MX": 1924.0,
            "C3-SP": 2988.3,
            "C4-MX": 942.9999999999999,
            "C4-SP": 1194.1,
            "C5-MX": 416.1,
            "C5-SP": 1855.7,
            "COND": 67.8,
            "OIL": 4358.5
        },
        "SHUTIN": {},
        "STINJ": {
            "CO2-MX": 718917.5000000001,
            "GAS": 2821.8
        },
        "STINVCL": {
            "C3-MX": 0.0,
            "CO2-MX": 44996039.2,
            "GAS": 18189.600000000002
        },
        "STINVOP": {
            "C3-MX": 0.0,
            "CO2-MX": 44818130.2,
            "GAS": 16898.300000000003
        },
        "STREC": {
            "CO2-MX": 70191.4,
            "GAS": 5143.000000000001
        },
        "VENT": {
            "CO2": 392.0,
            "CO2-MX": 624.0,
            "ENTGAS": 1.1,
            "GAS": 13616.900000000142,
            "N2": 44193.700000000004
        }
    }
}