{
    "year": 2024,
    "month": "12",
    "pt": "Saskatchewan",
    "includes_ghgrp": false,
    "volume_by_activity": {
        "DIFF": {
            "GAS": {
                "BT": -0.1,
                "CT": 0.0,
                "GP": 1758.3,
                "GS": 598.8000000000002,
                "IF": 0.0,
                "PL": 36034.1,
                "TM": 0.0,
                "WT": 0.0
            },
            "SOLV": {
                "BT": 0.0,
                "IF": 3479.7
            },
            "WASTE": {
                "IF": 0.0
            },
            "WATER": {
                "BT": 0.0,
                "CT": 0.0,
                "GP": 5.0,
                "GS": 0.0,
                "IF": 7645.299999999988,
                "PL": 1.2,
                "TM": 0.0,
                "WT": -18440.2
            }
        },
        "DISP": {
            "ACGAS": {
                "GP": 347.6
            },
            "C2-MX": {
                "GP": 214.8,
                "PL": 156.5
            },
            "C3-MX": {
                "GP": 5788.599999999999,
                "PL": 4964.9
            },
            "C3-SP": {
                "GP": 3559.7,
                "TM": 8929.5
            },
            "C4-MX": {
                "GP": 912.8
            },
            "C4-SP": {
                "GP": 492.9,
                "PL": 2026.1,
                "TM": 21342.9
            },
            "C5-MX": {
                "GP": 1733.1,
                "PL": 1060.3
            },
            "C5-SP": {
                "GP": 506.8
            },
            "CO2": {
                "BT": 794.7
            },
            "CO2-MX": {
                "BT": 72052.7,
                "IF": 8588.6
            },
            "CO2-SP": {
                "PL": 28110.8
            },
            "COND": {
                "GP": 3841.0,
                "GS": 5575.4,
                "PL": 86594.79999999999,
                "TM": 12103.7
            },
            "FSHWTR": {
                "BT": 13612.0,
                "IF": 0.0,
                "WT": 3208350.6999999997
            },
            "GAS": {
                "BT": 244830.90000000002,
                "CT": 42.3,
                "GP": 55619.7,
                "GS": 207843.20000000004,
                "IF": 0.0,
                "PL": 973990.6
            },
            "HELIUM": {
                "BT": 458.20000000000005,
                "GP": 446.8999999999999
            },
            "IC4-MX": {
                "GP": 1496.0,
                "PL": 1308.9
            },
            "IC5-MX": {
                "GP": 165.6
            },
            "N2": {
                "BT": 61130.7
            },
            "NC4-MX": {
                "GP": 3558.7,
                "PL": 3533.1
            },
            "NC5-MX": {
                "GP": 19.2
            },
            "OIL": {
                "BT": 1594899.0000000007,
                "CT": 161062.9,
                "GP": 256.2,
                "GS": 106.3,
                "IF": 1897.0,
                "PL": 3491098.2,
                "TM": 954077.5
            },
            "POLYMER": {
                "BT": 159076.5,
                "IF": 20420.8
            },
            "SAND": {
                "BT": 3978.5000000000005,
                "CT": 120.80000000000001,
                "GP": 0.0,
                "GS": 1.5,
                "IF": 122.30000000000001,
                "PL": 16.9,
                "TM": 69.2
            },
            "SYNCRD": {
                "PL": 206670.0
            },
            "WATER": {
                "BT": 25769408.800000038,
                "CT": 79827.59999999999,
                "GP": 5162.4,
                "GS": 132.3,
                "IF": 28561.300000000003,
                "PL": 6217.299999999999,
                "TM": 11044.600000000004,
                "WT": 1270318.5999999999
            }
        },
        "FLARE": {
            "ACGAS": {
                "GP": 91.0
            },
            "ENTGAS": {
                "CT": 1.4,
                "IF": 2.4,
                "TM": 308.7
            },
            "GAS": {
                "BT": 32156.599999999966,
                "CT": 44.0,
                "GP": 379.1,
                "GS": 1081.1,
                "IF": 38.3,
                "TM": 181.9
            }
        },
        "FRAC": {
            "C3-MX": {
                "GP": 0.0
            },
            "C3-SP": {
                "GP": 0.0
            },
            "C4-SP": {
                "GP": 0.0
            },
            "C5-SP": {
                "GP": 0.0
            },
            "IC4-MX": {
                "GP": 0.0
            },
            "IC5-MX": {
                "GP": 0.0
            },
            "NC4-MX": {
                "GP": 0.0
            },
            "NC5-MX": {
                "GP": 0.0
            }
        },
        "FUEL": {
            "GAS": {
                "BT": 39977.499999999796,
                "CT": 1008.0,
                "GP": 4004.5000000000005,
                "GS": 4793.4,
                "IF": 4472.4000000000015,
                "PL": 1322.1,
                "TM": 68.2,
                "WT": 5.3
            }
        },
        "IMBAL": {
            "C2-MX": {
                "GP": 0.0,
                "PL": 0.0
            },
            "C2-SP": {
                "PL": 0.0
            },
            "C3-MX": {
                "GP": 0.0,
                "PL": 0.0
            },
            "C3-SP": {
                "GP": 0.0,
                "TM": 0.0
            },
            "C4-MX": {
                "GP": 0.0,
                "PL": 0.0
            },
            "C4-SP": {
                "GP": 0.0
            },
            "C5-MX": {
                "GP": 0.0,
                "PL": 0.0
            },
            "C5-SP": {
                "GP": 0.0,
                "GS": 0.0
            },
            "CO2": {
                "BT": 0.0,
                "GP": 0.0
            },
            "CO2-SP": {
                "PL": 0.0
            },
            "HELIUM": {
                "BT": 0.0,
                "GP": 0.0
            },
            "OIL": {
                "BT": 0.0,
                "CT": 0.0,
                "IF": 0.0,
                "PL": 0.0,
                "TM": 0.0
            }
        },
        "INJ": {
            "ACGAS": {
                "IF": 675.8
            },
            "BRINE": {
                "IF": 3938562.0000000005
            },
            "GAS": {
                "IF": 797.6
            },
            "POLYMER": {
                "IF": 1023546.6000000004
            },
            "STEAM": {
                "IF": 55743.799999999996
            },
            "WASTE": {
                "IF": 78878.2
            },
            "WATER": {
                "IF": 29585206.80000002
            }
        },
        "INVADJ": {
            "C4-SP": {
                "PL": 15.7
            },
            "COND": {
                "PL": 42.99999999999999
            },
            "OIL": {
                "PL": -1868.5
            },
            "WATER": {
                "PL": -225.8
            }
        },
        "INVCL": {
            "C2-MX": {
                "GP": 25.9
            },
            "C2-SP": {
                "PL": 1118.8
            },
            "C3-MX": {
                "GP": 657.3
            },
            "C3-SP": {
                "GP": 276.8,
                "TM": 390.3
            },
            "C4-MX": {
                "GP": 28.7
            },
            "C4-SP": {
                "GP": 0.0,
                "PL": 413.4,
                "TM": 11480.8
            },
            "C5-MX": {
                "GP": 20.6
            },
            "C5-SP": {
                "GP": 211.3
            },
            "CO2-SP": {
                "IF": 0.0
            },
            "COND": {
                "GP": 70.4,
                "GS": 210.4,