{
    "year": 2024,
    "month": "11",
    "pt": "Saskatchewan",
    "includes_ghgrp": false,
    "volume_by_activity": {
        "DIFF": {
            "GAS": {
                "BT": 0.0,
                "CT": 0.0,
                "GP": 1667.7,
                "GS": 259.20000000000005,
                "IF": 0.0,
                "PL": 34920.5,
                "TM": 0.0,
                "WT": 0.0
            },
            "SOLV": {
                "BT": 0.0,
                "IF": 9244.400000000001
            },
            "WASTE": {
                "IF": 0.0
            },
            "WATER": {
                "BT": -0.1,
                "CT": 0.0,
                "GP": -9.0,
                "GS": 0.0,
                "IF": 27002.299999999992,
                "PL": 0.6,
                "TM": -0.4,
                "WT": -30485.9
            }
        },
        "DISP": {
            "ACGAS": {
                "GP": 344.6
            },
            "C2-MX": {
                "GP": 206.0,
                "PL": 151.5
            },
            "C3-MX": {
                "GP": 8434.6,
                "GS": 6.6,
                "PL": 7134.9
            },
            "C3-SP": {
                "GP": 3121.9,
                "TM": 11111.2
            },
            "C4-MX": {
                "GP": 490.5,
                "GS": 17.7
            },
            "C4-SP": {
                "GP": 464.0,
                "PL": 2257.6,
                "TM": 20583.9
            },
            "C5-MX": {
                "GP": 1428.8000000000002,
                "GS": 77.7,
                "PL": 1027.9
            },
            "C5-SP": {
                "GP": 0.0
            },
            "CO2": {
                "BT": 765.6000000000001
            },
            "CO2-MX": {
                "BT": 61230.0,
                "IF": 0.0
            },
            "CO2-SP": {
                "PL": 36289.7
            },
            "COND": {
                "BT": 3886.9,
                "GP": 4228.700000000001,
                "GS": 4748.599999999999,
                "PL": 57997.3,
                "TM": 13834.9
            },
            "FSHWTR": {
                "BT": 12992.0,
                "IF": 0.0,
                "WT": 2880821.5
            },
            "GAS": {
                "BT": 239273.49999999974,
                "CT": 56.2,
                "GP": 59771.9,
                "GS": 202112.79999999938,
                "IF": 0.0,
                "PL": 855486.8
            },
            "HELIUM": {
                "BT": 458.6,
                "GP": 449.6
            },
            "IC4-MX": {
                "GP": 1525.0,
                "PL": 1350.4
            },
            "IC5-MX": {
                "GP": 131.5
            },
            "N2": {
                "BT": 60169.5
            },
            "NC4-MX": {
                "GP": 3939.5,
                "PL": 3579.7
            },
            "NC5-MX": {
                "GP": 360.0
            },
            "OIL": {
                "BT": 1578372.099999998,
                "CT": 161965.99999999997,
                "GP": 427.29999999999995,
                "GS": 78.8,
                "IF": 2208.8999999999996,
                "PL": 3316214.5999999996,
                "TM": 941173.0000000001
            },
            "POLYMER": {
                "BT": 153575.5,
                "IF": 19638.7
            },
            "SAND": {
                "BT": 4034.4000000000024,
                "CT": 177.1,
                "GP": 1.6,
                "IF": 128.1,
                "PL": 5.3999999999999995,
                "TM": 52.8
            },
            "SYNCRD": {
                "PL": 263055.9
            },
            "WATER": {
                "BT": 24947408.499999996,
                "CT": 90198.79999999999,
                "GP": 4577.900000000001,
                "GS": 544.1,
                "IF": 30336.199999999997,
                "PL": 6108.8,
                "TM": 10760.200000000003,
                "WT": 1196937.7
            }
        },
        "FLARE": {
            "ACGAS": {
                "GP": 84.5
            },
            "ENTGAS": {
                "CT": 6.8,
                "IF": 1.7,
                "TM": 531.5
            },
            "GAS": {
                "BT": 30608.7,
                "CT": 53.7,
                "GP": 354.4,
                "GS": 841.4000000000001,
                "IF": 21.5,
                "PL": 274.7,
                "TM": 187.6
            }
        },
        "FRAC": {
            "C3-MX": {
                "GP": 0.0
            },
            "C3-SP": {
                "GP": 0.0
            },
            "C4-SP": {
                "GP": 0.0
            },
            "C5-SP": {
                "GP": 0.0
            },
            "IC4-MX": {
                "GP": 0.0
            },
            "IC5-MX": {
                "GP": 0.0
            },
            "NC4-MX": {
                "GP": 0.0
            },
            "NC5-MX": {
                "GP": 0.0
            }
        },
        "FUEL": {
            "GAS": {
                "BT": 37314.599999999824,
                "CT": 890.5999999999999,
                "GP": 3833.9,
                "GS": 4542.200000000001,
                "IF": 4213.600000000001,
                "PL": 1070.2,
                "TM": 40.3,
                "WT": 6.5
            }
        },
        "IMBAL": {
            "C2-MX": {
                "GP": 0.0,
                "PL": 0.0
            },
            "C2-SP": {
                "PL": 0.0
            },
            "C3-MX": {
                "GP": 0.0,
                "GS": 0.0,
                "PL": 0.0
            },
            "C3-SP": {
                "GP": 0.0,
                "TM": 0.0
            },
            "C4-MX": {
                "GP": 0.0,
                "GS": 0.0,
                "PL": 0.0
            },
            "C4-SP": {
                "GP": 0.0
            },
            "C5-MX": {
                "GP": 0.0,
                "GS": 0.0,
                "PL": 0.0
            },
            "C5-SP": {
                "GP": 0.0,
                "GS": 0.0
            },
            "CO2": {
                "BT": 0.0,
                "GP": 0.0
            },
            "CO2-SP": {
                "PL": 0.0
            },
            "HELIUM": {
                "BT": 0.0,
                "GP": 0.0
            },
            "OIL": {
                "BT": 0.0,
                "CT": 0.0,
                "IF": 0.0,
                "PL": 0.0,
                "TM": 0.0
            }
        },
        "INJ": {
            "ACGAS": {
                "IF": 621.9000000000001
            },
            "BRINE": {
                "IF": 2846990.6
            },
            "GAS": {
                "IF": 978.4
            },
            "POLYMER": {
                "IF": 966908.8000000002
            },
            "STEAM": {
                "IF": 55118.6
            },
            "WASTE": {
                "IF": 70595.70000000001
            },
            "WATER": {
                "IF": 28448906.49999996
            }
        },
        "INVADJ": {
            "C4-SP": {
                "PL": 29.9
            },
            "COND": {
                "PL": -288.00000000000006
            },
            "OIL": {
                "PL": -2069.5
            },
            "WATER": {
                "PL": -245.8
            }
        },
        "INVCL": {
            "C2-MX": {
                "GP": 44.4
            },
            "C2-SP": {
                "PL": 1118.8
            },
            "C3-MX": {
                "GP": 1242.1000000000001
            },
            "C3-SP": {
                "GP": 232.5,
                "TM": 260.1
            },
            "C4-MX": {
                "GP": 20.400000000000002
            },
            "C4-SP": {
                "GP": 23.2,
                "PL": 328.6,