{
    "year": 2025,
    "month": "03",
    "pt": "Saskatchewan",
    "includes_ghgrp": false,
    "volume_by_activity": {
        "DIFF": {
            "GAS": 70594.6,
            "SOLV": 2869.3,
            "WASTE": 0.0,
            "WATER": -26714.99999999999
        },
        "DISP": {
            "ACGAS": 277.2,
            "C2-MX": 312.3,
            "C3-MX": 14371.400000000001,
            "C3-SP": 21559.5,
            "C4-MX": 990.4,
            "C4-SP": 31395.9,
            "C5-MX": 2125.6,
            "C5-SP": 1989.3000000000002,
            "CO2": 959.0000000000001,
            "CO2-MX": 73812.0,
            "CO2-SP": 18172.0,
            "COND": 96261.20000000001,
            "FSHWTR": 3342221.900000001,
            "GAS": 6265706.8999999985,
            "HELIUM": 866.2000000000002,
            "IC4-MX": 3096.5,
            "IC5-MX": 50.599999999999994,
            "N2": 58795.6,
            "NC4-MX": 7797.6,
            "OIL": 6603525.4,
            "POLYMER": 177396.3,
            "SAND": 3676.2999999999956,
            "SYNCRD": 335457.9,
            "WATER": 28206772.100000005
        },
        "FLARE": {
            "ACGAS": 233.8,
            "ENTGAS": 465.8,
            "GAS": 33886.00000000001
        },
        "FRAC": {
            "C3-MX": -2280.8,
            "C3-SP": 2280.8,
            "C4-SP": 2820.0,
            "C5-SP": 2413.9,
            "IC4-MX": -2820.0,
            "IC5-MX": -2413.9,
            "NC4-MX": 0.0,
            "NC5-MX": 0.0
        },
        "FUEL": {
            "GAS": 192422.09999999971
        },
        "IMBAL": {
            "C2-MX": 0.0,
            "C2-SP": 0.0,
            "C3-MX": 0.0,
            "C3-SP": 0.0,
            "C4-MX": 0.0,
            "C4-SP": 0.0,
            "C5-MX": 0.0,
            "C5-SP": 0.0,
            "CO2": 0.0,
            "CO2-SP": 0.0,
            "HELIUM": 0.0,
            "OIL": 0.0
        },
        "INJ": {
            "ACGAS": 371.6,
            "BRINE": 3297255.6,
            "FSHWTR": 5.0,
            "GAS": 1270.0,
            "POLYMER": 1016476.6000000001,
            "STEAM": 903571.3999999999,
            "WASTE": 69555.0,
            "WATER": 29975965.40000003
        },
        "INVADJ": {
            "C4-SP": 41.6,
            "COND": -99.6,
            "OIL": -1791.6000000000001,
            "WATER": 76.9
        },
        "INVCL": {
            "C2-MX": 64.4,
            "C2-SP": 1118.8,
            "C3-MX": 1662.1000000000001,
            "C3-SP": 2027.5,
            "C4-MX": 31.1,
            "C4-SP": 12172.400000000001,
            "C5-MX": 21.1,
            "C5-SP": 365.7,
            "CO2-SP": 0.0,
            "COND": 15443.6,
            "FSHWTR": 11900.6,
            "GAS": 191350.2,
            "HELIUM": 22.6,
            "IC4-MX": 296.9,
            "IC5-MX": 0.0,
            "NC4-MX": 684.6,
            "NC5-MX": 341.0,
            "OIL": 633749.5999999999,
            "WATER": 386638.20000000036
        },
        "INVOP": {
            "C2-MX": 23.799999999999997,
            "C2-SP": 1118.8,
            "C3-MX": 601.8,
            "C3-SP": 1100.8,
            "C4-MX": 35.5,
            "C4-SP": 12402.7,
            "C5-MX": 24.0,
            "C5-SP": 373.0,
            "CO2-SP": 0.0,
            "COND": 17191.1,
            "FSHWTR": 11363.8,
            "GAS": 196598.7,
            "HELIUM": 21.1,
            "IC4-MX": 150.5,
            "IC5-MX": 0.0,
            "NC4-MX": 243.0,
            "NC5-MX": 123.89999999999999,
            "OIL": 625033.6999999997,
            "WATER": 413391.6
        },
        "LDINJ": {
            "OIL": 1318.3999999999999,
            "WATER": 71056.1
        },
        "LDINVADJ": {
            "OIL": -6.199999999999999,
            "WATER": -4993.100000000002
        },
        "LDINVCL": {
            "COND": 2.6,
            "OIL": 2593.000000000001,
            "WATER": 485248.09999999986
        },
        "LDINVOP": {
            "COND": 21.200000000000003,
            "OIL": 2722.600000000002,
            "WATER": 476690.2000000001
        },
        "LDREC": {
            "COND": 18.6,
            "OIL": 1448.0000000000002,
            "WATER": 57512.20000000002
        },
        "PROC": {
            "C2-MX": 240.1,
            "C3-MX": 7847.4,
            "C3-SP": 10254.5,
            "C4-MX": 4787.2,
            "C4-SP": 3099.1,
            "C5-MX": 1730.6000000000001,
            "C5-SP": 6687.2
        },
        "PROD": {
            "CO2": 960.9000000000002,
            "COND": 1.0,
            "FSHWTR": 1834401.7999999998,
            "GAS": 265471.4999999985,
            "HELIUM": 439.8,
            "N2": 61048.5,
            "OIL": 1450451.4000000004,
            "WATER": 26806040.999999963
        },
        "PURDISP": {
            "OIL": 2900.299999999998
        },
        "PURREC": {
            "OIL": 1901.4
        },
        "REC": {
            "ACGAS": 648.8,
            "BRINE": 2842697.3000000003,
            "C2-MX": 112.8,
            "C3-MX": 9867.400000000001,
            "C3-SP": 9950.9,
            "C4-MX": 135.9,
            "C4-SP": 60066.900000000016,
            "C5-MX": 787.3,
            "C5-SP": 1620.8,
            "CO2": 959.0000000000001,
            "CO2-MX": 716396.6,
            "CO2-SP": 36344.0,
            "COND": 256697.00000000006,
            "FSHWTR": 3081665.3000000003,
            "GAS": 6306806.999999999,
            "HELIUM": 427.9,
            "IC4-MX": 4840.1,
            "IC5-MX": 2413.9,
            "N2": 58795.59999999999,
            "NC4-MX": 5660.8,
            "NC5-MX": 0.0,
            "OIL": 4960480.299999998,
            "POLYMER": 177396.3,
            "SYNCRD": 335596.0,
            "WASTE": 69555.0,
            "WATER": 32140866.400000006
        },
        "SHR": {
            "ACGAS": 55.4,
            "C2-MX": 67.5,
            "C3-MX": 2135.5,
            "C3-SP": 2790.5,
            "C4-MX": 1137.8,
            "C4-SP": 736.6,
            "C5-MX": 357.5,
            "C5-SP": 1382.3000000000002,
            "COND": 76.5,
            "OIL": 4925.400000000001
        },
        "SHUTIN": {},
        "SPILL": {
            "OIL": 5.0
        },
        "STINJ": {
            "CO2-MX": 718483.3,
            "GAS": 3210.9
        },
        "STINVCL": {
            "C3-MX": 0.0,
            "CO2-MX": 48285575.400000006,
            "GAS": 24389.0
        },
        "STINVOP": {
            "C3-MX": 0.0,
            "CO2-MX": 48094549.7,
            "GAS": 24099.9
        },
        "STREC": {
            "CO2-MX": 62454.99999999999,
            "GAS": 9222.0
        },
        "VENT": {
            "CO2": 960.9,
            "CO2-MX": 83.0,
            "ENTGAS": 1.1,
            "GAS": 9941.800000000123,
            "N2": 61048.5
        }
    }
}