{
    "year": 2022,
    "month": "01",
    "pt": "Saskatchewan",
    "includes_ghgrp": false,
    "volume_by_activity": {
        "DIFF": {
            "GAS": 12691.5,
            "SOLV": 2543.1,
            "WASTE": 0.0,
            "WATER": 42439.599999999984
        },
        "DISP": {
            "C2-MX": 210.3,
            "C3-MX": 8024.9,
            "C3-SP": 24376.800000000003,
            "C4-MX": 583.3,
            "C4-SP": 33090.200000000004,
            "C5-MX": 2206.5,
            "C5-SP": 28.9,
            "CO2": 190.20000000000002,
            "CO2-MX": 42427.200000000004,
            "CO2-SP": 35165.0,
            "COND": 138866.3,
            "FSHWTR": 2809547.8000000003,
            "GAS": 5622029.399999999,
            "HELIUM": 265.9,
            "IC4-MX": 1179.5,
            "IC5-MX": 14.0,
            "N2": 14763.900000000001,
            "NC4-MX": 2824.7,
            "OIL": 6425819.000000008,
            "POLYMER": 26386.8,
            "SAND": 4889.199999999997,
            "SYNCRD": 299079.8,
            "WATER": 26240445.40000003
        },
        "FLARE": {
            "ACGAS": 677.7,
            "ENTGAS": 5.5,
            "GAS": 36090.6
        },
        "FRAC": {
            "C3-MX": -298.6,
            "C3-SP": 298.6,
            "C4-SP": 1388.9,
            "C5-SP": 1047.1,
            "IC4-MX": -1388.9,
            "IC5-MX": -1047.1,
            "NC4-MX": 0.0,
            "NC5-MX": 0.0
        },
        "FUEL": {
            "GAS": 164043.2999999999
        },
        "IMBAL": {
            "C2-MX": 0.0,
            "C2-SP": 0.0,
            "C3-MX": 0.0,
            "C3-SP": 0.0,
            "C4-MX": 0.0,
            "C4-SP": 0.0,
            "C5-MX": 0.0,
            "C5-SP": 0.0,
            "CO2": 0.0,
            "CO2-SP": 0.0,
            "HELIUM": 0.0,
            "OIL": 0.0
        },
        "INJ": {
            "AIR": 1821.1,
            "BRINE": 3404581.2,
            "GAS": 470.8,
            "OIL": 49335.7,
            "POLYMER": 761492.1,
            "STEAM": 769340.9,
            "WASTE": 59956.1,
            "WATER": 27463102.8
        },
        "INVADJ": {
            "C4-SP": 76.3,
            "COND": -159.8,
            "OIL": -1058.5,
            "WATER": -131.29999999999998
        },
        "INVCL": {
            "C2-MX": 22.0,
            "C2-SP": 1118.8,
            "C3-MX": 1001.1999999999999,
            "C3-SP": 1352.6999999999998,
            "C4-MX": 151.0,
            "C4-SP": 724.6,
            "C5-MX": 41.099999999999994,
            "C5-SP": 223.0,
            "CO2-SP": 0.0,
            "COND": 11480.4,
            "FSHWTR": 4526.0,
            "GAS": 159739.4,
            "HELIUM": 5.7,
            "IC4-MX": 177.7,
            "IC5-MX": 20.0,
            "NC4-MX": 352.20000000000005,
            "NC5-MX": 199.79999999999998,
            "OIL": 628804.8000000002,
            "WATER": 407942.6000000004
        },
        "INVOP": {
            "C2-MX": 17.1,
            "C2-SP": 1118.8,
            "C3-MX": 633.3,
            "C3-SP": 748.8,
            "C4-MX": 133.3,
            "C4-SP": 972.7999999999998,
            "C5-MX": 54.900000000000006,
            "C5-SP": 221.5,
            "CO2-SP": 0.0,
            "COND": 12719.2,
            "FSHWTR": 4432.700000000001,
            "GAS": 153006.9,
            "HELIUM": 11.4,
            "IC4-MX": 90.0,
            "IC5-MX": 6.7,
            "NC4-MX": 201.9,
            "NC5-MX": 98.3,
            "OIL": 771782.2999999993,
            "WATER": 410386.6000000006
        },
        "LDINJ": {
            "OIL": 1965.5999999999995,
            "WATER": 63896.99999999999
        },
        "LDINVADJ": {
            "WATER": -1057.3999999999996
        },
        "LDINVCL": {
            "COND": 3.0,
            "OIL": 3133.9,
            "WATER": 573526.7000000007
        },
        "LDINVOP": {
            "COND": 3.0,
            "OIL": 2908.3999999999996,
            "WATER": 552836.8999999999
        },
        "LDREC": {
            "OIL": 1740.0999999999997,
            "WATER": 42149.80000000002
        },
        "PROC": {
            "C2-MX": 129.2,
            "C3-MX": 4584.799999999999,
            "C3-SP": 15577.0,
            "C4-MX": 2694.7,
            "C4-SP": 6642.599999999999,
            "C5-MX": 1523.6,
            "C5-SP": 6861.9
        },
        "PROD": {
            "CO2": 382.8,
            "COND": 26.7,
            "FSHWTR": 1971399.8,
            "GAS": 289674.4999999984,
            "HELIUM": 152.5,
            "N2": 19356.100000000002,
            "OIL": 1452424.5000000002,
            "WATER": 24818246.90000004
        },
        "PURDISP": {
            "OIL": 2117.4
        },
        "PURREC": {
            "OIL": 1679.6
        },
        "REC": {
            "BRINE": 2754183.1,
            "C2-MX": 86.0,
            "C3-MX": 4106.6,
            "C3-SP": 9105.1,
            "C4-SP": 58586.0,
            "C5-MX": 797.9,
            "C5-SP": 28.9,
            "CO2": 190.2,
            "CO2-MX": 779898.1000000001,
            "CO2-SP": 70330.0,
            "COND": 295371.89999999997,
            "FSHWTR": 2550279.6,
            "GAS": 5577390.499999999,
            "HELIUM": 107.7,
            "IC4-MX": 1966.8000000000002,
            "IC5-MX": 1047.1,
            "N2": 14763.9,
            "NC4-MX": 1570.6,
            "NC5-MX": 0.0,
            "OIL": 4635369.300000002,
            "POLYMER": 26386.8,
            "SAND": 5.9,
            "SYNCRD": 298898.7,
            "WASTE": 59956.1,
            "WATER": 29467890.699999988
        },
        "SHR": {
            "ACGAS": 59.9,
            "C2-MX": 36.4,
            "C3-MX": 1247.6999999999998,
            "C3-SP": 4239.0,
            "C4-MX": 640.5,
            "C4-SP": 1578.8999999999999,
            "C5-MX": 314.90000000000003,
            "C5-SP": 1418.2000000000003,
            "COND": 35.099999999999994,
            "OIL": 4435.7
        },
        "SHUTIN": {},
        "SPILL": {
            "OIL": 79.0,
            "WATER": 57.0
        },
        "STINJ": {
            "CO2-MX": 809299.0,
            "GAS": 2022.0
        },
        "STINVCL": {
            "C3-MX": 0.0,
            "CO2-MX": 40857527.800000004,
            "GAS": 3066.7
        },
        "STINVOP": {
            "C3-MX": 0.0,
            "CO2-MX": 40585565.4,
            "GAS": 2576.2000000000003
        },
        "STREC": {
            "CO2-MX": 42160.799999999996,
            "GAS": 2942.8999999999996
        },
        "VENT": {
            "CO2": 382.79999999999995,
            "CO2-MX": 1852.8000000000002,
            "ENTGAS": 1.1,
            "GAS": 14779.60000000015,
            "N2": 19356.1
        }
    }
}