{
    "year": 2024,
    "month": "08",
    "pt": "Saskatchewan",
    "includes_ghgrp": false,
    "volume_by_activity": {
        "DIFF": {
            "GAS": 17835.100000000002,
            "SOLV": 3677.6,
            "WASTE": 2.9,
            "WATER": -10533.300000000001
        },
        "DISP": {
            "ACGAS": 355.6,
            "C2-MX": 371.4,
            "C3-MX": 17324.5,
            "C3-SP": 23784.6,
            "C4-MX": 1088.9,
            "C4-SP": 27968.399999999998,
            "C5-MX": 3190.8,
            "C5-SP": 0.0,
            "CO2": 788.9,
            "CO2-MX": 55723.2,
            "CO2-SP": 15089.3,
            "COND": 90050.3,
            "FSHWTR": 3082639.0000000014,
            "GAS": 5605747.199999999,
            "HELIUM": 904.4,
            "IC4-MX": 2913.8999999999996,
            "IC5-MX": 40.8,
            "N2": 60257.89999999999,
            "NC4-MX": 7361.0,
            "NC5-MX": 17.7,
            "OIL": 6307375.399999999,
            "POLYMER": 161391.5,
            "SAND": 5537.00000000001,
            "SYNCRD": 324733.8,
            "WATER": 27456073.800000105
        },
        "FLARE": {
            "ACGAS": 243.1,
            "ENTGAS": 501.40000000000003,
            "GAS": 40482.50000000003
        },
        "FRAC": {
            "C3-MX": -2177.9,
            "C3-SP": 2177.9,
            "C4-SP": 2375.2,
            "C5-SP": 2240.9,
            "IC4-MX": -2375.2,
            "IC5-MX": -2240.9,
            "NC4-MX": 0.0,
            "NC5-MX": 0.0
        },
        "FUEL": {
            "GAS": 173658.69999999984
        },
        "IMBAL": {
            "C2-MX": 0.0,
            "C2-SP": 0.0,
            "C3-MX": 0.0,
            "C3-SP": 0.0,
            "C4-MX": 0.0,
            "C4-SP": 0.0,
            "C5-MX": 0.0,
            "C5-SP": 0.0,
            "CO2": 0.0,
            "CO2-SP": 0.0,
            "HELIUM": 0.0,
            "OIL": 0.0
        },
        "INJ": {
            "ACGAS": 417.3,
            "BRINE": 2778299.1,
            "GAS": 1357.9,
            "POLYMER": 1029498.3999999999,
            "STEAM": 844351.2999999999,
            "WASTE": 72169.9,
            "WATER": 29389284.800000012
        },
        "INVADJ": {
            "C4-SP": 10.1,
            "COND": -383.20000000000005,
            "OIL": -1169.1999999999996,
            "WATER": -241.89999999999995
        },
        "INVCL": {
            "C2-MX": 22.0,
            "C2-SP": 1118.8,
            "C3-MX": 568.5,
            "C3-SP": 1656.8999999999999,
            "C4-MX": 30.6,
            "C4-SP": 12287.9,
            "C5-MX": 30.6,
            "C5-SP": 474.2,
            "CO2-SP": 0.0,
            "COND": 16690.8,
            "FSHWTR": 4227.0,
            "GAS": 175700.4,
            "HELIUM": 26.200000000000003,
            "IC4-MX": 166.89999999999998,
            "IC5-MX": 0.0,
            "NC4-MX": 232.7,
            "NC5-MX": 110.8,
            "OIL": 634628.4000000003,
            "WATER": 402198.1000000002
        },
        "INVOP": {
            "C2-MX": 48.1,
            "C2-SP": 1118.8,
            "C3-MX": 1728.3,
            "C3-SP": 876.7,
            "C4-MX": 73.6,
            "C4-SP": 12527.8,
            "C5-MX": 37.0,
            "C5-SP": 618.0999999999999,
            "CO2-SP": 0.0,
            "COND": 17699.200000000004,
            "FSHWTR": 4560.599999999999,
            "GAS": 179646.7,
            "HELIUM": 32.8,
            "IC4-MX": 285.3,
            "IC5-MX": 0.0,
            "NC4-MX": 711.1,
            "NC5-MX": 338.8,
            "OIL": 625153.7000000016,
            "WATER": 405487.1
        },
        "LDINJ": {
            "OIL": 1865.8,
            "WATER": 79164.6
        },
        "LDINVADJ": {
            "OIL": 19.1,
            "WATER": -9346.900000000001
        },
        "LDINVCL": {
            "COND": 2.6,
            "OIL": 3486.6000000000017,
            "WATER": 489722.4000000002
        },
        "LDINVOP": {
            "COND": 5.800000000000001,
            "OIL": 3358.0000000000005,
            "WATER": 459222.9000000001
        },
        "LDREC": {
            "COND": 3.2,
            "OIL": 1756.3,
            "WATER": 39318.19999999996
        },
        "PROC": {
            "C2-MX": 183.20000000000002,
            "C3-MX": 7878.9,
            "C3-SP": 11214.7,
            "C4-MX": 4811.6,
            "C4-SP": 3932.7,
            "C5-MX": 1866.3000000000002,
            "C5-SP": 12353.8
        },
        "PROD": {
            "CO2": 796.6999999999998,
            "FSHWTR": 1825593.1000000003,
            "GAS": 264967.69999999803,
            "HELIUM": 450.4,
            "N2": 60859.099999999984,
            "OIL": 1386126.199999995,
            "WATER": 26232761.100000016
        },
        "PURDISP": {
            "OIL": 4514.000000000001
        },
        "PURREC": {
            "OIL": 2517.4
        },
        "REC": {
            "ACGAS": 417.3,
            "BRINE": 2336529.1000000006,
            "C2-MX": 162.1,
            "C3-MX": 10466.6,
            "C3-SP": 11172.2,
            "C4-MX": 158.0,
            "C4-SP": 49469.50000000001,
            "C5-MX": 1270.8999999999999,
            "C5-SP": 412.5,
            "CO2": 788.9000000000001,
            "CO2-MX": 666215.2,
            "CO2-SP": 30178.6,
            "COND": 234402.80000000002,
            "FSHWTR": 2803482.8000000003,
            "GAS": 5589065.899999999,
            "HELIUM": 447.4,
            "IC4-MX": 4012.7,
            "IC5-MX": 2240.9,
            "N2": 60257.9,
            "NC4-MX": 4274.9,
            "NC5-MX": 0.0,
            "OIL": 4746970.600000001,
            "POLYMER": 161391.5,
            "SYNCRD": 325265.6,
            "WASTE": 72172.79999999999,
            "WATER": 31410096.899999987
        },
        "SHR": {
            "ACGAS": 42.7,
            "C2-MX": 51.6,
            "C3-MX": 2144.0,
            "C3-SP": 3051.9,
            "C4-MX": 1143.4999999999998,
            "C4-SP": 934.7,
            "C5-MX": 385.70000000000005,
            "C5-SP": 2553.1,
            "COND": 75.0,
            "OIL": 4286.6
        },
        "SHUTIN": {},
        "STINJ": {
            "CO2-MX": 672968.8,
            "GAS": 1424.6000000000001
        },
        "STINVCL": {
            "C3-MX": 0.0,
            "CO2-MX": 47019583.99999999,
            "GAS": 21094.9
        },
        "STINVOP": {
            "C3-MX": 0.0,
            "CO2-MX": 46854624.5,
            "GAS": 22070.399999999998
        },
        "STREC": {
            "CO2-MX": 54010.1,
            "GAS": 5633.599999999999
        },
        "VENT": {
            "CO2": 796.7000000000002,
            "CO2-MX": 726.5,
            "ENTGAS": 1.1,
            "GAS": 11814.90000000012,
            "N2": 60859.1
        }
    }
}