{
    "year": 2022,
    "month": "10",
    "pt": "Saskatchewan",
    "includes_ghgrp": false,
    "volume_by_activity": {
        "DIFF": {
            "GAS": {
                "BT": 0.0,
                "CT": 0.0,
                "GP": 277.2,
                "GS": 71.19999999999999,
                "IF": 378.1,
                "PL": 10903.899999999998,
                "TM": 0.0,
                "WT": 0.0
            },
            "SOLV": {
                "BT": 0.0,
                "IF": 4908.299999999999
            },
            "WASTE": {
                "IF": 0.0
            },
            "WATER": {
                "BT": 0.0,
                "CT": 0.0,
                "GP": -1.8,
                "GS": 0.0,
                "IF": 44778.69999999997,
                "PL": 0.3,
                "TM": 0.0,
                "WT": -18542.800000000003
            }
        },
        "DISP": {
            "C2-MX": {
                "GP": 175.9,
                "GS": 1.7,
                "PL": 149.4
            },
            "C3-MX": {
                "GP": 8036.9,
                "GS": 3.3,
                "PL": 7101.7
            },
            "C3-SP": {
                "GP": 14393.0,
                "TM": 13411.6
            },
            "C4-MX": {
                "GP": 745.0999999999999,
                "GS": 9.1
            },
            "C4-SP": {
                "GP": 7552.2,
                "TM": 23454.100000000002
            },
            "C5-MX": {
                "GP": 2023.0,
                "PL": 1357.3
            },
            "C5-SP": {
                "GP": 25.4
            },
            "CO2": {
                "BT": 413.0000000000001
            },
            "CO2-MX": {
                "BT": 61287.1
            },
            "CO2-SP": {
                "PL": 29883.7
            },
            "COND": {
                "GP": 8007.0,
                "GS": 3686.2,
                "PL": 75620.3,
                "TM": 19149.0
            },
            "FSHWTR": {
                "IF": 21385.7,
                "WT": 2940303.1
            },
            "GAS": {
                "BT": 310342.4999999998,
                "GP": 68538.0,
                "GS": 237547.6999999996,
                "PL": 4743411.6
            },
            "HELIUM": {
                "BT": 267.30000000000007,
                "GP": 224.5
            },
            "IC4-MX": {
                "GP": 2125.3,
                "PL": 1307.6
            },
            "IC5-MX": {
                "GP": 275.0
            },
            "N2": {
                "BT": 32321.099999999995
            },
            "NC4-MX": {
                "GP": 3625.2000000000003,
                "PL": 3392.4
            },
            "NC5-MX": {
                "GS": 31.7
            },
            "OIL": {
                "BT": 1930816.0000000023,
                "CT": 180506.0,
                "GP": 975.9999999999999,
                "GS": 0.6,
                "IF": 2083.9999999999995,
                "PL": 3413982.0999999996,
                "TM": 1023785.3999999999
            },
            "POLYMER": {
                "BT": 51181.4,
                "IF": 24905.800000000003
            },
            "SAND": {
                "BT": 7512.499999999994,
                "CT": 210.39999999999998,
                "GP": 1.7,
                "GS": 1.8,
                "IF": 651.4999999999998,
                "PL": 58.599999999999994,
                "TM": 88.99999999999999
            },
            "SYNCRD": {
                "PL": 311111.2
            },
            "WATER": {
                "BT": 25909678.199999973,
                "CT": 115339.0,
                "GP": 332.8,
                "GS": 942.8000000000001,
                "IF": 276693.7999999999,
                "PL": 4646.799999999999,
                "TM": 12727.4,
                "WT": 1074267.4
            }
        },
        "FLARE": {
            "ACGAS": {
                "GP": 705.5
            },
            "ENTGAS": {
                "CT": 5.7
            },
            "GAS": {
                "BT": 35774.6999999999,
                "CT": 64.4,
                "GP": 1131.1999999999998,
                "GS": 360.0999999999999,
                "IF": 0.5,
                "PL": 568.0,
                "TM": 190.6
            }
        },
        "FRAC": {
            "C3-MX": {
                "GP": -653.9
            },
            "C3-SP": {
                "GP": 653.9
            },
            "C4-SP": {
                "GP": 2132.5
            },
            "C5-SP": {
                "GP": 1327.9
            },
            "IC4-MX": {
                "GP": -2132.5
            },
            "IC5-MX": {
                "GP": -1327.9
            },
            "NC4-MX": {
                "GP": 0.0
            },
            "NC5-MX": {
                "GP": 0.0
            }
        },
        "FUEL": {
            "GAS": {
                "BT": 44798.69999999996,
                "CT": 897.6,
                "GP": 5248.000000000001,
                "GS": 6523.9,
                "IF": 65370.20000000001,
                "PL": 56804.3,
                "TM": 26.2,
                "WT": 2.5
            }
        },
        "IMBAL": {
            "C2-MX": {
                "GP": 0.0,
                "GS": 0.0,
                "PL": 0.0
            },
            "C2-SP": {
                "PL": 0.0
            },
            "C3-MX": {
                "GP": 0.0,
                "GS": 0.0,
                "PL": 0.0
            },
            "C3-SP": {
                "GP": 0.0,
                "TM": 0.0
            },
            "C4-MX": {
                "GP": 0.0,
                "GS": 0.0,
                "PL": 0.0
            },
            "C4-SP": {
                "GP": 0.0
            },
            "C5-MX": {
                "GP": 0.0,
                "GS": 0.0,
                "PL": 0.0
            },
            "C5-SP": {
                "GP": 0.0,
                "GS": 0.0
            },
            "CO2": {
                "BT": 0.0,
                "GP": 0.0
            },
            "CO2-SP": {
                "PL": 0.0
            },
            "HELIUM": {
                "BT": 0.0,
                "GP": 0.0
            },
            "OIL": {
                "BT": 0.0,
                "CT": 0.0,
                "IF": 0.0,
                "PL": 0.0,
                "TM": 0.0
            }
        },
        "INJ": {
            "BRINE": {
                "IF": 3699785.1
            },
            "GAS": {
                "IF": 501.6
            },
            "POLYMER": {
                "IF": 812861.6999999997
            },
            "STEAM": {
                "IF": 925200.2999999996
            },
            "WASTE": {
                "IF": 68746.6
            },
            "WATER": {
                "IF": 28641514.300000057
            }
        },
        "INVADJ": {
            "C4-SP": {
                "PL": 25.0
            },
            "COND": {
                "PL": -10.900000000000006
            },
            "OIL": {
                "PL": -1747.1
            },
            "WATER": {
                "PL": 77.1
            }
        },
        "INVCL": {
            "C2-MX": {
                "GP": 14.2
            },
            "C2-SP": {
                "PL": 1118.8
            },
            "C3-MX": {
                "GP": 833.7
            },
            "C3-SP": {
                "GP": 1783.0
            },
            "C4-MX": {
                "GP": 64.2
            },
            "C4-SP": {
                "GP": 646.5,
                "PL": 384.5,
                "TM": 10913.800000000001
            },
            "C5-MX": {
                "GP": 20.9
            },
            "C5-SP": {
                "GP": 416.4
            },
            "CO2-SP": {
                "IF": 0.0
            },
            "COND": {
                "GP": 108.6,