{
    "year": 2024,
    "month": "10",
    "pt": "Saskatchewan",
    "includes_ghgrp": false,
    "volume_by_activity": {
        "DIFF": {
            "GAS": {
                "BT": 15.5,
                "CT": 0.0,
                "GP": 1463.4,
                "GS": 877.0999999999997,
                "IF": 46.0,
                "PL": 14164.4,
                "TM": 0.0,
                "WT": 0.0
            },
            "SOLV": {
                "BT": 0.0,
                "IF": 3268.5
            },
            "WASTE": {
                "IF": 1.5
            },
            "WATER": {
                "BT": 0.1,
                "CT": 0.0,
                "GP": -5.699999999999999,
                "GS": 0.0,
                "IF": 28429.299999999992,
                "PL": 0.8,
                "TM": -55.5,
                "WT": -14957.2
            }
        },
        "DISP": {
            "ACGAS": {
                "GP": 364.5
            },
            "C2-MX": {
                "GP": 163.7,
                "PL": 105.1
            },
            "C3-MX": {
                "GP": 11016.7,
                "GS": 5.4,
                "PL": 7120.6
            },
            "C3-SP": {
                "GP": 11027.1,
                "TM": 13068.9
            },
            "C4-MX": {
                "GP": 1107.9,
                "GS": 14.4
            },
            "C4-SP": {
                "GP": 6065.9,
                "PL": 2071.2,
                "TM": 20899.6
            },
            "C5-MX": {
                "GP": 1531.1,
                "GS": 62.6,
                "PL": 712.2
            },
            "C5-SP": {
                "GP": 2492.3,
                "TM": 432.6
            },
            "CO2": {
                "BT": 807.7999999999998
            },
            "CO2-MX": {
                "BT": 51379.600000000006,
                "IF": 0.0
            },
            "CO2-SP": {
                "PL": 23276.3
            },
            "COND": {
                "BT": 3641.9,
                "GP": 5831.599999999999,
                "GS": 5155.700000000001,
                "PL": 48259.1,
                "TM": 19591.6
            },
            "FSHWTR": {
                "BT": 13243.0,
                "IF": 3108.9,
                "WT": 3030342.3
            },
            "GAS": {
                "BT": 267248.3000000003,
                "CT": 48.8,
                "GP": 75225.2,
                "GS": 213814.00000000003,
                "IF": 71.3,
                "PL": 5124729.2
            },
            "HELIUM": {
                "BT": 481.19999999999993,
                "GP": 458.7
            },
            "IC4-MX": {
                "GP": 1483.2,
                "PL": 1240.3
            },
            "IC5-MX": {
                "GP": 14.5
            },
            "N2": {
                "BT": 61993.499999999985
            },
            "NC4-MX": {
                "GP": 3764.5,
                "PL": 3258.8
            },
            "OIL": {
                "BT": 1728941.8000000082,
                "CT": 184838.4,
                "GP": 1158.5,
                "GS": 60.800000000000004,
                "IF": 2328.5,
                "PL": 3497777.6999999997,
                "TM": 975627.2999999999
            },
            "POLYMER": {
                "BT": 159772.9,
                "IF": 21050.9
            },
            "SAND": {
                "BT": 5473.2000000000035,
                "CT": 160.9,
                "GP": 2.0,
                "IF": 250.49999999999997,
                "PL": 0.6,
                "TM": 76.5
            },
            "SYNCRD": {
                "PL": 315794.0
            },
            "WATER": {
                "BT": 25993129.39999988,
                "CT": 102706.1,
                "GP": 3952.4,
                "GS": 581.8,
                "IF": 256303.40000000005,
                "PL": 6312.5,
                "TM": 10477.299999999996,
                "WT": 1244455.2
            }
        },
        "FLARE": {
            "ACGAS": {
                "GP": 229.8
            },
            "ENTGAS": {
                "CT": 7.1,
                "TM": 384.8
            },
            "GAS": {
                "BT": 32628.79999999995,
                "CT": 72.1,
                "GP": 892.0,
                "GS": 584.3,
                "IF": 22.3,
                "PL": 337.9,
                "TM": 184.4
            }
        },
        "FRAC": {
            "C3-MX": {
                "GP": -850.5
            },
            "C3-SP": {
                "GP": 850.5
            },
            "C4-MX": {
                "GP": 0.0
            },
            "C4-SP": {
                "GP": 1189.9
            },
            "C5-MX": {
                "GP": 0.0
            },
            "C5-SP": {
                "GP": 1209.0
            },
            "IC4-MX": {
                "GP": -1189.9
            },
            "IC5-MX": {
                "GP": -1209.0
            },
            "NC4-MX": {
                "GP": 0.0
            },
            "NC5-MX": {
                "GP": 0.0
            }
        },
        "FUEL": {
            "GAS": {
                "BT": 43590.70000000008,
                "CT": 889.3999999999999,
                "GP": 5978.5,
                "GS": 4902.7000000000035,
                "IF": 61814.7,
                "PL": 48870.799999999996,
                "TM": 32.7,
                "WT": 3.4
            }
        },
        "IMBAL": {
            "C2-MX": {
                "GP": 0.0,
                "PL": 0.0
            },
            "C2-SP": {
                "PL": 0.0
            },
            "C3-MX": {
                "GP": 0.0,
                "GS": 0.0,
                "PL": 0.0
            },
            "C3-SP": {
                "GP": 0.0,
                "TM": 0.0
            },
            "C4-MX": {
                "GP": 0.0,
                "GS": 0.0,
                "PL": 0.0
            },
            "C4-SP": {
                "GP": 0.0
            },
            "C5-MX": {
                "GP": 0.0,
                "GS": 0.0,
                "PL": 0.0
            },
            "C5-SP": {
                "GP": 0.0,
                "GS": 0.0
            },
            "CO2": {
                "BT": 0.0,
                "GP": 0.0
            },
            "CO2-SP": {
                "PL": 0.0
            },
            "HELIUM": {
                "BT": 0.0,
                "GP": 0.0
            },
            "OIL": {
                "BT": 0.0,
                "CT": 0.0,
                "IF": 0.0,
                "PL": 0.0,
                "TM": 0.0
            }
        },
        "INJ": {
            "ACGAS": {
                "IF": 690.0
            },
            "BRINE": {
                "IF": 2415358.6999999997
            },
            "GAS": {
                "IF": 1567.2
            },
            "POLYMER": {
                "IF": 1023301.3999999992
            },
            "STEAM": {
                "IF": 841586.5999999996
            },
            "WASTE": {
                "IF": 74176.6
            },
            "WATER": {
                "IF": 29296563.600000005
            }
        },
        "INVADJ": {
            "C4-SP": {
                "PL": 47.5
            },
            "COND": {
                "PL": -448.1
            },
            "OIL": {
                "PL": -1429.3
            },
            "WATER": {
                "PL": -352.2
            }
        },
        "INVCL": {
            "C2-MX": {
                "GP": 60.0
            },
            "C2-SP": {
                "PL": 1118.8
            },
            "C3-MX": {
                "GP": 1735.9
            },
            "C3-SP": {
                "GP": 1651.6999999999998,
                "TM": 320.6
            },
            "C4-MX": {
                "GP": 44.099999999999994
            },
            "C4-SP": {
                "GP": 445.7,