{
    "year": 2023,
    "month": "03",
    "pt": "Saskatchewan",
    "includes_ghgrp": false,
    "volume_by_activity": {
        "DIFF": {
            "GAS": 32790.0,
            "SOLV": -249.9000000000001,
            "WASTE": 0.0,
            "WATER": 20275.100000000013
        },
        "DISP": {
            "C2-MX": 180.0,
            "C3-MX": 18421.300000000003,
            "C3-SP": 24368.1,
            "C4-MX": 716.5,
            "C4-SP": 33883.8,
            "C5-MX": 2707.5,
            "C5-SP": 12.2,
            "CO2": 314.29999999999995,
            "CO2-MX": 60025.7,
            "CO2-SP": 25918.0,
            "COND": 109849.8,
            "FSHWTR": 3095783.9000000004,
            "GAS": 5270780.100000001,
            "HELIUM": 517.1,
            "IC4-MX": 2773.8,
            "IC5-MX": 237.0,
            "N2": 35403.3,
            "NC4-MX": 5583.6,
            "OIL": 6764365.200000002,
            "POLYMER": 164745.6,
            "SAND": 6062.5,
            "SYNCRD": 260475.2,
            "WATER": 27464358.100000013
        },
        "FLARE": {
            "ACGAS": 742.3,
            "ENTGAS": 15.2,
            "GAS": 35319.39999999993
        },
        "FRAC": {
            "C3-MX": -816.0999999999999,
            "C3-SP": 816.0999999999999,
            "C4-SP": 1934.1,
            "C5-SP": 1265.1,
            "IC4-MX": -1934.1,
            "IC5-MX": -1265.1,
            "NC4-MX": 0.0,
            "NC5-MX": 0.0
        },
        "FUEL": {
            "GAS": 168084.6999999998
        },
        "IMBAL": {
            "C2-MX": 0.0,
            "C2-SP": 0.0,
            "C3-MX": 0.0,
            "C3-SP": 0.0,
            "C4-MX": 0.0,
            "C4-SP": 0.0,
            "C5-MX": 0.0,
            "C5-SP": 0.0,
            "CO2": 0.0,
            "CO2-SP": 0.0,
            "HELIUM": 0.0,
            "OIL": 0.0
        },
        "INJ": {
            "BRINE": 3196970.9,
            "GAS": 451.4,
            "OIL": 6.2,
            "POLYMER": 910435.8,
            "STEAM": 987758.0000000001,
            "WASTE": 91504.90000000001,
            "WATER": 28961582.799999982
        },
        "INVADJ": {
            "C4-SP": 48.1,
            "COND": -470.8,
            "OIL": -1698.8,
            "WATER": 477.40000000000003
        },
        "INVCL": {
            "C2-MX": 31.8,
            "C2-SP": 1118.8,
            "C3-MX": 1583.3,
            "C3-SP": 593.8,
            "C4-MX": 123.89999999999999,
            "C4-SP": 12398.1,
            "C5-MX": 35.3,
            "C5-SP": 487.5,
            "CO2-SP": 0.0,
            "COND": 20028.600000000002,
            "FSHWTR": 4519.1,
            "GAS": 177070.1,
            "HELIUM": 25.5,
            "IC4-MX": 242.89999999999998,
            "IC5-MX": 0.0,
            "NC4-MX": 654.3000000000001,
            "NC5-MX": 441.5,
            "OIL": 738189.6000000002,
            "WATER": 390581.0000000001
        },
        "INVOP": {
            "C2-MX": 33.300000000000004,
            "C2-SP": 1118.8,
            "C3-MX": 1164.0,
            "C3-SP": 733.1,
            "C4-MX": 120.0,
            "C4-SP": 11993.5,
            "C5-MX": 38.7,
            "C5-SP": 311.5,
            "CO2-SP": 0.0,
            "COND": 14246.499999999998,
            "FSHWTR": 4445.2,
            "GAS": 173386.4,
            "HELIUM": 18.3,
            "IC4-MX": 142.79999999999998,
            "IC5-MX": 0.0,
            "NC4-MX": 345.20000000000005,
            "NC5-MX": 231.9,
            "OIL": 811888.9000000001,
            "WATER": 408403.60000000044
        },
        "LDINJ": {
            "OIL": 1430.9000000000003,
            "WATER": 58711.299999999996
        },
        "LDINVADJ": {
            "OIL": -17.5,
            "WATER": -4418.800000000004
        },
        "LDINVCL": {
            "COND": 2.6,
            "OIL": 3510.0000000000014,
            "WATER": 633805.6999999998
        },
        "LDINVOP": {
            "COND": 2.6,
            "OIL": 3473.3000000000015,
            "WATER": 636556.2
        },
        "LDREC": {
            "OIL": 1379.1999999999996,
            "WATER": 57043.00000000002
        },
        "PROC": {
            "C2-MX": 102.7,
            "C3-MX": 8126.7,
            "C3-SP": 10590.0,
            "C4-MX": 3968.8,
            "C4-SP": 5578.8,
            "C5-MX": 2077.4000000000005,
            "C5-SP": 7084.200000000001
        },
        "PROD": {
            "CO2": 361.69999999999993,
            "FSHWTR": 1882277.8999999997,
            "GAS": 287957.0999999983,
            "HELIUM": 278.1,
            "N2": 36643.00000000001,
            "OIL": 1582295.8999999973,
            "WATER": 26071560.000000037
        },
        "PURDISP": {
            "OIL": 4378.900000000001
        },
        "PURREC": {
            "OIL": 3042.9
        },
        "REC": {
            "BRINE": 2593317.4,
            "C2-MX": 75.8,
            "C3-MX": 11530.0,
            "C3-SP": 12822.7,
            "C4-MX": 0.0,
            "C4-SP": 60749.999999999985,
            "C5-MX": 1073.3,
            "C5-SP": 12.2,
            "CO2": 314.3,
            "CO2-MX": 717697.0,
            "CO2-SP": 51836.0,
            "COND": 279188.89999999997,
            "FSHWTR": 3038217.7,
            "GAS": 5243206.900000001,
            "HELIUM": 246.20000000000002,
            "IC4-MX": 3447.9,
            "IC5-MX": 1265.1,
            "N2": 35403.299999999996,
            "NC4-MX": 4004.4,
            "NC5-MX": 0.0,
            "OIL": 4907786.6,
            "POLYMER": 164745.6,
            "SYNCRD": 260727.9,
            "WASTE": 91504.90000000001,
            "WATER": 31037682.29999997
        },
        "SHR": {
            "ACGAS": 58.3,
            "C2-MX": 29.0,
            "C3-MX": 2211.4,
            "C3-SP": 2881.9,
            "C4-MX": 943.3000000000001,
            "C4-SP": 1326.0,
            "C5-MX": 429.3,
            "C5-SP": 1464.1000000000001,
            "COND": 50.5,
            "OIL": 4256.7
        },
        "SHUTIN": {},
        "STINJ": {
            "CO2-MX": 744181.2,
            "GAS": 1765.6
        },
        "STINVCL": {
            "C3-MX": 0.0,
            "CO2-MX": 43995451.300000004,
            "GAS": 10920.2
        },
        "STINVOP": {
            "C3-MX": 0.0,
            "CO2-MX": 43807871.5,
            "GAS": 10123.2
        },
        "STREC": {
            "CO2-MX": 59942.8,
            "GAS": 6031.8
        },
        "VENT": {
            "CO2": 361.70000000000005,
            "CO2-MX": 1145.7000000000003,
            "ENTGAS": 1.0,
            "GAS": 13703.50000000015,
            "N2": 36643.0
        }
    }
}