{
    "year": 2024,
    "month": "04",
    "pt": "Saskatchewan",
    "includes_ghgrp": false,
    "volume_by_activity": {
        "DIFF": {
            "GAS": 22493.1,
            "SOLV": 3577.8999999999996,
            "WASTE": 0.0,
            "WATER": -19319.099999999995
        },
        "DISP": {
            "ACGAS": 490.0,
            "C1-MX": 2.2,
            "C2-MX": 354.4,
            "C3-MX": 22495.5,
            "C3-SP": 23227.100000000002,
            "C4-MX": 1162.4,
            "C4-SP": 32999.899999999994,
            "C5-MX": 2103.0,
            "C5-SP": 1492.8,
            "CO2": 598.3,
            "CO2-MX": 70136.70000000001,
            "CO2-SP": 15399.6,
            "COND": 93500.40000000001,
            "FSHWTR": 2981276.1999999993,
            "GAS": 5199106.999999999,
            "HELIUM": 678.9999999999999,
            "IC4-MX": 3160.2,
            "IC5-MX": 70.5,
            "N2": 50545.80000000001,
            "NC4-MX": 6676.8,
            "OIL": 6394004.699999996,
            "POLYMER": 154469.8,
            "SAND": 4827.500000000002,
            "SYNCRD": 255127.3,
            "WATER": 26516569.800000083
        },
        "FLARE": {
            "ACGAS": 230.59999999999997,
            "ENTGAS": 380.5,
            "GAS": 30745.30000000003
        },
        "FRAC": {
            "C3-MX": -943.7,
            "C3-SP": 943.7,
            "C4-SP": 1835.5,
            "C5-SP": 1217.0,
            "IC4-MX": -1835.5,
            "IC5-MX": -1217.0,
            "NC4-MX": 0.0,
            "NC5-MX": 0.0
        },
        "FUEL": {
            "GAS": 157519.99999999985
        },
        "IMBAL": {
            "C1-MX": 0.0,
            "C2-MX": 0.0,
            "C2-SP": 0.0,
            "C3-MX": 0.0,
            "C3-SP": 0.0,
            "C4-MX": 0.0,
            "C4-SP": 0.0,
            "C5-MX": 0.0,
            "C5-SP": 0.0,
            "CO2": 0.0,
            "CO2-SP": 0.0,
            "HELIUM": 0.0,
            "OIL": 0.0
        },
        "INJ": {
            "ACGAS": 838.5,
            "BRINE": 2594764.8,
            "GAS": 404.6,
            "POLYMER": 978342.1999999998,
            "STEAM": 821331.7999999999,
            "WASTE": 5974.5,
            "WATER": 28359454.099999998
        },
        "INVADJ": {
            "C4-SP": 35.3,
            "COND": -671.1,
            "OIL": -1165.7,
            "WATER": -211.90000000000003
        },
        "INVCL": {
            "C2-MX": 38.900000000000006,
            "C2-SP": 1118.8,
            "C3-MX": 1329.7,
            "C3-SP": 1399.5,
            "C4-MX": 38.5,
            "C4-SP": 12412.199999999999,
            "C5-MX": 30.799999999999997,
            "C5-SP": 524.0,
            "CO2-SP": 0.0,
            "COND": 15635.3,
            "FSHWTR": 4466.400000000001,
            "GAS": 187137.7,
            "HELIUM": 21.0,
            "IC4-MX": 267.5,
            "IC5-MX": 1.8,
            "NC4-MX": 524.2,
            "NC5-MX": 218.5,
            "OIL": 909069.6999999998,
            "WATER": 404170.50000000006
        },
        "INVOP": {
            "C2-MX": 24.599999999999998,
            "C2-SP": 1118.8,
            "C3-MX": 850.6999999999999,
            "C3-SP": 2252.7,
            "C4-MX": 51.900000000000006,
            "C4-SP": 12744.400000000001,
            "C5-MX": 37.8,
            "C5-SP": 471.30000000000007,
            "CO2-SP": 0.0,
            "COND": 25444.399999999998,
            "FSHWTR": 4502.7,
            "GAS": 198680.5,
            "HELIUM": 17.599999999999998,
            "IC4-MX": 180.29999999999998,
            "IC5-MX": 2.7,
            "NC4-MX": 333.6,
            "NC5-MX": 139.4,
            "OIL": 839212.9000000005,
            "WATER": 405488.80000000034
        },
        "LDINJ": {
            "OIL": 1208.9000000000003,
            "WATER": 7136.200000000002
        },
        "LDINVADJ": {
            "WATER": -6885.399999999999
        },
        "LDINVCL": {
            "COND": 2.6,
            "OIL": 3250.8000000000006,
            "WATER": 500309.6999999996
        },
        "LDINVOP": {
            "COND": 2.6,
            "OIL": 3261.200000000001,
            "WATER": 528978.9999999995
        },
        "LDREC": {
            "OIL": 1219.3,
            "WATER": 29072.900000000005
        },
        "PROC": {
            "C1-MX": 2.2,
            "C2-MX": 256.7,
            "C3-MX": 8610.4,
            "C3-SP": 10521.3,
            "C4-MX": 4120.0,
            "C4-SP": 5313.0,
            "C5-MX": 1611.3,
            "C5-SP": 9885.0
        },
        "PROD": {
            "CO2": 629.7,
            "FSHWTR": 1974331.0000000002,
            "GAS": 277899.79999999853,
            "HELIUM": 361.29999999999995,
            "N2": 54154.00000000001,
            "OIL": 1438856.1999999997,
            "WATER": 25389848.700000033
        },
        "PURDISP": {
            "OIL": 2172.3
        },
        "PURREC": {
            "OIL": 934.5
        },
        "REC": {
            "ACGAS": 838.5,
            "BRINE": 2230843.0,
            "C2-MX": 112.0,
            "C3-MX": 15311.6,
            "C3-SP": 10908.9,
            "C4-MX": 208.6,
            "C4-SP": 56924.100000000006,
            "C5-MX": 794.9,
            "C5-SP": 1728.5,
            "CO2": 598.3,
            "CO2-MX": 614157.1,
            "CO2-SP": 30799.2,
            "COND": 232721.9,
            "FSHWTR": 2313344.6,
            "GAS": 5146722.300000001,
            "HELIUM": 321.1,
            "IC4-MX": 3868.7,
            "IC5-MX": 1217.0,
            "N2": 50545.8,
            "NC4-MX": 5110.6,
            "NC5-MX": 0.0,
            "OIL": 4837808.500000002,
            "POLYMER": 154469.8,
            "SYNCRD": 255711.3,
            "WASTE": 5974.5,
            "WATER": 30303103.900000013
        },
        "SHR": {
            "ACGAS": 77.19999999999999,
            "C1-MX": 0.9,
            "C2-MX": 72.2,
            "C3-MX": 2343.2,
            "C3-SP": 2863.2,
            "C4-MX": 979.2999999999998,
            "C4-SP": 1262.8,
            "C5-MX": 333.0,
            "C5-SP": 2042.8999999999999,
            "COND": 78.8,
            "OIL": 4504.700000000001
        },
        "SHUTIN": {},
        "STINJ": {
            "CO2-MX": 621447.2,
            "GAS": 2367.5
        },
        "STINVCL": {
            "C3-MX": 0.0,
            "CO2-MX": 46314941.49999999,
            "GAS": 25499.699999999997
        },
        "STINVOP": {
            "C3-MX": 0.0,
            "CO2-MX": 46185214.1,
            "GAS": 25386.200000000004
        },
        "STREC": {
            "CO2-MX": 55407.299999999996,
            "GAS": 4938.599999999999
        },
        "VENT": {
            "CO2": 629.7,
            "CO2-MX": 492.29999999999995,
            "ENTGAS": 1.0,
            "GAS": 11552.100000000153,
            "N2": 54154.0
        }
    }
}