{
    "year": 2024,
    "month": "08",
    "pt": "Saskatchewan",
    "includes_ghgrp": false,
    "volume_by_activity": {
        "DIFF": {
            "GAS": {
                "BT": 48.3,
                "CT": 0.0,
                "GP": 2864.2000000000003,
                "GS": -581.8,
                "IF": 53.1,
                "PL": 15451.300000000001,
                "TM": 0.0,
                "WT": 0.0
            },
            "SOLV": {
                "BT": 0.0,
                "IF": 3677.6
            },
            "WASTE": {
                "IF": 2.9
            },
            "WATER": {
                "BT": 0.0,
                "CT": 0.0,
                "GP": 0.3,
                "GS": 0.0,
                "IF": 7297.100000000003,
                "PL": -0.3,
                "TM": 0.4,
                "WT": -17830.800000000003
            }
        },
        "DISP": {
            "ACGAS": {
                "GP": 355.6
            },
            "C2-MX": {
                "GP": 209.29999999999998,
                "PL": 162.1
            },
            "C3-MX": {
                "GP": 10277.5,
                "GS": 19.1,
                "PL": 7027.9
            },
            "C3-SP": {
                "GP": 12499.0,
                "TM": 11285.6
            },
            "C4-MX": {
                "GP": 1061.0,
                "GS": 27.9
            },
            "C4-SP": {
                "GP": 6662.3,
                "PL": 1887.6,
                "TM": 19418.5
            },
            "C5-MX": {
                "GP": 1940.0,
                "GS": 102.2,
                "PL": 1148.6
            },
            "C5-SP": {
                "GP": 0.0
            },
            "CO2": {
                "BT": 788.9
            },
            "CO2-MX": {
                "BT": 55723.2,
                "IF": 0.0
            },
            "CO2-SP": {
                "PL": 15089.3
            },
            "COND": {
                "BT": 2945.3,
                "GP": 7518.5,
                "GS": 4464.3,
                "PL": 54224.899999999994,
                "TM": 20897.300000000003
            },
            "FSHWTR": {
                "BT": 12576.0,
                "IF": 970.8,
                "WT": 3069092.2
            },
            "GAS": {
                "BT": 257411.3999999999,
                "CT": 28.8,
                "GP": 75006.09999999999,
                "GS": 205204.99999999985,
                "IF": 71.3,
                "PL": 5068024.6
            },
            "HELIUM": {
                "BT": 447.3999999999999,
                "GP": 457.0
            },
            "IC4-MX": {
                "GP": 1610.3,
                "PL": 1303.6
            },
            "IC5-MX": {
                "GP": 40.8
            },
            "N2": {
                "BT": 60257.89999999999
            },
            "NC4-MX": {
                "GP": 4018.5,
                "PL": 3342.5
            },
            "NC5-MX": {
                "GP": 17.7
            },
            "OIL": {
                "BT": 1677079.8999999994,
                "CT": 177245.50000000003,
                "GP": 3884.7999999999997,
                "GS": 80.0,
                "IF": 2227.5999999999995,
                "PL": 3537973.6999999997,
                "TM": 908883.8999999999
            },
            "POLYMER": {
                "BT": 161391.5
            },
            "SAND": {
                "BT": 5062.999999999997,
                "CT": 150.89999999999998,
                "GP": 1.9,
                "GS": 0.1,
                "IF": 246.40000000000003,
                "PL": 1.3,
                "TM": 73.39999999999999
            },
            "SYNCRD": {
                "PL": 324733.8
            },
            "WATER": {
                "BT": 25896358.300000086,
                "CT": 96772.9,
                "GP": 3427.7999999999997,
                "GS": 511.79999999999995,
                "IF": 259934.1,
                "PL": 5977.099999999999,
                "TM": 9785.100000000004,
                "WT": 1183306.7
            }
        },
        "FLARE": {
            "ACGAS": {
                "GP": 243.1
            },
            "ENTGAS": {
                "CT": 5.800000000000001,
                "TM": 495.6
            },
            "GAS": {
                "BT": 38875.499999999935,
                "CT": 66.2,
                "GP": 593.0,
                "GS": 392.1,
                "IF": 22.5,
                "PL": 358.4,
                "TM": 174.8
            }
        },
        "FRAC": {
            "C3-MX": {
                "GP": -2177.9
            },
            "C3-SP": {
                "GP": 2177.9
            },
            "C4-SP": {
                "GP": 2375.2
            },
            "C5-SP": {
                "GP": 2240.9
            },
            "IC4-MX": {
                "GP": -2375.2
            },
            "IC5-MX": {
                "GP": -2240.9
            },
            "NC4-MX": {
                "GP": 0.0
            },
            "NC5-MX": {
                "GP": 0.0
            }
        },
        "FUEL": {
            "GAS": {
                "BT": 41072.70000000012,
                "CT": 725.5999999999999,
                "GP": 6069.299999999999,
                "GS": 4905.000000000002,
                "IF": 60433.8,
                "PL": 60423.5,
                "TM": 27.0,
                "WT": 1.8
            }
        },
        "IMBAL": {
            "C2-MX": {
                "GP": 0.0,
                "PL": 0.0
            },
            "C2-SP": {
                "PL": 0.0
            },
            "C3-MX": {
                "GP": 0.0,
                "GS": 0.0,
                "PL": 0.0
            },
            "C3-SP": {
                "GP": 0.0,
                "TM": 0.0
            },
            "C4-MX": {
                "GP": 0.0,
                "GS": 0.0,
                "PL": 0.0
            },
            "C4-SP": {
                "GP": 0.0
            },
            "C5-MX": {
                "GP": 0.0,
                "GS": 0.0,
                "PL": 0.0
            },
            "C5-SP": {
                "GP": 0.0,
                "GS": 0.0
            },
            "CO2": {
                "BT": 0.0,
                "GP": 0.0
            },
            "CO2-SP": {
                "PL": 0.0
            },
            "HELIUM": {
                "BT": 0.0,
                "GP": 0.0
            },
            "OIL": {
                "BT": 0.0,
                "CT": 0.0,
                "IF": 0.0,
                "PL": 0.0,
                "TM": 0.0
            }
        },
        "INJ": {
            "ACGAS": {
                "IF": 417.3
            },
            "BRINE": {
                "IF": 2778299.099999999
            },
            "GAS": {
                "IF": 1357.9
            },
            "POLYMER": {
                "IF": 1029498.4000000005
            },
            "STEAM": {
                "IF": 844351.3000000002
            },
            "WASTE": {
                "IF": 72169.9
            },
            "WATER": {
                "IF": 29389284.799999986
            }
        },
        "INVADJ": {
            "C4-SP": {
                "PL": 10.1
            },
            "COND": {
                "PL": -383.20000000000005
            },
            "OIL": {
                "PL": -1169.1999999999998
            },
            "WATER": {
                "PL": -241.89999999999995
            }
        },
        "INVCL": {
            "C2-MX": {
                "GP": 22.0
            },
            "C2-SP": {
                "PL": 1118.8
            },
            "C3-MX": {
                "GP": 568.5
            },
            "C3-SP": {
                "GP": 1427.1,
                "TM": 229.8
            },
            "C4-MX": {
                "GP": 30.6
            },
            "C4-SP": {
                "GP": 451.0,