{
    "year": 2024,
    "month": "01",
    "pt": "Saskatchewan",
    "includes_ghgrp": false,
    "volume_by_activity": {
        "DIFF": {
            "GAS": {
                "BT": 0.0,
                "CT": 0.0,
                "GP": 1529.6,
                "GS": -1603.5,
                "IF": -121.8,
                "PL": 37624.6,
                "TM": 0.0,
                "WT": 0.0
            },
            "SOLV": {
                "BT": 0.0,
                "IF": 4219.8
            },
            "WASTE": {
                "IF": 0.0
            },
            "WATER": {
                "BT": 80.0,
                "CT": 0.0,
                "GP": 0.0,
                "GS": 0.0,
                "IF": 25399.699999999997,
                "PL": 0.0,
                "TM": 0.0,
                "WT": 10043.599999999995
            }
        },
        "DISP": {
            "ACGAS": {
                "GP": 453.0
            },
            "C1-MX": {
                "GP": 4.0
            },
            "C2-MX": {
                "GP": 218.0,
                "GS": 7.3,
                "PL": 173.3
            },
            "C3-MX": {
                "GP": 6934.599999999999,
                "GS": 11.2,
                "PL": 5752.9
            },
            "C3-SP": {
                "GP": 13346.7,
                "TM": 7452.7
            },
            "C4-MX": {
                "GP": 1013.9000000000001,
                "GS": 27.0
            },
            "C4-SP": {
                "GP": 6161.6,
                "PL": 1840.1,
                "TM": 25759.9
            },
            "C5-MX": {
                "GP": 1777.6,
                "GS": 98.9,
                "PL": 1128.8
            },
            "C5-SP": {
                "GP": 13.9
            },
            "CO2": {
                "BT": 608.4
            },
            "CO2-MX": {
                "BT": 72250.4,
                "IF": 0.0
            },
            "CO2-SP": {
                "IF": 0.0,
                "PL": 33264.3
            },
            "COND": {
                "BT": 2018.3,
                "GP": 4661.7,
                "GS": 5079.5,
                "PL": 93440.59999999999,
                "TM": 13936.8
            },
            "FSHWTR": {
                "BT": 13008.0,
                "IF": 3058.4,
                "WT": 3152463.0000000005
            },
            "GAS": {
                "BT": 247157.6000000002,
                "GP": 63416.4,
                "GS": 207764.89999999994,
                "IF": 0.0,
                "PL": 1029711.6
            },
            "HELIUM": {
                "BT": 383.99999999999994,
                "GP": 327.3
            },
            "IC4-MX": {
                "GP": 1531.6,
                "PL": 1020.8
            },
            "IC5-MX": {
                "GP": 66.3
            },
            "N2": {
                "BT": 50184.30000000001
            },
            "NC4-MX": {
                "GP": 2869.1000000000004,
                "PL": 2779.8
            },
            "NC5-MX": {
                "GP": 0.0
            },
            "OIL": {
                "BT": 1643880.6999999983,
                "CT": 195337.80000000002,
                "GP": 2949.5,
                "GS": 64.1,
                "IF": 2150.999999999999,
                "PL": 3541400.4,
                "TM": 1034042.9999999998
            },
            "POLYMER": {
                "BT": 166360.4,
                "IF": 22473.2
            },
            "SAND": {
                "BT": 4041.4999999999986,
                "CT": 165.9,
                "GP": 0.8,
                "IF": 160.89999999999998,
                "PL": 1.9,
                "TM": 59.400000000000006
            },
            "SYNCRD": {
                "PL": 246929.6
            },
            "WATER": {
                "BT": 25084337.699999947,
                "CT": 100020.9,
                "GP": 840.1,
                "GS": 348.0,
                "IF": 36393.2,
                "PL": 5912.2,
                "TM": 10410.500000000002,
                "WT": 1155442.9999999998
            }
        },
        "FLARE": {
            "ACGAS": {
                "GP": 211.2
            },
            "ENTGAS": {
                "CT": 7.300000000000001,
                "IF": 2.4,
                "TM": 232.3
            },
            "GAS": {
                "BT": 34879.60000000004,
                "CT": 61.6,
                "GP": 1040.1999999999998,
                "GS": 730.5,
                "IF": 20.0,
                "TM": 183.1
            }
        },
        "FRAC": {
            "C3-MX": {
                "GP": -975.3
            },
            "C3-SP": {
                "GP": 975.3
            },
            "C4-SP": {
                "GP": 1610.9
            },
            "C5-SP": {
                "GP": 935.3
            },
            "IC4-MX": {
                "GP": -1610.9
            },
            "IC5-MX": {
                "GP": -935.3
            },
            "NC4-MX": {
                "GP": 0.0
            },
            "NC5-MX": {
                "GP": 0.0
            }
        },
        "FUEL": {
            "GAS": {
                "BT": 40524.099999999846,
                "CT": 1150.7,
                "GP": 5195.8,
                "GS": 5357.200000000001,
                "IF": 3961.2999999999997,
                "PL": 1532.6,
                "TM": 62.099999999999994,
                "WT": 4.6
            }
        },
        "IMBAL": {
            "C1-MX": {
                "GP": 0.0
            },
            "C2-MX": {
                "GP": 0.0,
                "GS": 0.0,
                "PL": 0.0
            },
            "C2-SP": {
                "PL": 0.0
            },
            "C3-MX": {
                "GP": 0.0,
                "GS": 0.0,
                "PL": 0.0
            },
            "C3-SP": {
                "GP": 0.0,
                "TM": 0.0
            },
            "C4-MX": {
                "GP": 0.0,
                "GS": 0.0,
                "PL": 0.0
            },
            "C4-SP": {
                "GP": 0.0
            },
            "C5-MX": {
                "GP": 0.0,
                "GS": 0.0,
                "PL": 0.0
            },
            "C5-SP": {
                "GP": 0.0,
                "GS": 0.0
            },
            "CO2": {
                "BT": 0.0,
                "GP": 0.0
            },
            "CO2-SP": {
                "PL": 0.0
            },
            "HELIUM": {
                "BT": 0.0,
                "GP": 0.0
            },
            "OIL": {
                "BT": 0.0,
                "CT": 0.0,
                "IF": 0.0,
                "PL": 0.0,
                "TM": 0.0
            }
        },
        "INJ": {
            "ACGAS": {
                "IF": 860.5
            },
            "AIR": {
                "IF": 904.2
            },
            "BRINE": {
                "IF": 2815671.9
            },
            "GAS": {
                "IF": 1372.1
            },
            "POLYMER": {
                "IF": 990678.1
            },
            "STEAM": {
                "IF": 46914.4
            },
            "WASTE": {
                "IF": 58682.700000000004
            },
            "WATER": {
                "IF": 28770855.999999966
            }
        },
        "INVADJ": {
            "C4-SP": {
                "PL": 26.8
            },
            "COND": {
                "PL": -3.300000000000006
            },
            "OIL": {
                "PL": -961.5999999999998
            },
            "WATER": {
                "PL": -199.5
            }
        },
        "INVCL": {
            "C2-MX": {
                "GP": 26.7
            },
            "C2-SP": {
                "PL": 1118.8
            },
            "C3-MX": {
                "GP": 767.6
            },
            "C3-SP": {
                "GP": 643.3,