{
    "year": 2024,
    "month": "04",
    "pt": "Saskatchewan",
    "includes_ghgrp": false,
    "volume_by_activity": {
        "DIFF": {
            "GAS": {
                "BT": 0.0,
                "CT": 0.0,
                "GP": 1626.1,
                "GS": -700.6999999999998,
                "IF": -14.8,
                "PL": 21582.5,
                "TM": 0.0,
                "WT": 0.0
            },
            "SOLV": {
                "BT": 0.0,
                "IF": 3577.8999999999996
            },
            "WASTE": {
                "IF": 0.0
            },
            "WATER": {
                "BT": 0.0,
                "CT": 0.0,
                "GP": 2.3,
                "GS": 0.0,
                "IF": 22896.199999999997,
                "PL": 1.0,
                "TM": -0.1,
                "WT": -42218.5
            }
        },
        "DISP": {
            "ACGAS": {
                "GP": 490.0
            },
            "C1-MX": {
                "GP": 2.2
            },
            "C2-MX": {
                "GP": 154.6,
                "GS": 87.8,
                "PL": 112.0
            },
            "C3-MX": {
                "GP": 13391.9,
                "GS": 12.1,
                "PL": 9091.5
            },
            "C3-SP": {
                "GP": 12367.900000000001,
                "TM": 10859.2
            },
            "C4-MX": {
                "GP": 1133.0,
                "GS": 29.4
            },
            "C4-SP": {
                "GP": 7654.9,
                "PL": 2181.2,
                "TM": 23163.8
            },
            "C5-MX": {
                "GP": 1362.0,
                "GS": 107.6,
                "PL": 633.4
            },
            "C5-SP": {
                "GP": 1492.8
            },
            "CO2": {
                "BT": 598.3
            },
            "CO2-MX": {
                "BT": 70136.7,
                "IF": 0.0
            },
            "CO2-SP": {
                "PL": 15399.6
            },
            "COND": {
                "BT": 2571.0,
                "GP": 5059.599999999999,
                "GS": 5974.5,
                "PL": 68924.20000000001,
                "TM": 10971.1
            },
            "FSHWTR": {
                "BT": 10026.0,
                "IF": 3005.9,
                "WT": 2968244.3
            },
            "GAS": {
                "BT": 274975.2000000003,
                "GP": 80124.3,
                "GS": 216266.70000000036,
                "IF": 69.0,
                "PL": 4627671.8
            },
            "HELIUM": {
                "BT": 358.29999999999995,
                "GP": 320.7
            },
            "IC4-MX": {
                "GP": 1815.3999999999999,
                "PL": 1344.8
            },
            "IC5-MX": {
                "GP": 70.5
            },
            "N2": {
                "BT": 50545.80000000001
            },
            "NC4-MX": {
                "GP": 3358.9,
                "PL": 3317.9
            },
            "OIL": {
                "BT": 1704169.699999999,
                "CT": 195533.00000000003,
                "GP": 2102.7000000000003,
                "GS": 79.2,
                "IF": 2290.9,
                "PL": 3472188.6,
                "TM": 1017640.6000000001
            },
            "POLYMER": {
                "BT": 154469.8
            },
            "SAND": {
                "BT": 4169.600000000001,
                "CT": 264.9,
                "GP": 8.4,
                "IF": 247.39999999999998,
                "PL": 0.5,
                "TM": 136.49999999999997,
                "WT": 0.2
            },
            "SYNCRD": {
                "PL": 255127.3
            },
            "WATER": {
                "BT": 25026073.10000004,
                "CT": 88097.40000000001,
                "GP": 1680.1999999999998,
                "GS": 427.20000000000005,
                "IF": 257432.80000000005,
                "PL": 5829.1,
                "TM": 10000.099999999999,
                "WT": 1127029.9
            }
        },
        "FLARE": {
            "ACGAS": {
                "GP": 230.6
            },
            "ENTGAS": {
                "CT": 6.2,
                "IF": 0.5,
                "TM": 373.8
            },
            "GAS": {
                "BT": 29425.899999999987,
                "CT": 52.3,
                "GP": 705.8,
                "GS": 356.30000000000007,
                "IF": 22.3,
                "PL": 26.5,
                "TM": 156.2
            }
        },
        "FRAC": {
            "C3-MX": {
                "GP": -943.7
            },
            "C3-SP": {
                "GP": 943.7
            },
            "C4-SP": {
                "GP": 1835.5
            },
            "C5-SP": {
                "GP": 1217.0
            },
            "IC4-MX": {
                "GP": -1835.5
            },
            "IC5-MX": {
                "GP": -1217.0
            },
            "NC4-MX": {
                "GP": 0.0
            },
            "NC5-MX": {
                "GP": 0.0
            }
        },
        "FUEL": {
            "GAS": {
                "BT": 42013.29999999951,
                "CT": 902.9,
                "GP": 4982.1,
                "GS": 5243.1,
                "IF": 58330.899999999994,
                "PL": 46003.1,
                "TM": 42.4,
                "WT": 2.2
            }
        },
        "IMBAL": {
            "C1-MX": {
                "GP": 0.0
            },
            "C2-MX": {
                "GP": 0.0,
                "GS": 0.0,
                "PL": 0.0
            },
            "C2-SP": {
                "PL": 0.0
            },
            "C3-MX": {
                "GP": 0.0,
                "GS": 0.0,
                "PL": 0.0
            },
            "C3-SP": {
                "GP": 0.0,
                "TM": 0.0
            },
            "C4-MX": {
                "GP": 0.0,
                "GS": 0.0,
                "PL": 0.0
            },
            "C4-SP": {
                "GP": 0.0
            },
            "C5-MX": {
                "GP": 0.0,
                "GS": 0.0,
                "PL": 0.0
            },
            "C5-SP": {
                "GP": 0.0,
                "GS": 0.0
            },
            "CO2": {
                "BT": 0.0,
                "GP": 0.0
            },
            "CO2-SP": {
                "PL": 0.0
            },
            "HELIUM": {
                "BT": 0.0,
                "GP": 0.0
            },
            "OIL": {
                "BT": 0.0,
                "CT": 0.0,
                "IF": 0.0,
                "PL": 0.0,
                "TM": 0.0
            }
        },
        "INJ": {
            "ACGAS": {
                "IF": 838.5
            },
            "BRINE": {
                "IF": 2594764.8000000003
            },
            "GAS": {
                "IF": 404.6
            },
            "POLYMER": {
                "IF": 978342.2000000003
            },
            "STEAM": {
                "IF": 821331.8
            },
            "WASTE": {
                "IF": 5974.5
            },
            "WATER": {
                "IF": 28359454.09999995
            }
        },
        "INVADJ": {
            "C4-SP": {
                "PL": 35.3
            },
            "COND": {
                "PL": -671.0999999999999
            },
            "OIL": {
                "PL": -1165.6999999999998
            },
            "WATER": {
                "PL": -211.90000000000006
            }
        },
        "INVCL": {
            "C2-MX": {
                "GP": 38.9
            },
            "C2-SP": {
                "PL": 1118.8
            },
            "C3-MX": {
                "GP": 1329.7
            },
            "C3-SP": {
                "GP": 1026.3,
                "TM": 373.2
            },
            "C4-MX": {
                "GP": 38.5
            },