{
    "year": 2023,
    "month": "06",
    "pt": "Saskatchewan",
    "includes_ghgrp": false,
    "volume_by_activity": {
        "DIFF": {
            "GAS": -8702.2,
            "SOLV": -988.9000000000001,
            "WASTE": 0.0,
            "WATER": 49739.5
        },
        "DISP": {
            "C1-MX": 9.6,
            "C2-MX": 133.39999999999998,
            "C2-SP": 7035.6,
            "C3-MX": 10025.9,
            "C3-SP": 24876.6,
            "C4-MX": 900.5,
            "C4-SP": 32906.6,
            "C5-MX": 1863.1999999999998,
            "C5-SP": 1172.7,
            "CO2": 368.8000000000001,
            "CO2-MX": 57849.1,
            "CO2-SP": 31612.9,
            "COND": 93097.19999999998,
            "FSHWTR": 2920447.1,
            "GAS": 4931582.5,
            "HELIUM": 643.9,
            "IC4-MX": 1232.4,
            "IC5-MX": 86.0,
            "N2": 42359.90000000001,
            "NC4-MX": 1881.6,
            "OIL": 6242047.199999999,
            "POLYMER": 170436.0,
            "SAND": 6536.400000000008,
            "SYNCRD": 277212.3,
            "WATER": 25998521.700000055
        },
        "FLARE": {
            "ACGAS": 418.7,
            "ENTGAS": 10.6,
            "GAS": 41879.299999999974
        },
        "FRAC": {
            "C3-MX": -896.0999999999999,
            "C3-SP": 896.0999999999999,
            "C4-SP": 1933.6,
            "C5-SP": 1188.6,
            "IC4-MX": -1933.6,
            "IC5-MX": -1188.6,
            "NC4-MX": 0.0,
            "NC5-MX": 0.0
        },
        "FUEL": {
            "GAS": 153494.89999999994
        },
        "IMBAL": {
            "C1-MX": 0.0,
            "C2-MX": 0.0,
            "C2-SP": 0.0,
            "C3-MX": 0.0,
            "C3-SP": 0.0,
            "C4-MX": 0.0,
            "C4-SP": 0.0,
            "C5-MX": 0.0,
            "C5-SP": 0.0,
            "CO2": 0.0,
            "CO2-SP": 0.0,
            "HELIUM": 0.0,
            "OIL": -146.4
        },
        "INJ": {
            "AIR": 1085.8,
            "BRINE": 2481770.9999999995,
            "GAS": 292.5,
            "POLYMER": 954928.6000000001,
            "STEAM": 932954.5,
            "WASTE": 85579.4,
            "WATER": 27278173.60000001
        },
        "INVADJ": {
            "C4-SP": 16.4,
            "COND": -117.2,
            "OIL": 7260.599999999998,
            "WATER": 629.7
        },
        "INVCL": {
            "C2-MX": 16.2,
            "C2-SP": 1118.8,
            "C3-MX": 796.1999999999999,
            "C3-SP": 1013.3,
            "C4-MX": 57.8,
            "C4-SP": 11922.599999999999,
            "C5-MX": 7.800000000000001,
            "C5-SP": 418.0,
            "CO2-SP": 0.0,
            "COND": 20601.6,
            "FSHWTR": 4512.5,
            "GAS": 171289.9,
            "HELIUM": 18.7,
            "IC4-MX": 123.0,
            "IC5-MX": 0.0,
            "NC4-MX": 331.8,
            "NC5-MX": 222.29999999999998,
            "OIL": 598002.6000000002,
            "WATER": 402277.3000000006
        },
        "INVOP": {
            "C2-MX": 23.7,
            "C2-SP": 1118.8,
            "C3-MX": 1320.2,
            "C3-SP": 946.0999999999999,
            "C4-MX": 63.099999999999994,
            "C4-SP": 12053.0,
            "C5-MX": 15.100000000000001,
            "C5-SP": 479.09999999999997,
            "CO2-SP": 0.0,
            "COND": 16154.799999999997,
            "FSHWTR": 4560.900000000001,
            "GAS": 177376.6,
            "HELIUM": 32.5,
            "IC4-MX": 180.79999999999998,
            "IC5-MX": 0.0,
            "NC4-MX": 487.40000000000003,
            "NC5-MX": 328.1,
            "OIL": 601643.8999999997,
            "WATER": 391331.2000000004
        },
        "LDINJ": {
            "OIL": 1821.9000000000003,
            "WATER": 45184.0
        },
        "LDINVADJ": {
            "OIL": 105.79999999999998,
            "WATER": -15676.2
        },
        "LDINVCL": {
            "COND": 3.5,
            "OIL": 3198.9000000000015,
            "WATER": 544050.4999999997
        },
        "LDINVOP": {
            "COND": 20.6,
            "OIL": 3078.0000000000014,
            "WATER": 554754.6000000001
        },
        "LDREC": {
            "COND": 17.1,
            "OIL": 1806.7999999999993,
            "WATER": 40103.99999999999
        },
        "PROC": {
            "C1-MX": 9.6,
            "C2-MX": 87.49999999999999,
            "C2-SP": 3517.8,
            "C3-MX": 4046.7999999999997,
            "C3-SP": 10740.7,
            "C4-MX": 2322.7000000000003,
            "C4-SP": 5238.2,
            "C5-MX": 1292.0,
            "C5-SP": 6990.599999999999
        },
        "PROD": {
            "CO2": 450.70000000000005,
            "FSHWTR": 1832804.0999999999,
            "GAS": 284069.89999999746,
            "HELIUM": 336.4,
            "N2": 44925.600000000006,
            "OIL": 1452428.2999999935,
            "WATER": 24669804.399999972
        },
        "PURDISP": {
            "OIL": 2571.999999999999
        },
        "PURREC": {
            "OIL": 1074.0
        },
        "REC": {
            "BRINE": 2164104.4000000004,
            "C2-MX": 38.4,
            "C2-SP": 3517.8,
            "C3-MX": 6354.6,
            "C3-SP": 13307.0,
            "C4-MX": 226.8,
            "C4-SP": 52352.700000000004,
            "C5-MX": 667.5,
            "C5-SP": 1661.3000000000002,
            "CO2": 368.8,
            "CO2-MX": 697385.3999999999,
            "CO2-SP": 63225.8,
            "COND": 240065.5,
            "FSHWTR": 2532113.0,
            "GAS": 4849016.500000001,
            "HELIUM": 293.7,
            "IC4-MX": 2325.7,
            "IC5-MX": 1188.6,
            "N2": 42359.899999999994,
            "NC4-MX": 1081.0,
            "NC5-MX": 0.0,
            "OIL": 4603892.3999999985,
            "POLYMER": 170436.0,
            "SYNCRD": 277488.5,
            "WASTE": 85579.4,
            "WATER": 29434958.199999996
        },
        "SHR": {
            "ACGAS": 53.3,
            "C1-MX": 4.2,
            "C2-MX": 24.7,
            "C2-SP": 989.9,
            "C3-MX": 1101.3000000000002,
            "C3-SP": 2922.7999999999997,
            "C4-MX": 552.0,
            "C4-SP": 1245.0,
            "C5-MX": 267.0,
            "C5-SP": 1444.7000000000003,
            "COND": 46.4,
            "OIL": 4207.2
        },
        "SHUTIN": {},
        "STINJ": {
            "CO2-MX": 731239.4999999999,
            "GAS": 2344.1
        },
        "STINVCL": {
            "C3-MX": 0.0,
            "CO2-MX": 44607178.2,
            "GAS": 15690.1
        },
        "STINVOP": {
            "C3-MX": 0.0,
            "CO2-MX": 44406312.9,
            "GAS": 14417.400000000001
        },
        "STREC": {
            "CO2-MX": 56493.600000000006,
            "GAS": 4892.9
        },
        "VENT": {
            "CO2": 450.7,
            "CO2-MX": 852.9999999999998,
            "ENTGAS": 1.0,
            "GAS": 13177.100000000159,
            "N2": 44925.6
        }
    }
}