{
    "year": 2022,
    "month": "11",
    "pt": "Saskatchewan",
    "includes_ghgrp": false,
    "volume_by_activity": {
        "DIFF": {
            "GAS": {
                "BT": -0.1,
                "CT": 0.0,
                "GP": 813.0999999999999,
                "GS": -118.40000000000022,
                "IF": 136.70000000000002,
                "PL": 33967.5,
                "TM": 0.0,
                "WT": 0.0
            },
            "SOLV": {
                "BT": 0.0,
                "IF": 2950.2000000000003
            },
            "WASTE": {
                "IF": 0.0
            },
            "WATER": {
                "BT": 10.4,
                "CT": 0.0,
                "GP": 0.0,
                "GS": 0.0,
                "IF": 32291.49999999999,
                "PL": 2.7,
                "TM": -3.8,
                "WT": -32372.8
            }
        },
        "DISP": {
            "C2-MX": {
                "GP": 177.8,
                "GS": 1.8,
                "PL": 151.8
            },
            "C3-MX": {
                "GP": 8752.9,
                "GS": 3.7,
                "PL": 6362.1
            },
            "C3-SP": {
                "GP": 13812.900000000001,
                "TM": 12146.8
            },
            "C4-MX": {
                "GP": 618.8,
                "GS": 10.1
            },
            "C4-SP": {
                "GP": 7675.2,
                "TM": 22087.7
            },
            "C5-MX": {
                "GP": 1561.8,
                "GS": 34.8,
                "PL": 1067.3
            },
            "C5-SP": {
                "GP": 36.0
            },
            "CO2": {
                "BT": 353.2000000000001
            },
            "CO2-MX": {
                "BT": 56653.5
            },
            "CO2-SP": {
                "PL": 14530.6
            },
            "COND": {
                "GP": 7396.5,
                "GS": 4012.3,
                "PL": 75770.69999999998,
                "TM": 11921.099999999999
            },
            "FSHWTR": {
                "IF": 10079.1,
                "WT": 2950478.2000000007
            },
            "GAS": {
                "BT": 303649.6999999993,
                "GP": 66340.0,
                "GS": 221571.5000000002,
                "PL": 4540074.9
            },
            "HELIUM": {
                "BT": 250.99999999999991,
                "GP": 213.6
            },
            "IC4-MX": {
                "GP": 1381.2,
                "PL": 765.1
            },
            "IC5-MX": {
                "GP": 209.8
            },
            "N2": {
                "BT": 30536.7
            },
            "NC4-MX": {
                "GP": 1866.0,
                "PL": 1866.0
            },
            "OIL": {
                "BT": 1861017.0999999968,
                "CT": 161256.9,
                "GP": 728.7,
                "IF": 1636.2999999999997,
                "PL": 3364226.4999999995,
                "TM": 1002170.0,
                "WT": 0.3
            },
            "POLYMER": {
                "BT": 52829.7,
                "IF": 24527.7
            },
            "SAND": {
                "BT": 5106.099999999995,
                "CT": 194.2,
                "GP": 0.1,
                "IF": 319.30000000000007,
                "PL": 88.69999999999999,
                "TM": 66.8,
                "WT": 1.2
            },
            "SYNCRD": {
                "PL": 271094.5
            },
            "WATER": {
                "BT": 25024780.10000003,
                "CT": 105956.2,
                "GP": 400.8,
                "GS": 572.4,
                "IF": 282954.6,
                "PL": 4656.699999999999,
                "TM": 10506.200000000004,
                "WT": 1080154.4
            }
        },
        "FLARE": {
            "ACGAS": {
                "GP": 711.8
            },
            "ENTGAS": {
                "CT": 6.0
            },
            "GAS": {
                "BT": 33686.10000000001,
                "CT": 54.0,
                "GP": 1202.8999999999999,
                "GS": 708.6999999999999,
                "PL": 175.1,
                "TM": 186.2
            }
        },
        "FRAC": {
            "C3-MX": {
                "GP": -521.6
            },
            "C3-SP": {
                "GP": 521.6
            },
            "C4-SP": {
                "GP": 1788.3
            },
            "C5-SP": {
                "GP": 1036.5
            },
            "IC4-MX": {
                "GP": -1788.3
            },
            "IC5-MX": {
                "GP": -1036.5
            },
            "NC4-MX": {
                "GP": 0.0
            },
            "NC5-MX": {
                "GP": 0.0
            }
        },
        "FUEL": {
            "GAS": {
                "BT": 46620.499999999876,
                "CT": 975.1999999999998,
                "GP": 5039.899999999999,
                "GS": 6092.300000000001,
                "IF": 66871.09999999999,
                "PL": 51620.1,
                "TM": 21.3,
                "WT": 4.2
            }
        },
        "IMBAL": {
            "C2-MX": {
                "GP": 0.0,
                "GS": 0.0,
                "PL": 0.0
            },
            "C2-SP": {
                "PL": 0.0
            },
            "C3-MX": {
                "GP": 0.0,
                "GS": 0.0,
                "PL": 0.0
            },
            "C3-SP": {
                "GP": 0.0,
                "TM": 0.0
            },
            "C4-MX": {
                "GP": 0.0,
                "GS": 0.0,
                "PL": 0.0
            },
            "C4-SP": {
                "GP": 0.0
            },
            "C5-MX": {
                "GP": 0.0,
                "GS": 0.0,
                "PL": 0.0
            },
            "C5-SP": {
                "GP": 0.0,
                "GS": 0.0
            },
            "CO2": {
                "BT": 0.0,
                "GP": 0.0
            },
            "CO2-SP": {
                "PL": 0.0
            },
            "HELIUM": {
                "BT": 0.0,
                "GP": 0.0
            },
            "OIL": {
                "BT": 0.0,
                "CT": 0.0,
                "PL": 0.0,
                "TM": 0.0,
                "WT": 0.0
            }
        },
        "INJ": {
            "BRINE": {
                "IF": 2666387.0
            },
            "GAS": {
                "IF": 484.8
            },
            "OIL": {
                "IF": 69.8
            },
            "POLYMER": {
                "IF": 790820.0999999999
            },
            "STEAM": {
                "IF": 938497.9000000003
            },
            "WASTE": {
                "IF": 59910.6
            },
            "WATER": {
                "IF": 27688453.8
            }
        },
        "INVADJ": {
            "C4-SP": {
                "PL": -9.8
            },
            "COND": {
                "PL": 161.8
            },
            "OIL": {
                "CT": -44.7,
                "PL": -2609.2
            },
            "WATER": {
                "CT": -0.1,
                "PL": -221.70000000000002
            }
        },
        "INVCL": {
            "C2-MX": {
                "GP": 29.9
            },
            "C2-SP": {
                "PL": 1118.8
            },
            "C3-MX": {
                "GP": 1069.0
            },
            "C3-SP": {
                "GP": 870.1
            },
            "C4-MX": {
                "GP": 137.1
            },
            "C4-SP": {
                "GP": 424.2,
                "PL": 436.3,
                "TM": 10956.599999999999
            },
            "C5-MX": {
                "GP": 53.6
            },
            "C5-SP": {
                "GP": 436.29999999999995
            },
            "CO2-SP": {
                "IF": 0.0
            },