{
    "year": 2022,
    "month": "12",
    "pt": "Saskatchewan",
    "includes_ghgrp": false,
    "volume_by_activity": {
        "DIFF": {
            "GAS": {
                "BT": 0.0,
                "CT": 0.0,
                "GP": 731.5999999999999,
                "GS": 91.39999999999993,
                "IF": 272.29999999999995,
                "PL": 37876.7,
                "TM": 0.0,
                "WT": 0.0
            },
            "SOLV": {
                "BT": 0.0,
                "IF": 161.9000000000001
            },
            "WASTE": {
                "IF": 0.2
            },
            "WATER": {
                "BT": 0.0,
                "CT": 0.0,
                "GP": -3.9,
                "GS": 0.0,
                "IF": -8920.20000000001,
                "PL": 0.0,
                "TM": -1.5,
                "WT": -18634.0
            }
        },
        "DISP": {
            "C2-MX": {
                "GP": 168.39999999999998,
                "GS": 3.6,
                "PL": 144.6
            },
            "C2-SP": {
                "GP": 1779.2,
                "PL": 1779.2
            },
            "C3-MX": {
                "GP": 10423.5,
                "GS": 7.3,
                "PL": 7174.4
            },
            "C3-SP": {
                "GP": 10312.0,
                "TM": 6697.799999999999
            },
            "C4-MX": {
                "GP": 678.7,
                "GS": 20.2
            },
            "C4-SP": {
                "GP": 7495.9,
                "PL": 8.9,
                "TM": 23358.399999999998
            },
            "C5-MX": {
                "GP": 1445.6,
                "GS": 69.7,
                "PL": 1017.0
            },
            "C5-SP": {
                "GP": 0.0
            },
            "CO2": {
                "BT": 327.20000000000005
            },
            "CO2-MX": {
                "BT": 55702.3
            },
            "CO2-SP": {
                "PL": 31739.6
            },
            "COND": {
                "BT": 31.2,
                "GP": 6989.8,
                "GS": 4050.4,
                "PL": 73667.50000000001,
                "TM": 10240.5
            },
            "FSHWTR": {
                "IF": 6272.4,
                "WT": 3096186.9
            },
            "GAS": {
                "BT": 299414.80000000016,
                "GP": 65299.6,
                "GS": 212732.3999999999,
                "IF": 71.3,
                "PL": 5379434.9
            },
            "HELIUM": {
                "BT": 272.7,
                "GP": 222.4
            },
            "IC4-MX": {
                "GP": 1347.4,
                "PL": 655.5
            },
            "IC5-MX": {
                "GP": 187.70000000000002
            },
            "N2": {
                "BT": 32852.5
            },
            "NC4-MX": {
                "GP": 1597.4,
                "PL": 1597.4
            },
            "OIL": {
                "BT": 1875635.6999999976,
                "CT": 171866.1,
                "GP": 880.1999999999999,
                "IF": 1632.4999999999998,
                "PL": 3303677.0000000005,
                "TM": 1067993.9
            },
            "POLYMER": {
                "BT": 88400.7,
                "IF": 25452.7
            },
            "SAND": {
                "BT": 4489.299999999999,
                "CT": 164.0,
                "GP": 0.8,
                "IF": 245.8,
                "PL": 1.4,
                "TM": 59.300000000000004
            },
            "SYNCRD": {
                "PL": 160405.4
            },
            "WATER": {
                "BT": 25388358.00000004,
                "CT": 104275.90000000001,
                "GP": 353.2,
                "GS": 380.8,
                "IF": 289683.5,
                "PL": 4762.500000000001,
                "TM": 10936.400000000001,
                "WT": 1071340.5
            }
        },
        "FLARE": {
            "ACGAS": {
                "GP": 724.2
            },
            "ENTGAS": {
                "CT": 11.2
            },
            "GAS": {
                "BT": 34101.49999999998,
                "CT": 57.1,
                "GP": 1147.8,
                "GS": 331.4,
                "PL": 492.7,
                "TM": 198.0
            }
        },
        "FRAC": {
            "C3-MX": {
                "GP": -496.9
            },
            "C3-SP": {
                "GP": 496.9
            },
            "C4-SP": {
                "GP": 1978.8
            },
            "C5-SP": {
                "GP": 1098.9
            },
            "IC4-MX": {
                "GP": -1978.8
            },
            "IC5-MX": {
                "GP": -1098.9
            },
            "NC4-MX": {
                "GP": 0.0
            },
            "NC5-MX": {
                "GP": 0.0
            }
        },
        "FUEL": {
            "GAS": {
                "BT": 50037.69999999983,
                "CT": 1062.4,
                "GP": 5382.7,
                "GS": 6235.499999999998,
                "IF": 71426.40000000001,
                "PL": 59973.2,
                "TM": 74.89999999999999,
                "WT": 5.0
            }
        },
        "IMBAL": {
            "C2-MX": {
                "GP": 0.0,
                "GS": 0.0,
                "PL": 0.0
            },
            "C2-SP": {
                "GP": 0.0,
                "PL": 0.0
            },
            "C3-MX": {
                "GP": 0.0,
                "GS": 0.0,
                "PL": 0.0
            },
            "C3-SP": {
                "GP": 0.0,
                "TM": 0.0
            },
            "C4-MX": {
                "GP": 0.0,
                "GS": 0.0,
                "PL": 0.0
            },
            "C4-SP": {
                "GP": 0.0
            },
            "C5-MX": {
                "GP": 0.0,
                "GS": 0.0,
                "PL": 0.0
            },
            "C5-SP": {
                "GP": 0.0,
                "GS": 0.0
            },
            "CO2": {
                "BT": 0.0,
                "GP": 0.0
            },
            "CO2-SP": {
                "PL": 0.0
            },
            "HELIUM": {
                "BT": 0.0,
                "GP": 0.0
            },
            "OIL": {
                "BT": 0.0,
                "CT": 0.0,
                "PL": 0.0,
                "TM": 0.0
            }
        },
        "INJ": {
            "BRINE": {
                "IF": 2937545.9
            },
            "GAS": {
                "IF": 436.5
            },
            "OIL": {
                "IF": 14.4
            },
            "POLYMER": {
                "IF": 850380.6
            },
            "STEAM": {
                "IF": 995636.4999999997
            },
            "WASTE": {
                "IF": 58443.600000000006
            },
            "WATER": {
                "IF": 28214870.099999946
            }
        },
        "INVADJ": {
            "C4-SP": {
                "PL": 39.7
            },
            "COND": {
                "PL": -21.200000000000003
            },
            "OIL": {
                "PL": -1939.6000000000004
            },
            "WATER": {
                "PL": -132.60000000000002
            }
        },
        "INVCL": {
            "C2-MX": {
                "GP": 47.900000000000006
            },
            "C2-SP": {
                "PL": 1118.8
            },
            "C3-MX": {
                "GP": 1904.7
            },
            "C3-SP": {
                "GP": 1619.6
            },
            "C4-MX": {
                "GP": 69.3
            },
            "C4-SP": {
                "GP": 343.5,
                "PL": 417.8,
                "TM": 10981.2
            },
            "C5-MX": {
                "GP": 31.2
            },
            "C5-SP": {
                "GP": 451.40000000000003
            },