{
    "year": 2024,
    "month": "06",
    "pt": "Saskatchewan",
    "includes_ghgrp": false,
    "volume_by_activity": {
        "DIFF": {
            "GAS": 37871.3,
            "SOLV": 6028.7,
            "WASTE": 0.0,
            "WATER": 21300.09999999999
        },
        "DISP": {
            "ACGAS": 279.0,
            "C1-MX": 0.0,
            "C2-MX": 354.5,
            "C3-MX": 15016.8,
            "C3-SP": 30688.0,
            "C4-MX": 1099.0,
            "C4-SP": 29573.7,
            "C5-MX": 2601.1,
            "C5-SP": 1174.9,
            "CO2": 729.4000000000001,
            "CO2-MX": 62913.1,
            "CO2-SP": 14616.5,
            "COND": 61511.4,
            "FSHWTR": 2930239.2000000007,
            "GAS": 5434035.3,
            "HELIUM": 744.8,
            "IC4-MX": 2904.9,
            "IC5-MX": 37.2,
            "N2": 52320.19999999999,
            "NC4-MX": 6996.8,
            "NC5-MX": 105.6,
            "OIL": 5867100.3,
            "POLYMER": 159748.5,
            "SAND": 5771.099999999997,
            "SYNCRD": 1.7,
            "WATER": 26244092.40000003
        },
        "FIRE": {
            "OIL": 74.9
        },
        "FLARE": {
            "ACGAS": 428.09999999999997,
            "ENTGAS": 585.1999999999999,
            "GAS": 33866.199999999975
        },
        "FRAC": {
            "C3-MX": -1653.2,
            "C3-SP": 1653.2,
            "C4-SP": 1803.4,
            "C5-SP": 1448.7,
            "IC4-MX": -1803.4,
            "IC5-MX": -1448.7,
            "NC4-MX": 0.0,
            "NC5-MX": 0.0
        },
        "FUEL": {
            "GAS": 155446.7000000001
        },
        "IMBAL": {
            "C1-MX": 0.0,
            "C2-MX": 0.0,
            "C2-SP": 0.0,
            "C3-MX": 0.0,
            "C3-SP": 0.0,
            "C4-MX": 0.0,
            "C4-SP": 0.0,
            "C5-MX": 0.0,
            "C5-SP": 0.0,
            "CO2": 0.0,
            "CO2-SP": 0.0,
            "HELIUM": 0.0,
            "OIL": 246.2
        },
        "INJ": {
            "ACGAS": 646.5,
            "BRINE": 3262931.0,
            "GAS": 1312.8,
            "POLYMER": 990729.8,
            "STEAM": 762484.1000000001,
            "WASTE": 57952.5,
            "WATER": 27867755.9
        },
        "INVADJ": {
            "C4-SP": -16.2,
            "COND": -217.89999999999998,
            "OIL": 22668.6,
            "WATER": -197.1
        },
        "INVCL": {
            "C2-MX": 42.400000000000006,
            "C2-SP": 1118.8,
            "C3-MX": 1461.0,
            "C3-SP": 1982.0,
            "C4-MX": 68.6,
            "C4-SP": 12045.9,
            "C5-MX": 44.4,
            "C5-SP": 433.70000000000005,
            "CO2-SP": 0.0,
            "COND": 17956.9,
            "FSHWTR": 4470.499999999999,
            "GAS": 187995.0,
            "HELIUM": 22.799999999999997,
            "IC4-MX": 246.0,
            "IC5-MX": 0.0,
            "NC4-MX": 574.6,
            "NC5-MX": 239.5,
            "OIL": 777496.6999999996,
            "WATER": 413893.9999999998
        },
        "INVOP": {
            "C2-MX": 57.800000000000004,
            "C2-SP": 1118.8,
            "C3-MX": 1994.9,
            "C3-SP": 2423.0,
            "C4-MX": 54.5,
            "C4-SP": 12529.5,
            "C5-MX": 41.400000000000006,
            "C5-SP": 428.7,
            "CO2-SP": 0.0,
            "COND": 19785.1,
            "FSHWTR": 4443.400000000001,
            "GAS": 189747.7,
            "HELIUM": 25.200000000000003,
            "IC4-MX": 351.9,
            "IC5-MX": 0.6,
            "NC4-MX": 787.2,
            "NC5-MX": 327.8,
            "OIL": 827348.6000000004,
            "WATER": 401862.49999999994
        },
        "LDINJ": {
            "COND": 29.0,
            "OIL": 1756.2000000000003,
            "WATER": 21247.699999999997
        },
        "LDINVADJ": {
            "OIL": 0.0,
            "WATER": -3498.4999999999995
        },
        "LDINVCL": {
            "COND": 9.0,
            "OIL": 3353.2000000000016,
            "WATER": 457493.9000000005
        },
        "LDINVOP": {
            "COND": 2.6,
            "OIL": 3218.500000000002,
            "WATER": 467157.29999999993
        },
        "LDREC": {
            "COND": 22.6,
            "OIL": 1621.5000000000002,
            "WATER": 27126.699999999983
        },
        "PROC": {
            "C1-MX": 0.0,
            "C2-MX": 184.20000000000002,
            "C3-MX": 6527.5,
            "C3-SP": 11586.1,
            "C4-MX": 3904.2000000000003,
            "C4-SP": 5411.9,
            "C5-MX": 1782.1999999999998,
            "C5-SP": 8570.199999999999
        },
        "PROD": {
            "CO2": 749.9,
            "FSHWTR": 1912385.6,
            "GAS": 263731.19999999896,
            "HELIUM": 388.9,
            "N2": 55439.59999999999,
            "OIL": 1330195.9000000008,
            "WATER": 25133149.499999974
        },
        "PURDISP": {
            "OIL": 4658.7
        },
        "PURREC": {
            "OIL": 2611.2000000000003
        },
        "REC": {
            "ACGAS": 646.5,
            "BRINE": 2687911.8999999994,
            "C2-MX": 154.9,
            "C3-MX": 9610.8,
            "C3-SP": 17007.7,
            "C4-MX": 121.3,
            "C4-SP": 50113.0,
            "C5-MX": 969.6999999999999,
            "C5-SP": 1984.9,
            "CO2": 729.4,
            "CO2-MX": 622941.5,
            "CO2-SP": 29233.0,
            "COND": 174986.99999999994,
            "FSHWTR": 2603358.0,
            "GAS": 5415228.9,
            "HELIUM": 353.5,
            "IC4-MX": 3736.3,
            "IC5-MX": 1448.7,
            "N2": 52320.2,
            "NC4-MX": 4859.2,
            "NC5-MX": 0.0,
            "OIL": 4314522.9,
            "POLYMER": 159748.5,
            "WASTE": 57952.5,
            "WATER": 29751041.400000006
        },
        "SHR": {
            "ACGAS": 72.3,
            "C1-MX": 0.0,
            "C2-MX": 51.900000000000006,
            "C3-MX": 1776.3,
            "C3-SP": 3152.9,
            "C4-MX": 927.8,
            "C4-SP": 1286.3,
            "C5-MX": 368.5,
            "C5-SP": 1771.2,
            "COND": 97.4,
            "OIL": 3754.1000000000004
        },
        "SHUTIN": {},
        "SPILL": {
            "OIL": 7.0,
            "WATER": 55.5
        },
        "STINJ": {
            "CO2-MX": 623893.5000000001,
            "GAS": 950.1
        },
        "STINVCL": {
            "C3-MX": 0.0,
            "CO2-MX": 46672045.0,
            "GAS": 23905.899999999998
        },
        "STINVOP": {
            "C3-MX": 0.0,
            "CO2-MX": 46485004.400000006,
            "GAS": 25162.800000000003
        },
        "STREC": {
            "CO2-MX": 61186.29999999999,
            "GAS": 4494.7
        },
        "VENT": {
            "CO2": 749.9,
            "CO2-MX": 297.4,
            "ENTGAS": 1.0,
            "GAS": 10791.400000000165,
            "N2": 55439.59999999999
        }
    }
}