{
    "year": 2022,
    "month": "10",
    "pt": "Saskatchewan",
    "includes_ghgrp": false,
    "volume_by_activity": {
        "DIFF": {
            "GAS": 11630.4,
            "SOLV": 4908.299999999999,
            "WASTE": 0.0,
            "WATER": 26234.40000000001
        },
        "DISP": {
            "C2-MX": 327.0,
            "C3-MX": 15141.9,
            "C3-SP": 27804.6,
            "C4-MX": 754.1999999999999,
            "C4-SP": 31006.299999999996,
            "C5-MX": 3380.3,
            "C5-SP": 25.4,
            "CO2": 413.0000000000001,
            "CO2-MX": 61287.1,
            "CO2-SP": 29883.7,
            "COND": 106462.5,
            "FSHWTR": 2961688.8,
            "GAS": 5359839.8,
            "HELIUM": 491.80000000000007,
            "IC4-MX": 3432.8999999999996,
            "IC5-MX": 275.0,
            "N2": 32321.099999999995,
            "NC4-MX": 7017.6,
            "NC5-MX": 31.7,
            "OIL": 6552150.099999993,
            "POLYMER": 76087.20000000001,
            "SAND": 8525.499999999996,
            "SYNCRD": 311111.2,
            "WATER": 27394628.199999932
        },
        "FLARE": {
            "ACGAS": 705.5,
            "ENTGAS": 5.7,
            "GAS": 38089.49999999997
        },
        "FRAC": {
            "C3-MX": -653.9,
            "C3-SP": 653.9,
            "C4-SP": 2132.5,
            "C5-SP": 1327.9,
            "IC4-MX": -2132.5,
            "IC5-MX": -1327.9,
            "NC4-MX": 0.0,
            "NC5-MX": 0.0
        },
        "FUEL": {
            "GAS": 179671.39999999985
        },
        "IMBAL": {
            "C2-MX": 0.0,
            "C2-SP": 0.0,
            "C3-MX": 0.0,
            "C3-SP": 0.0,
            "C4-MX": 0.0,
            "C4-SP": 0.0,
            "C5-MX": 0.0,
            "C5-SP": 0.0,
            "CO2": 0.0,
            "CO2-SP": 0.0,
            "HELIUM": 0.0,
            "OIL": 0.0
        },
        "INJ": {
            "BRINE": 3699785.0999999996,
            "GAS": 501.6,
            "POLYMER": 812861.7000000001,
            "STEAM": 925200.3000000002,
            "WASTE": 68746.6,
            "WATER": 28641514.299999993
        },
        "INVADJ": {
            "C4-SP": 25.0,
            "COND": -10.900000000000006,
            "OIL": -1747.1000000000001,
            "WATER": 77.1
        },
        "INVCL": {
            "C2-MX": 14.2,
            "C2-SP": 1118.8,
            "C3-MX": 833.6999999999999,
            "C3-SP": 1783.0,
            "C4-MX": 64.19999999999999,
            "C4-SP": 11944.800000000001,
            "C5-MX": 20.9,
            "C5-SP": 416.4,
            "CO2-SP": 0.0,
            "COND": 18095.9,
            "FSHWTR": 4248.0,
            "GAS": 147542.1,
            "HELIUM": 14.299999999999999,
            "IC4-MX": 78.2,
            "IC5-MX": 0.0,
            "NC4-MX": 206.1,
            "NC5-MX": 127.8,
            "OIL": 609300.7999999998,
            "WATER": 406020.000000001
        },
        "INVOP": {
            "C2-MX": 43.1,
            "C2-SP": 1118.8,
            "C3-MX": 2050.2000000000003,
            "C3-SP": 965.3000000000001,
            "C4-MX": 108.0,
            "C4-SP": 11728.2,
            "C5-MX": 45.0,
            "C5-SP": 371.5,
            "CO2-SP": 0.0,
            "COND": 17501.0,
            "FSHWTR": 3189.6,
            "GAS": 150560.3,
            "HELIUM": 10.799999999999999,
            "IC4-MX": 235.1,
            "IC5-MX": 0.0,
            "NC4-MX": 616.6,
            "NC5-MX": 387.20000000000005,
            "OIL": 572184.6000000006,
            "WATER": 411830.80000000034
        },
        "LDINJ": {
            "OIL": 1890.3999999999999,
            "WATER": 85313.1
        },
        "LDINVADJ": {
            "OIL": 2.5,
            "WATER": 11771.300000000003
        },
        "LDINVCL": {
            "COND": 2.6,
            "OIL": 3581.3000000000015,
            "WATER": 679525.0000000002
        },
        "LDINVOP": {
            "COND": 2.6,
            "OIL": 3514.800000000001,
            "WATER": 639197.000000001
        },
        "LDREC": {
            "OIL": 1826.4000000000003,
            "WATER": 56756.400000000045
        },
        "PROC": {
            "C2-MX": 148.7,
            "C3-MX": 5623.200000000001,
            "C3-SP": 14556.8,
            "C4-MX": 4162.3,
            "C4-SP": 5662.0,
            "C5-MX": 2046.2000000000003,
            "C5-SP": 7705.000000000001
        },
        "PROD": {
            "CO2": 435.7000000000001,
            "FSHWTR": 1796135.9000000001,
            "GAS": 303930.9999999979,
            "HELIUM": 257.0,
            "N2": 31732.799999999996,
            "OIL": 1610579.2999999982,
            "WATER": 25903611.299999967
        },
        "PURDISP": {
            "OIL": 2320.4
        },
        "PURREC": {
            "OIL": 1094.0
        },
        "REC": {
            "BRINE": 3134333.1,
            "C2-MX": 149.4,
            "C3-MX": 8956.1,
            "C3-SP": 13411.6,
            "C4-MX": 0.0,
            "C4-SP": 52760.69999999999,
            "C5-MX": 1357.3,
            "C5-SP": 25.4,
            "CO2": 413.0,
            "CO2-MX": 736404.2999999999,
            "CO2-SP": 59767.4,
            "COND": 260401.89999999997,
            "FSHWTR": 2923774.7,
            "GAS": 5305056.1,
            "HELIUM": 238.3,
            "IC4-MX": 3926.9,
            "IC5-MX": 1327.9,
            "N2": 32321.1,
            "NC4-MX": 4636.8,
            "NC5-MX": 0.0,
            "OIL": 4791560.300000001,
            "POLYMER": 76087.20000000001,
            "SAND": 0.5,
            "SYNCRD": 311256.7,
            "WASTE": 68746.6,
            "WATER": 30730404.500000015
        },
        "SHR": {
            "ACGAS": 65.6,
            "C2-MX": 41.8,
            "C3-MX": 1530.3000000000002,
            "C3-SP": 3961.4,
            "C4-MX": 989.2,
            "C4-SP": 1345.7,
            "C5-MX": 423.1,
            "C5-SP": 1592.5,
            "COND": 66.39999999999999,
            "OIL": 4213.299999999999
        },
        "SHUTIN": {},
        "STINJ": {
            "CO2-MX": 755163.1,
            "GAS": 1078.8
        },
        "STINVCL": {
            "C3-MX": 0.0,
            "CO2-MX": 42974582.8,
            "GAS": 7172.5
        },
        "STINVOP": {
            "C3-MX": 0.0,
            "CO2-MX": 42759903.49999999,
            "GAS": 7200.599999999999
        },
        "STREC": {
            "CO2-MX": 61994.50000000001,
            "GAS": 5522.8
        },
        "VENT": {
            "CO2": 435.7,
            "CO2-MX": 3270.1000000000004,
            "ENTGAS": 6.6000000000000005,
            "GAS": 14930.800000000183,
            "N2": 31732.800000000003
        }
    }
}