{
    "year": 2022,
    "month": "03",
    "pt": "Saskatchewan",
    "includes_ghgrp": false,
    "volume_by_activity": {
        "DIFF": {
            "GAS": {
                "BT": 0.0,
                "CT": 0.0,
                "GP": 788.6,
                "GS": 414.1,
                "IF": -23.59999999999998,
                "PL": 29446.300000000003,
                "TM": 0.0,
                "WT": 0.0
            },
            "SOLV": {
                "BT": 0.0,
                "IF": 4394.9
            },
            "WASTE": {
                "IF": 0.0
            },
            "WATER": {
                "BT": 0.0,
                "CT": 0.0,
                "GP": 0.0,
                "GS": 0.0,
                "IF": 34413.700000000026,
                "PL": -1.7,
                "TM": 0.0,
                "WT": -19240.999999999996
            }
        },
        "DISP": {
            "C2-MX": {
                "GP": 137.5,
                "GS": 8.3,
                "PL": 99.3
            },
            "C3-MX": {
                "GP": 5086.8,
                "GS": 14.3,
                "PL": 4397.3
            },
            "C3-SP": {
                "GP": 14450.1,
                "TM": 10789.8
            },
            "C4-MX": {
                "GP": 965.8
            },
            "C4-SP": {
                "GP": 8175.9,
                "PL": 10794.3,
                "TM": 30994.199999999997
            },
            "C5-MX": {
                "GP": 1452.6,
                "GS": 88.2,
                "PL": 921.3
            },
            "C5-SP": {
                "GP": 21.9
            },
            "CO2": {
                "BT": 205.29999999999998
            },
            "CO2-MX": {
                "BT": 50976.3
            },
            "CO2-SP": {
                "PL": 35577.7
            },
            "COND": {
                "GP": 6461.4,
                "GS": 3748.8,
                "PL": 83143.5,
                "TM": 7092.799999999999
            },
            "FSHWTR": {
                "IF": 11744.3,
                "WT": 2822615.3000000003
            },
            "GAS": {
                "BT": 298869.4000000002,
                "GP": 66376.6,
                "GS": 214907.79999999944,
                "PL": 4971167.7
            },
            "HELIUM": {
                "BT": 158.8,
                "GP": 121.6
            },
            "IC4-MX": {
                "GP": 695.5,
                "PL": 667.3
            },
            "IC5-MX": {
                "GP": 17.2
            },
            "N2": {
                "BT": 15525.3
            },
            "NC4-MX": {
                "GP": 1611.7,
                "GS": 31.4,
                "PL": 1611.7
            },
            "OIL": {
                "BT": 1829687.5999999987,
                "CT": 200495.1,
                "GP": 1693.2,
                "IF": 1832.3000000000002,
                "PL": 3302790.599999999,
                "TM": 980073.5999999999
            },
            "POLYMER": {
                "IF": 25418.1
            },
            "SAND": {
                "BT": 4855.000000000002,
                "CT": 262.20000000000005,
                "GP": 1.0,
                "GS": 0.3,
                "IF": 184.5,
                "PL": 35.9,
                "TM": 89.5
            },
            "SYNCRD": {
                "PL": 145472.5
            },
            "WATER": {
                "BT": 25485321.200000055,
                "CT": 122216.59999999999,
                "GP": 323.70000000000005,
                "GS": 879.8000000000001,
                "IF": 268893.49999999994,
                "PL": 4971.9,
                "TM": 15312.400000000003,
                "WT": 1063403.1
            }
        },
        "FLARE": {
            "ACGAS": {
                "GP": 589.4
            },
            "ENTGAS": {
                "CT": 5.5
            },
            "GAS": {
                "BT": 36962.300000000025,
                "CT": 27.2,
                "GP": 1389.0000000000002,
                "GS": 189.29999999999998,
                "PL": 1.5,
                "TM": 179.9
            }
        },
        "FRAC": {
            "C3-MX": {
                "GP": -503.8
            },
            "C3-SP": {
                "GP": 503.8
            },
            "C4-SP": {
                "GP": 1308.2
            },
            "C5-SP": {
                "GP": 1020.6
            },
            "IC4-MX": {
                "GP": -1308.2
            },
            "IC5-MX": {
                "GP": -1020.6
            },
            "NC4-MX": {
                "GP": 0.0
            },
            "NC5-MX": {
                "GP": 0.0
            }
        },
        "FUEL": {
            "GAS": {
                "BT": 45830.69999999979,
                "CT": 1287.1,
                "GP": 5540.299999999998,
                "GS": 7348.1,
                "IF": 63399.20000000002,
                "PL": 57045.9,
                "TM": 15.0,
                "WT": 0.9
            }
        },
        "IMBAL": {
            "C2-MX": {
                "GP": 0.0,
                "GS": 0.0,
                "PL": 0.0
            },
            "C2-SP": {
                "PL": 0.0
            },
            "C3-MX": {
                "GP": 0.0,
                "GS": 0.0,
                "PL": 0.0
            },
            "C3-SP": {
                "GP": 0.0,
                "TM": 0.0
            },
            "C4-MX": {
                "GP": 0.0,
                "GS": 0.0,
                "PL": 0.0
            },
            "C4-SP": {
                "GP": 0.0
            },
            "C5-MX": {
                "GP": 0.0,
                "GS": 0.0,
                "PL": 0.0
            },
            "C5-SP": {
                "GP": 0.0,
                "GS": 0.0
            },
            "CO2": {
                "BT": 0.0,
                "GP": 0.0
            },
            "CO2-SP": {
                "PL": 0.0
            },
            "HELIUM": {
                "BT": 0.0,
                "GP": 0.0
            },
            "OIL": {
                "BT": 0.0,
                "CT": 0.0,
                "IF": 0.0,
                "PL": 0.0,
                "TM": 0.0
            }
        },
        "INJ": {
            "AIR": {
                "IF": 2309.1000000000004
            },
            "BRINE": {
                "IF": 4512362.599999999
            },
            "GAS": {
                "IF": 366.7
            },
            "OIL": {
                "IF": 2.0
            },
            "POLYMER": {
                "IF": 777749.9000000001
            },
            "STEAM": {
                "IF": 843100.5
            },
            "WASTE": {
                "IF": 48912.200000000004
            },
            "WATER": {
                "IF": 28184981.500000015
            }
        },
        "INVADJ": {
            "C4-SP": {
                "PL": 21.1
            },
            "COND": {
                "PL": 5.5
            },
            "OIL": {
                "PL": 12.099999999999795
            },
            "WATER": {
                "PL": -246.10000000000002
            }
        },
        "INVCL": {
            "C2-MX": {
                "GP": 13.999999999999998
            },
            "C2-SP": {
                "PL": 1118.8
            },
            "C3-MX": {
                "GP": 1134.8
            },
            "C3-SP": {
                "GP": 1678.0
            },
            "C4-MX": {
                "GP": 164.4
            },
            "C4-SP": {
                "GP": 354.0,
                "PL": 534.8,
                "TM": 11068.6
            },
            "C5-MX": {
                "GP": 70.3
            },
            "C5-SP": {
                "GP": 333.9
            },
            "CO2-SP": {
                "IF": 0.0
            },
            "COND": {
                "GP": 87.6,