{
    "year": 2022,
    "month": "12",
    "pt": "Saskatchewan",
    "includes_ghgrp": false,
    "volume_by_activity": {
        "DIFF": {
            "GAS": 38972.0,
            "SOLV": 161.9000000000001,
            "WASTE": 0.2,
            "WATER": -27559.600000000002
        },
        "DISP": {
            "C2-MX": 316.59999999999997,
            "C2-SP": 3558.4,
            "C3-MX": 17605.2,
            "C3-SP": 17009.8,
            "C4-MX": 698.9000000000001,
            "C4-SP": 30863.200000000004,
            "C5-MX": 2532.3,
            "C5-SP": 0.0,
            "CO2": 327.20000000000005,
            "CO2-MX": 55702.299999999996,
            "CO2-SP": 31739.6,
            "COND": 94979.40000000002,
            "FSHWTR": 3102459.300000001,
            "GAS": 5956953.0,
            "HELIUM": 495.1,
            "IC4-MX": 2002.9,
            "IC5-MX": 187.70000000000002,
            "N2": 32852.5,
            "NC4-MX": 3194.8,
            "OIL": 6421685.400000001,
            "POLYMER": 113853.4,
            "SAND": 4960.599999999997,
            "SYNCRD": 160405.4,
            "WATER": 26870090.80000003
        },
        "FLARE": {
            "ACGAS": 724.2,
            "ENTGAS": 11.2,
            "GAS": 36328.49999999996
        },
        "FRAC": {
            "C3-MX": -496.9,
            "C3-SP": 496.9,
            "C4-SP": 1978.8,
            "C5-SP": 1098.9,
            "IC4-MX": -1978.8,
            "IC5-MX": -1098.9,
            "NC4-MX": 0.0,
            "NC5-MX": 0.0
        },
        "FUEL": {
            "GAS": 194197.7999999996
        },
        "IMBAL": {
            "C2-MX": 0.0,
            "C2-SP": 0.0,
            "C3-MX": 0.0,
            "C3-SP": 0.0,
            "C4-MX": 0.0,
            "C4-SP": 0.0,
            "C5-MX": 0.0,
            "C5-SP": 0.0,
            "CO2": 0.0,
            "CO2-SP": 0.0,
            "HELIUM": 0.0,
            "OIL": 0.0
        },
        "INJ": {
            "BRINE": 2937545.9,
            "GAS": 436.5,
            "OIL": 14.4,
            "POLYMER": 850380.5999999999,
            "STEAM": 995636.5,
            "WASTE": 58443.600000000006,
            "WATER": 28214870.09999999
        },
        "INVADJ": {
            "C4-SP": 39.7,
            "COND": -21.200000000000003,
            "OIL": -1939.6000000000004,
            "WATER": -132.59999999999997
        },
        "INVCL": {
            "C2-MX": 47.900000000000006,
            "C2-SP": 1118.8,
            "C3-MX": 1904.7,
            "C3-SP": 1619.6,
            "C4-MX": 69.30000000000001,
            "C4-SP": 11742.5,
            "C5-MX": 31.2,
            "C5-SP": 451.40000000000003,
            "CO2-SP": 0.0,
            "COND": 16546.500000000004,
            "FSHWTR": 4487.799999999999,
            "GAS": 158119.3,
            "HELIUM": 14.599999999999998,
            "IC4-MX": 205.6,
            "IC5-MX": 0.0,
            "NC4-MX": 495.90000000000003,
            "NC5-MX": 334.6,
            "OIL": 775148.7999999997,
            "WATER": 412395.4000000011
        },
        "INVOP": {
            "C2-MX": 29.9,
            "C2-SP": 1118.8,
            "C3-MX": 1069.0,
            "C3-SP": 870.1,
            "C4-MX": 137.1,
            "C4-SP": 11817.099999999999,
            "C5-MX": 53.6,
            "C5-SP": 436.3,
            "CO2-SP": 0.0,
            "COND": 19559.0,
            "FSHWTR": 3147.7,
            "GAS": 147326.0,
            "HELIUM": 12.0,
            "IC4-MX": 129.6,
            "IC5-MX": 0.0,
            "NC4-MX": 313.6,
            "NC5-MX": 210.4,
            "OIL": 626062.8000000005,
            "WATER": 416720.8999999999
        },
        "LDINJ": {
            "OIL": 1379.4999999999998,
            "WATER": 16187.100000000002
        },
        "LDINVADJ": {
            "OIL": 11.5,
            "WATER": -15046.39999999999
        },
        "LDINVCL": {
            "COND": 2.6,
            "OIL": 3437.5000000000005,
            "WATER": 630073.7999999999
        },
        "LDINVOP": {
            "COND": 2.6,
            "OIL": 3507.800000000001,
            "WATER": 672886.3999999993
        },
        "LDREC": {
            "OIL": 1461.2999999999997,
            "WATER": 43953.30000000005
        },
        "PROC": {
            "C2-MX": 189.99999999999997,
            "C2-SP": 1779.2,
            "C3-MX": 7976.700000000001,
            "C3-SP": 10564.6,
            "C4-MX": 3696.9999999999995,
            "C4-SP": 5436.4,
            "C5-MX": 1804.8000000000002,
            "C5-SP": 6759.900000000001
        },
        "PROD": {
            "CO2": 361.1,
            "FSHWTR": 1984981.9999999993,
            "GAS": 281846.399999998,
            "HELIUM": 263.4,
            "N2": 35001.8,
            "OIL": 1574915.7000000011,
            "WATER": 25440401.30000005
        },
        "PURDISP": {
            "OIL": 1536.9
        },
        "PURREC": {
            "OIL": 851.9
        },
        "REC": {
            "BRINE": 2442017.9000000004,
            "C2-MX": 144.6,
            "C2-SP": 1779.2,
            "C3-MX": 10961.1,
            "C3-SP": 6697.799999999999,
            "C4-MX": 0.0,
            "C4-SP": 54526.100000000006,
            "C5-MX": 1017.0,
            "CO2": 327.2,
            "CO2-MX": 739174.7,
            "CO2-SP": 63479.2,
            "COND": 244823.99999999994,
            "FSHWTR": 2843367.2,
            "GAS": 5975916.2,
            "HELIUM": 234.3,
            "IC4-MX": 2667.3999999999996,
            "IC5-MX": 1098.9,
            "N2": 32852.5,
            "NC4-MX": 1701.5,
            "NC5-MX": 0.0,
            "OIL": 4808550.6,
            "POLYMER": 113853.4,
            "SYNCRD": 160505.0,
            "WASTE": 58443.799999999996,
            "WATER": 30203937.8
        },
        "SHR": {
            "ACGAS": 55.2,
            "C2-MX": 53.6,
            "C2-SP": 500.7,
            "C3-MX": 2170.8,
            "C3-SP": 2875.0,
            "C4-MX": 878.8,
            "C4-SP": 1292.1,
            "C5-MX": 373.1,
            "C5-SP": 1397.0,
            "COND": 45.699999999999996,
            "OIL": 3965.2000000000003
        },
        "SHUTIN": {},
        "STINJ": {
            "CO2-MX": 770547.3999999998,
            "GAS": 2452.5
        },
        "STINVCL": {
            "C3-MX": 0.0,
            "CO2-MX": 43364341.699999996,
            "GAS": 8345.400000000001
        },
        "STINVOP": {
            "C3-MX": 0.0,
            "CO2-MX": 43133190.50000001,
            "GAS": 8004.2
        },
        "STREC": {
            "CO2-MX": 54894.70000000001,
            "GAS": 7008.799999999999
        },
        "VENT": {
            "CO2": 361.09999999999997,
            "CO2-MX": 1141.3000000000002,
            "ENTGAS": 1.1,
            "GAS": 13457.500000000162,
            "N2": 35001.8
        }
    }
}