{
    "year": 2023,
    "month": "02",
    "pt": "Saskatchewan",
    "includes_ghgrp": false,
    "volume_by_activity": {
        "DIFF": {
            "GAS": 30449.3,
            "SOLV": 222.79999999999973,
            "WASTE": 0.0,
            "WATER": 18983.600000000002
        },
        "DISP": {
            "C2-MX": 310.0,
            "C2-SP": 2085.4,
            "C3-MX": 12633.400000000001,
            "C3-SP": 21316.5,
            "C4-MX": 687.2,
            "C4-SP": 29225.399999999994,
            "C5-MX": 2496.3,
            "C5-SP": 10.0,
            "CO2": 272.90000000000003,
            "CO2-MX": 57915.8,
            "CO2-SP": 28612.9,
            "COND": 102824.99999999999,
            "FSHWTR": 2763491.8000000007,
            "GAS": 5011489.8,
            "HELIUM": 507.3,
            "IC4-MX": 2684.1000000000004,
            "IC5-MX": 193.3,
            "N2": 34373.6,
            "NC4-MX": 5190.2,
            "OIL": 6016410.900000002,
            "POLYMER": 146589.19999999998,
            "SAND": 5969.800000000007,
            "SYNCRD": 202961.5,
            "WATER": 24914688.200000033
        },
        "FLARE": {
            "ACGAS": 676.8999999999999,
            "ENTGAS": 14.799999999999999,
            "GAS": 33555.599999999984
        },
        "FRAC": {
            "C3-MX": -488.2,
            "C3-SP": 488.2,
            "C4-SP": 1695.1,
            "C5-SP": 1058.1,
            "IC4-MX": -1695.1,
            "IC5-MX": -1058.1,
            "NC4-MX": 0.0,
            "NC5-MX": 0.0
        },
        "FUEL": {
            "GAS": 156839.69999999995
        },
        "IMBAL": {
            "C2-MX": 0.0,
            "C2-SP": 0.0,
            "C3-MX": 0.0,
            "C3-SP": 0.0,
            "C4-MX": 0.0,
            "C4-SP": 0.0,
            "C5-MX": 0.0,
            "C5-SP": 0.0,
            "CO2": 0.0,
            "CO2-SP": 0.0,
            "HELIUM": 0.0,
            "OIL": 0.0
        },
        "INJ": {
            "BRINE": 2946697.5,
            "GAS": 435.4,
            "POLYMER": 825370.7999999999,
            "STEAM": 853593.4,
            "WASTE": 71151.30000000002,
            "WATER": 26209502.799999997
        },
        "INVADJ": {
            "C4-SP": 32.5,
            "COND": 136.7,
            "OIL": 133.8999999999998,
            "WATER": 178.89999999999998
        },
        "INVCL": {
            "C2-MX": 33.300000000000004,
            "C2-SP": 1118.8,
            "C3-MX": 1164.0,
            "C3-SP": 733.1,
            "C4-MX": 120.0,
            "C4-SP": 11993.5,
            "C5-MX": 38.7,
            "C5-SP": 311.5,
            "CO2-SP": 0.0,
            "COND": 14246.499999999998,
            "FSHWTR": 4445.2,
            "GAS": 173386.4,
            "HELIUM": 18.3,
            "IC4-MX": 142.79999999999998,
            "IC5-MX": 0.0,
            "NC4-MX": 345.20000000000005,
            "NC5-MX": 231.9,
            "OIL": 811888.9000000001,
            "WATER": 408403.60000000044
        },
        "INVOP": {
            "C2-MX": 23.700000000000003,
            "C2-SP": 1118.8,
            "C3-MX": 793.4999999999999,
            "C3-SP": 663.2,
            "C4-MX": 133.1,
            "C4-SP": 11751.199999999999,
            "C5-MX": 45.900000000000006,
            "C5-SP": 415.40000000000003,
            "CO2-SP": 0.0,
            "COND": 13823.1,
            "FSHWTR": 3445.6,
            "GAS": 167492.4,
            "HELIUM": 23.5,
            "IC4-MX": 101.60000000000001,
            "IC5-MX": 0.0,
            "NC4-MX": 246.29999999999998,
            "NC5-MX": 164.6,
            "OIL": 790057.7000000001,
            "WATER": 409519.8000000007
        },
        "LDINJ": {
            "OIL": 1486.1000000000001,
            "WATER": 86368.50000000003
        },
        "LDINVADJ": {
            "OIL": 103.80000000000001,
            "WATER": -21931.0
        },
        "LDINVCL": {
            "COND": 2.6,
            "OIL": 3498.2000000000016,
            "WATER": 637342.2000000001
        },
        "LDINVOP": {
            "COND": 2.6,
            "OIL": 3522.000000000001,
            "WATER": 623803.6999999998
        },
        "LDREC": {
            "OIL": 1613.6999999999998,
            "WATER": 50898.99999999997
        },
        "PROC": {
            "C2-MX": 177.9,
            "C2-SP": 1042.7,
            "C3-MX": 6113.900000000001,
            "C3-SP": 11181.8,
            "C4-MX": 3487.7,
            "C4-SP": 5065.9,
            "C5-MX": 1753.8000000000002,
            "C5-SP": 6347.299999999999
        },
        "PROD": {
            "CO2": 335.20000000000005,
            "COND": 5.2,
            "FSHWTR": 1721756.8999999994,
            "GAS": 265551.9999999983,
            "HELIUM": 263.40000000000003,
            "N2": 35100.899999999994,
            "OIL": 1434108.2999999959,
            "WATER": 23645131.699999977
        },
        "PURDISP": {
            "OIL": 1490.2000000000003
        },
        "PURREC": {
            "OIL": 1020.6999999999999
        },
        "REC": {
            "BRINE": 2316798.1,
            "C2-MX": 141.7,
            "C2-SP": 1042.7,
            "C3-MX": 7378.200000000001,
            "C3-SP": 9716.4,
            "C4-MX": 0.0,
            "C4-SP": 53197.0,
            "C5-MX": 995.9,
            "C5-SP": 10.0,
            "CO2": 272.9,
            "CO2-MX": 671451.5999999999,
            "CO2-SP": 57225.8,
            "COND": 246163.19999999998,
            "FSHWTR": 2733276.5,
            "GAS": 4990841.3,
            "HELIUM": 238.7,
            "IC4-MX": 3168.0,
            "IC5-MX": 1058.1,
            "N2": 34373.6,
            "NC4-MX": 3727.8999999999996,
            "NC5-MX": 0.0,
            "OIL": 4424949.5,
            "POLYMER": 146589.19999999998,
            "SYNCRD": 203207.8,
            "WASTE": 71151.3,
            "WATER": 28152525.69999999
        },
        "SHR": {
            "ACGAS": 49.1,
            "C2-MX": 50.2,
            "C2-SP": 293.4,
            "C3-MX": 1663.7999999999997,
            "C3-SP": 3042.8999999999996,
            "C4-MX": 829.0000000000001,
            "C4-SP": 1204.1,
            "C5-MX": 362.3,
            "C5-SP": 1311.6999999999998,
            "COND": 45.699999999999996,
            "OIL": 3883.899999999999
        },
        "SHUTIN": {},
        "STINJ": {
            "CO2-MX": 699559.7,
            "GAS": 1692.0
        },
        "STINVCL": {
            "C3-MX": 0.0,
            "CO2-MX": 43807871.5,
            "GAS": 10123.2
        },
        "STINVOP": {
            "C3-MX": 0.0,
            "CO2-MX": 43605109.9,
            "GAS": 9348.800000000001
        },
        "STREC": {
            "CO2-MX": 58004.19999999999,
            "GAS": 6671.400000000001
        },
        "VENT": {
            "CO2": 335.2,
            "CO2-MX": 1003.4000000000002,
            "ENTGAS": 1.0,
            "GAS": 12821.800000000128,
            "N2": 35100.899999999994
        }
    }
}