{
    "year": 2022,
    "month": "05",
    "pt": "Saskatchewan",
    "includes_ghgrp": false,
    "volume_by_activity": {
        "DIFF": {
            "GAS": {
                "BT": 0.0,
                "CT": 0.0,
                "GP": 1442.5,
                "GS": -891.5,
                "IF": 27.599999999999994,
                "PL": 13243.0,
                "TM": 0.0,
                "WT": 0.0
            },
            "SOLV": {
                "BT": 0.0,
                "IF": 6725.9
            },
            "WASTE": {
                "IF": 0.0
            },
            "WATER": {
                "BT": 0.0,
                "CT": 0.0,
                "GP": 9.6,
                "GS": 0.0,
                "IF": 38220.400000000016,
                "PL": -2.8,
                "TM": 0.0,
                "WT": -41705.59999999999
            }
        },
        "DISP": {
            "C2-MX": {
                "GP": 121.5,
                "GS": 5.5,
                "PL": 93.1
            },
            "C3-MX": {
                "GP": 9992.8,
                "GS": 11.0,
                "PL": 6405.3
            },
            "C3-SP": {
                "GP": 12736.199999999999,
                "TM": 12091.0
            },
            "C4-MX": {
                "GP": 979.8,
                "GS": 30.5
            },
            "C4-SP": {
                "GP": 7871.0,
                "PL": 32.4,
                "TM": 20787.2
            },
            "C5-MX": {
                "GP": 1460.1000000000001,
                "GS": 104.3,
                "PL": 836.2
            },
            "C5-SP": {
                "GP": 27.9
            },
            "CO2": {
                "BT": 231.99999999999997
            },
            "CO2-MX": {
                "BT": 51059.9
            },
            "CO2-SP": {
                "PL": 35736.2
            },
            "COND": {
                "GP": 5350.299999999999,
                "GS": 4836.1,
                "PL": 91202.79999999999,
                "TM": 8062.099999999999
            },
            "FSHWTR": {
                "IF": 18541.0,
                "WT": 2762883.1000000006
            },
            "GAS": {
                "BT": 297593.1999999999,
                "GP": 65461.5,
                "GS": 225160.60000000012,
                "PL": 4779779.0
            },
            "HELIUM": {
                "BT": 197.2,
                "GP": 150.2
            },
            "IC4-MX": {
                "GP": 747.2,
                "PL": 700.5
            },
            "IC5-MX": {
                "GP": 0.0
            },
            "N2": {
                "BT": 21138.9
            },
            "NC4-MX": {
                "GP": 1400.5,
                "PL": 1400.5
            },
            "OIL": {
                "BT": 1817418.9000000055,
                "CT": 190839.1,
                "GP": 2276.5,
                "GS": 11.0,
                "IF": 1655.8000000000004,
                "PL": 3377735.500000001,
                "TM": 971650.6000000001
            },
            "POLYMER": {
                "BT": 48699.2,
                "IF": 26185.5
            },
            "SAND": {
                "BT": 5125.599999999996,
                "CT": 182.7,
                "GP": 11.0,
                "IF": 318.5,
                "PL": 7.0,
                "TM": 122.39999999999999,
                "WT": 2.1
            },
            "SYNCRD": {
                "PL": 217556.6
            },
            "WATER": {
                "BT": 25081640.69999998,
                "CT": 120284.4,
                "GP": 212.3,
                "GS": 1223.2,
                "IF": 294866.20000000007,
                "PL": 4503.3,
                "TM": 13722.700000000003,
                "WT": 1045217.9999999999
            }
        },
        "FLARE": {
            "ACGAS": {
                "GP": 497.9
            },
            "ENTGAS": {
                "CT": 7.5
            },
            "GAS": {
                "BT": 37687.60000000006,
                "CT": 22.7,
                "GP": 1163.6999999999998,
                "GS": 410.40000000000003,
                "PL": 0.1,
                "TM": 169.8
            }
        },
        "FRAC": {
            "C3-MX": {
                "GP": -390.6
            },
            "C3-SP": {
                "GP": 390.6
            },
            "C4-SP": {
                "GP": 1356.3
            },
            "C5-SP": {
                "GP": 940.4
            },
            "IC4-MX": {
                "GP": -1359.3
            },
            "IC5-MX": {
                "GP": -937.4
            },
            "NC4-MX": {
                "GP": 0.0
            },
            "NC5-MX": {
                "GP": 0.0
            }
        },
        "FUEL": {
            "GAS": {
                "BT": 43195.700000000084,
                "CT": 1074.3000000000002,
                "GP": 4990.400000000001,
                "GS": 6951.000000000001,
                "IF": 57051.6,
                "PL": 54098.100000000006,
                "TM": 25.0,
                "WT": 1.1
            }
        },
        "IMBAL": {
            "C2-MX": {
                "GP": 0.0,
                "GS": 0.0,
                "PL": 0.0
            },
            "C2-SP": {
                "PL": 0.0
            },
            "C3-MX": {
                "GP": 0.0,
                "GS": 0.0,
                "PL": 0.0
            },
            "C3-SP": {
                "GP": 0.0,
                "TM": 0.0
            },
            "C4-MX": {
                "GP": 0.0,
                "GS": 0.0,
                "PL": 0.0
            },
            "C4-SP": {
                "GP": 0.0
            },
            "C5-MX": {
                "GP": 0.0,
                "GS": 0.0,
                "PL": 0.0
            },
            "C5-SP": {
                "GP": 0.0,
                "GS": 0.0
            },
            "CO2": {
                "BT": 0.0,
                "GP": 0.0
            },
            "CO2-SP": {
                "PL": 0.0
            },
            "HELIUM": {
                "BT": 0.0,
                "GP": 0.0
            },
            "OIL": {
                "BT": 0.0,
                "CT": 0.0,
                "PL": 0.0,
                "TM": 0.0
            }
        },
        "INJ": {
            "AIR": {
                "IF": 1353.8999999999999
            },
            "BRINE": {
                "IF": 4166021.4000000004
            },
            "GAS": {
                "IF": 338.7
            },
            "POLYMER": {
                "IF": 812808.1000000002
            },
            "STEAM": {
                "IF": 774168.4000000005
            },
            "WASTE": {
                "IF": 64269.399999999994
            },
            "WATER": {
                "IF": 27862263.19999998
            }
        },
        "INVADJ": {
            "C4-SP": {
                "PL": 30.0
            },
            "COND": {
                "PL": 11.500000000000009
            },
            "OIL": {
                "PL": -1335.9
            },
            "WATER": {
                "PL": -201.60000000000002
            }
        },
        "INVCL": {
            "C2-MX": {
                "GP": 30.299999999999997
            },
            "C2-SP": {
                "PL": 1118.8
            },
            "C3-MX": {
                "GP": 1478.8000000000002
            },
            "C3-SP": {
                "GP": 416.8
            },
            "C4-MX": {
                "GP": 133.3
            },
            "C4-SP": {
                "GP": 302.0,
                "PL": 463.1,
                "TM": 10920.800000000001
            },
            "C5-MX": {
                "GP": 60.400000000000006
            },
            "C5-SP": {
                "GP": 607.2
            },
            "CO2-SP": {
                "IF": 0.0
            },