{
    "year": 2024,
    "month": "07",
    "pt": "Saskatchewan",
    "includes_ghgrp": false,
    "volume_by_activity": {
        "DIFF": {
            "GAS": 7760.800000000001,
            "SOLV": 4623.5,
            "WASTE": 0.0,
            "WATER": 29289.099999999984
        },
        "DISP": {
            "ACGAS": 14.0,
            "C2-MX": 242.9,
            "C3-MX": 12188.8,
            "C3-SP": 30176.699999999997,
            "C4-MX": 1097.8,
            "C4-SP": 28678.5,
            "C5-MX": 2503.8,
            "C5-SP": 1166.8,
            "CO2": 810.8000000000002,
            "CO2-MX": 58466.5,
            "CO2-SP": 11398.9,
            "COND": 81459.90000000001,
            "FSHWTR": 3020469.8000000007,
            "GAS": 5502693.7,
            "HELIUM": 841.7000000000002,
            "IC4-MX": 2133.1,
            "IC5-MX": 45.2,
            "N2": 57549.60000000001,
            "NC4-MX": 5336.0,
            "OIL": 6288606.500000003,
            "POLYMER": 163599.0,
            "SAND": 5909.700000000013,
            "SYNCRD": 256262.4,
            "WATER": 27198623.700000044
        },
        "FIRE": {
            "OIL": 61.7
        },
        "FLARE": {
            "ACGAS": 723.0,
            "ENTGAS": 581.1999999999999,
            "GAS": 34455.99999999998
        },
        "FRAC": {
            "C3-MX": -1259.9,
            "C3-SP": 1259.9,
            "C4-SP": 1833.2,
            "C5-SP": 1711.3,
            "IC4-MX": -1833.2,
            "IC5-MX": -1711.3,
            "NC4-MX": 0.0,
            "NC5-MX": 0.0
        },
        "FUEL": {
            "GAS": 160973.29999999996
        },
        "IMBAL": {
            "C2-MX": 0.0,
            "C2-SP": 0.0,
            "C3-MX": 0.0,
            "C3-SP": 0.0,
            "C4-MX": 0.0,
            "C4-SP": 0.0,
            "C5-MX": 0.0,
            "C5-SP": 0.0,
            "CO2": 0.0,
            "CO2-SP": 0.0,
            "HELIUM": 0.0,
            "OIL": 0.0
        },
        "INJ": {
            "ACGAS": 366.4,
            "BRINE": 4072981.8,
            "GAS": 1394.3,
            "POLYMER": 997506.7000000001,
            "STEAM": 809794.9,
            "WASTE": 72317.09999999999,
            "WATER": 29086264.500000026
        },
        "INVADJ": {
            "C4-SP": 33.5,
            "COND": -182.0,
            "OIL": -147.80000000000004,
            "WATER": 97.5
        },
        "INVCL": {
            "C2-MX": 48.1,
            "C2-SP": 1118.8,
            "C3-MX": 1728.3,
            "C3-SP": 876.7,
            "C4-MX": 73.6,
            "C4-SP": 12527.8,
            "C5-MX": 37.0,
            "C5-SP": 618.0999999999999,
            "CO2-SP": 0.0,
            "COND": 17699.200000000004,
            "FSHWTR": 4560.599999999999,
            "GAS": 179646.7,
            "HELIUM": 32.8,
            "IC4-MX": 285.3,
            "IC5-MX": 0.0,
            "NC4-MX": 711.1,
            "NC5-MX": 338.8,
            "OIL": 625743.3000000016,
            "WATER": 409065.8999999997
        },
        "INVOP": {
            "C2-MX": 42.400000000000006,
            "C2-SP": 1118.8,
            "C3-MX": 1461.0,
            "C3-SP": 1982.0,
            "C4-MX": 68.6,
            "C4-SP": 12045.9,
            "C5-MX": 44.4,
            "C5-SP": 433.70000000000005,
            "CO2-SP": 0.0,
            "COND": 17956.9,
            "FSHWTR": 4470.499999999999,
            "GAS": 187995.0,
            "HELIUM": 22.799999999999997,
            "IC4-MX": 246.0,
            "IC5-MX": 0.0,
            "NC4-MX": 574.6,
            "NC5-MX": 239.5,
            "OIL": 777496.6999999996,
            "WATER": 413893.9999999998
        },
        "LDINJ": {
            "OIL": 1996.2999999999997,
            "WATER": 36449.09999999999
        },
        "LDINVADJ": {
            "OIL": -62.099999999999994,
            "WATER": 304.10000000000053
        },
        "LDINVCL": {
            "COND": 5.800000000000001,
            "OIL": 3444.8000000000006,
            "WATER": 459680.9000000001
        },
        "LDINVOP": {
            "COND": 9.0,
            "OIL": 3347.100000000002,
            "WATER": 457082.9000000005
        },
        "LDREC": {
            "COND": 3.2,
            "OIL": 1830.3,
            "WATER": 33270.100000000035
        },
        "PROC": {
            "C2-MX": 146.6,
            "C3-MX": 6407.0,
            "C3-SP": 12043.1,
            "C4-MX": 3617.2999999999997,
            "C4-SP": 5227.599999999999,
            "C5-MX": 1848.5000000000002,
            "C5-SP": 8399.0
        },
        "PROD": {
            "CO2": 831.0000000000002,
            "FSHWTR": 1886715.4000000001,
            "GAS": 261863.20000000094,
            "HELIUM": 440.1000000000001,
            "N2": 60291.60000000001,
            "OIL": 1359101.1000000031,
            "WATER": 26005554.800000038
        },
        "PURDISP": {
            "OIL": 4730.299999999998
        },
        "PURREC": {
            "OIL": 2642.1
        },
        "REC": {
            "ACGAS": 366.4,
            "BRINE": 3443468.4,
            "C2-MX": 102.0,
            "C3-MX": 7312.0,
            "C3-SP": 15768.4,
            "C4-MX": 162.1,
            "C4-SP": 50881.600000000006,
            "C5-MX": 917.9,
            "C5-SP": 2120.2,
            "CO2": 810.8000000000001,
            "CO2-MX": 699986.1000000001,
            "CO2-SP": 22797.8,
            "COND": 220467.10000000003,
            "FSHWTR": 2819801.3,
            "GAS": 5454803.0,
            "HELIUM": 411.59999999999997,
            "IC4-MX": 3236.1000000000004,
            "IC5-MX": 1711.3,
            "N2": 57549.6,
            "NC4-MX": 3727.5,
            "NC5-MX": 0.0,
            "OIL": 4602604.999999999,
            "POLYMER": 163599.0,
            "SYNCRD": 256684.7,
            "WASTE": 72317.09999999999,
            "WATER": 31060154.900000006
        },
        "SHR": {
            "ACGAS": 61.199999999999996,
            "C2-MX": 41.300000000000004,
            "C3-MX": 1743.5999999999997,
            "C3-SP": 3277.3,
            "C4-MX": 859.9,
            "C4-SP": 1242.5,
            "C5-MX": 382.20000000000005,
            "C5-SP": 1735.7999999999997,
            "COND": 98.2,
            "OIL": 4195.3
        },
        "SHUTIN": {},
        "SPILL": {
            "WATER": 10.4
        },
        "STINJ": {
            "CO2-MX": 700905.5000000001,
            "GAS": 990.6999999999999
        },
        "STINVCL": {
            "C3-MX": 0.0,
            "CO2-MX": 46854624.5,
            "GAS": 22070.399999999998
        },
        "STINVOP": {
            "C3-MX": 0.0,
            "CO2-MX": 46672045.0,
            "GAS": 23905.899999999998
        },
        "STREC": {
            "CO2-MX": 55847.9,
            "GAS": 5915.099999999999
        },
        "VENT": {
            "CO2": 831.0,
            "CO2-MX": 419.6,
            "ENTGAS": 1.1,
            "GAS": 11239.60000000014,
            "N2": 60291.6
        }
    }
}