{
    "year": 2025,
    "month": "02",
    "pt": "Saskatchewan",
    "includes_ghgrp": false,
    "volume_by_activity": {
        "DIFF": {
            "GAS": 78212.70000000001,
            "SOLV": 3010.4,
            "WASTE": 0.5,
            "WATER": 1583.8000000000038
        },
        "DISP": {
            "ACGAS": 269.0,
            "C2-MX": 314.2,
            "C3-MX": 11069.5,
            "C3-SP": 13409.0,
            "C4-MX": 857.0999999999999,
            "C4-SP": 25455.000000000004,
            "C5-MX": 2524.2999999999997,
            "C5-SP": 3188.5,
            "CO2": 891.6000000000003,
            "CO2-MX": 63089.40000000001,
            "CO2-SP": 17776.7,
            "COND": 116195.0,
            "FSHWTR": 2944748.9000000004,
            "GAS": 5907776.800000001,
            "HELIUM": 794.2,
            "IC4-MX": 2633.7999999999997,
            "IC5-MX": 39.599999999999994,
            "N2": 53851.899999999994,
            "NC4-MX": 6233.0,
            "OIL": 5692797.800000003,
            "POLYMER": 159074.9,
            "SAND": 3770.6999999999957,
            "SYNCRD": 244069.0,
            "WATER": 25290646.200000018
        },
        "FLARE": {
            "ACGAS": 258.29999999999995,
            "ENTGAS": 133.1,
            "GAS": 30753.899999999987
        },
        "FRAC": {
            "C3-MX": -1911.0,
            "C3-SP": 1911.0,
            "C4-SP": 2222.0,
            "C5-SP": 1835.2,
            "IC4-MX": -2222.0,
            "IC5-MX": -1835.2,
            "NC4-MX": 0.0,
            "NC5-MX": 0.0
        },
        "FUEL": {
            "GAS": 175308.09999999974
        },
        "IMBAL": {
            "C2-MX": 0.0,
            "C2-SP": 0.0,
            "C3-MX": 0.0,
            "C3-SP": 0.0,
            "C4-MX": 0.0,
            "C4-SP": 0.0,
            "C5-MX": 0.0,
            "C5-SP": 0.0,
            "CO2": 0.0,
            "CO2-SP": 0.0,
            "HELIUM": 0.0,
            "OIL": 0.0
        },
        "INJ": {
            "BRINE": 3236782.5999999996,
            "GAS": 1028.7,
            "POLYMER": 916691.2,
            "STEAM": 763003.3999999999,
            "WASTE": 61906.2,
            "WATER": 26809637.0
        },
        "INVADJ": {
            "C4-SP": 10.0,
            "COND": -14.300000000000004,
            "OIL": -1795.8000000000002,
            "WATER": -35.30000000000002
        },
        "INVCL": {
            "C2-MX": 23.799999999999997,
            "C2-SP": 1118.8,
            "C3-MX": 601.8,
            "C3-SP": 1100.8,
            "C4-MX": 35.5,
            "C4-SP": 12402.7,
            "C5-MX": 24.0,
            "C5-SP": 373.0,
            "CO2-SP": 0.0,
            "COND": 17191.1,
            "FSHWTR": 11363.8,
            "GAS": 196598.7,
            "HELIUM": 21.1,
            "IC4-MX": 150.5,
            "IC5-MX": 0.0,
            "NC4-MX": 243.0,
            "NC5-MX": 123.89999999999999,
            "OIL": 625042.8999999997,
            "WATER": 413676.4999999999
        },
        "INVOP": {
            "C2-MX": 35.2,
            "C2-SP": 1118.8,
            "C3-MX": 956.4,
            "C3-SP": 725.0,
            "C4-MX": 43.2,
            "C4-SP": 12069.9,
            "C5-MX": 31.9,
            "C5-SP": 257.6,
            "CO2-SP": 0.0,
            "COND": 17703.499999999996,
            "FSHWTR": 4593.2,
            "GAS": 187984.1,
            "HELIUM": 14.0,
            "IC4-MX": 219.5,
            "IC5-MX": 0.0,
            "NC4-MX": 388.90000000000003,
            "NC5-MX": 198.7,
            "OIL": 608240.7000000007,
            "WATER": 394364.60000000003
        },
        "LDINJ": {
            "COND": 18.6,
            "OIL": 1530.6000000000001,
            "WATER": 63829.100000000006
        },
        "LDINVADJ": {
            "OIL": -159.7,
            "WATER": -56949.1
        },
        "LDINVCL": {
            "COND": 21.200000000000003,
            "OIL": 2785.700000000002,
            "WATER": 477081.5000000001
        },
        "LDINVOP": {
            "COND": 6.699999999999999,
            "OIL": 2948.3000000000006,
            "WATER": 523511.9000000002
        },
        "LDREC": {
            "COND": 4.1,
            "OIL": 1533.4999999999998,
            "WATER": 53299.70000000001
        },
        "PROC": {
            "C2-MX": 168.6,
            "C3-MX": 5182.099999999999,
            "C3-SP": 7756.8,
            "C4-MX": 3604.8,
            "C4-SP": 3337.6,
            "C5-MX": 1571.8,
            "C5-SP": 5791.4
        },
        "PROD": {
            "CO2": 893.9000000000002,
            "FSHWTR": 1687982.9000000001,
            "GAS": 222375.8000000005,
            "HELIUM": 405.20000000000005,
            "N2": 55674.299999999996,
            "OIL": 1268735.3000000033,
            "WATER": 24045249.90000006
        },
        "PURDISP": {
            "OIL": 3090.099999999999
        },
        "PURREC": {
            "OIL": 2051.8
        },
        "REC": {
            "ACGAS": 573.2,
            "BRINE": 2739488.8,
            "C2-MX": 134.2,
            "C3-MX": 7445.0,
            "C3-SP": 4117.0,
            "C4-MX": 72.4,
            "C4-SP": 48249.9,
            "C5-MX": 977.1999999999999,
            "C5-SP": 3945.0,
            "CO2": 891.6,
            "CO2-MX": 621014.8999999999,
            "CO2-SP": 35553.4,
            "COND": 253489.30000000005,
            "FSHWTR": 2795241.0,
            "GAS": 5991229.599999999,
            "HELIUM": 396.09999999999997,
            "IC4-MX": 3823.2,
            "IC5-MX": 1835.2,
            "N2": 53851.899999999994,
            "NC4-MX": 4295.3,
            "NC5-MX": 0.0,
            "OIL": 4271850.800000001,
            "POLYMER": 159074.9,
            "SYNCRD": 243957.3,
            "WASTE": 61906.7,
            "WATER": 28733824.30000001
        },
        "SHR": {
            "ACGAS": 58.099999999999994,
            "C2-MX": 47.5,
            "C3-MX": 1410.2,
            "C3-SP": 2110.9,
            "C4-MX": 856.7,
            "C4-SP": 793.3,
            "C5-MX": 324.79999999999995,
            "C5-SP": 1196.8999999999999,
            "COND": 55.10000000000001,
            "OIL": 4253.4
        },
        "SHUTIN": {},
        "STINJ": {
            "CO2-MX": 623683.5999999999,
            "GAS": 1923.3000000000002
        },
        "STINVCL": {
            "C3-MX": 0.0,
            "CO2-MX": 48094549.7,
            "GAS": 24099.9
        },
        "STINVOP": {
            "C3-MX": 0.0,
            "CO2-MX": 47925165.8,
            "GAS": 23572.800000000003
        },
        "STREC": {
            "CO2-MX": 51799.19999999999,
            "GAS": 6733.5999999999985
        },
        "VENT": {
            "CO2": 893.9,
            "CO2-MX": 65.70000000000002,
            "ENTGAS": 1.0,
            "GAS": 8613.500000000093,
            "N2": 55674.299999999996
        }
    }
}