{
    "year": 2023,
    "month": "12",
    "pt": "Saskatchewan",
    "includes_ghgrp": false,
    "volume_by_activity": {
        "DIFF": {
            "GAS": {
                "BT": 0.0,
                "CT": 0.0,
                "GP": 1407.9,
                "GS": -1869.8999999999994,
                "IF": 59.900000000000006,
                "PL": 44162.799999999996,
                "TM": 0.0,
                "WT": 0.0
            },
            "SOLV": {
                "BT": 0.0,
                "IF": 1976.6000000000001
            },
            "WASTE": {
                "IF": 0.0
            },
            "WATER": {
                "BT": 0.0,
                "CT": 0.0,
                "GP": 0.0,
                "GS": 0.0,
                "IF": 60947.299999999974,
                "PL": 0.0,
                "TM": 2.7,
                "WT": -4075.6
            }
        },
        "DISP": {
            "ACGAS": {
                "GP": 471.0
            },
            "C1-MX": {
                "GP": 7.1
            },
            "C2-MX": {
                "GP": 204.79999999999998,
                "GS": 4.2,
                "PL": 151.7
            },
            "C3-MX": {
                "GP": 9559.2,
                "GS": 6.4,
                "PL": 7323.4
            },
            "C3-SP": {
                "GP": 13342.2,
                "TM": 9414.4
            },
            "C4-MX": {
                "GP": 1092.7,
                "GS": 15.3
            },
            "C4-SP": {
                "GP": 7418.2,
                "PL": 1753.8,
                "TM": 27332.4
            },
            "C5-MX": {
                "GP": 1778.0,
                "GS": 56.1,
                "PL": 966.1
            },
            "C5-SP": {
                "GP": 56.9
            },
            "CO2": {
                "BT": 526.6000000000001
            },
            "CO2-MX": {
                "BT": 77071.7,
                "IF": 0.0
            },
            "CO2-SP": {
                "PL": 48552.1
            },
            "COND": {
                "GP": 6237.999999999999,
                "GS": 6051.6,
                "PL": 95159.59999999999,
                "TM": 23336.8
            },
            "FSHWTR": {
                "BT": 14688.0,
                "IF": 4005.7,
                "WT": 3190182.1999999997
            },
            "GAS": {
                "BT": 290031.3999999996,
                "GP": 69538.7,
                "GS": 227849.20000000004,
                "IF": 71.3,
                "PL": 5365409.5
            },
            "HELIUM": {
                "BT": 369.7,
                "GP": 304.90000000000003
            },
            "IC4-MX": {
                "GP": 1526.5,
                "PL": 986.2
            },
            "IC5-MX": {
                "GP": 45.3
            },
            "N2": {
                "BT": 48125.40000000001
            },
            "NC4-MX": {
                "GP": 2754.8,
                "PL": 2627.4
            },
            "OIL": {
                "BT": 1813607.1999999962,
                "CT": 177824.59999999998,
                "GP": 2915.6,
                "GS": 39.4,
                "IF": 1860.0999999999997,
                "PL": 3590737.3000000003,
                "TM": 1042727.2
            },
            "POLYMER": {
                "BT": 161202.2,
                "IF": 26782.1
            },
            "SAND": {
                "BT": 3991.4,
                "CT": 140.3,
                "GP": 0.1,
                "IF": 214.9,
                "PL": 24.2,
                "TM": 59.9
            },
            "SYNCRD": {
                "PL": 228439.8
            },
            "WATER": {
                "BT": 26041519.800000146,
                "CT": 103448.0,
                "GP": 855.3000000000001,
                "GS": 511.0,
                "IF": 243657.40000000002,
                "PL": 6407.499999999999,
                "TM": 10624.000000000002,
                "WT": 1177279.3
            }
        },
        "FLARE": {
            "ACGAS": {
                "GP": 225.1
            },
            "ENTGAS": {
                "CT": 6.800000000000001,
                "IF": 1.2
            },
            "GAS": {
                "BT": 34794.69999999999,
                "CT": 50.3,
                "GP": 680.9,
                "GS": 270.09999999999997,
                "IF": 20.6,
                "TM": 182.7
            }
        },
        "FRAC": {
            "C3-MX": {
                "GP": -1855.5
            },
            "C3-SP": {
                "GP": 1855.5
            },
            "C4-SP": {
                "GP": 2113.5
            },
            "C5-SP": {
                "GP": 1422.5
            },
            "IC4-MX": {
                "GP": -2113.5
            },
            "IC5-MX": {
                "GP": -1422.5
            },
            "NC4-MX": {
                "GP": 0.0
            },
            "NC5-MX": {
                "GP": 0.0
            }
        },
        "FUEL": {
            "GAS": {
                "BT": 45541.69999999961,
                "CT": 994.2,
                "GP": 5468.4,
                "GS": 5462.6,
                "IF": 62524.899999999994,
                "PL": 58669.700000000004,
                "TM": 57.39999999999999,
                "WT": 3.9
            }
        },
        "IMBAL": {
            "C1-MX": {
                "GP": 0.0
            },
            "C2-MX": {
                "GP": 0.0,
                "GS": 0.0,
                "PL": 0.0
            },
            "C2-SP": {
                "PL": 0.0
            },
            "C3-MX": {
                "GP": 0.0,
                "GS": 0.0,
                "PL": 0.0
            },
            "C3-SP": {
                "GP": 0.0,
                "TM": 0.0
            },
            "C4-MX": {
                "GP": 0.0,
                "GS": 0.0,
                "PL": 0.0
            },
            "C4-SP": {
                "GP": 0.0
            },
            "C5-MX": {
                "GP": 0.0,
                "GS": 0.0,
                "PL": 0.0
            },
            "C5-SP": {
                "GP": 0.0,
                "GS": 0.0
            },
            "CO2": {
                "BT": 0.0,
                "GP": 0.0
            },
            "CO2-SP": {
                "PL": 0.0
            },
            "HELIUM": {
                "BT": 0.0,
                "GP": 0.0
            },
            "OIL": {
                "BT": 0.0,
                "CT": 0.0,
                "IF": 0.0,
                "PL": 0.0,
                "TM": 0.0
            }
        },
        "INJ": {
            "ACGAS": {
                "IF": 471.0
            },
            "BRINE": {
                "IF": 2499678.7
            },
            "GAS": {
                "IF": 1587.0
            },
            "POLYMER": {
                "IF": 1000952.7000000001
            },
            "STEAM": {
                "IF": 870050.9000000003
            },
            "WASTE": {
                "IF": 54868.59999999999
            },
            "WATER": {
                "IF": 29362769.699999962
            }
        },
        "INVADJ": {
            "C4-SP": {
                "PL": 41.2
            },
            "COND": {
                "PL": -219.4
            },
            "OIL": {
                "PL": -2142.9
            },
            "WATER": {
                "PL": 383.59999999999997
            }
        },
        "INVCL": {
            "C2-MX": {
                "GP": 52.60000000000001
            },
            "C2-SP": {
                "PL": 1118.8
            },
            "C3-MX": {
                "GP": 1502.5
            },
            "C3-SP": {
                "GP": 1508.5,
                "TM": 393.3
            },
            "C4-MX": {
                "GP": 60.3
            },
            "C4-SP": {
                "GP": 369.8,