{
    "year": 2022,
    "month": "07",
    "pt": "Saskatchewan",
    "includes_ghgrp": false,
    "volume_by_activity": {
        "DIFF": {
            "GAS": 12759.7,
            "SOLV": 6179.5,
            "WASTE": 0.0,
            "WATER": 45578.19999999996
        },
        "DISP": {
            "C2-MX": 204.3,
            "C3-MX": 12737.9,
            "C3-SP": 23016.4,
            "C4-MX": 784.2,
            "C4-SP": 29323.799999999996,
            "C5-MX": 2156.5,
            "C5-SP": 41.0,
            "CO2": 386.7,
            "CO2-MX": 67973.90000000001,
            "CO2-SP": 35478.5,
            "COND": 105424.1,
            "FSHWTR": 3007382.1999999997,
            "GAS": 5246342.300000001,
            "HELIUM": 402.1,
            "IC4-MX": 3521.5,
            "IC5-MX": 74.4,
            "N2": 28427.2,
            "NC4-MX": 7919.9,
            "NC5-MX": 86.0,
            "OIL": 6331580.399999999,
            "POLYMER": 88644.2,
            "SAND": 6578.500000000006,
            "SYNCRD": 289499.6,
            "WATER": 26487981.00000009
        },
        "FLARE": {
            "ACGAS": 672.2,
            "ENTGAS": 16.5,
            "GAS": 38023.100000000006
        },
        "FRAC": {
            "C3-MX": -451.4,
            "C3-SP": 451.4,
            "C4-SP": 1767.8,
            "C5-SP": 977.1,
            "IC4-MX": -1767.8,
            "IC5-MX": -977.1,
            "NC4-MX": 0.0,
            "NC5-MX": 0.0
        },
        "FUEL": {
            "GAS": 176062.8
        },
        "IMBAL": {
            "C2-MX": 0.0,
            "C2-SP": 0.0,
            "C3-MX": 0.0,
            "C3-SP": 0.0,
            "C4-MX": 0.0,
            "C4-SP": 0.0,
            "C5-MX": 0.0,
            "C5-SP": 0.0,
            "CO2": 0.0,
            "CO2-SP": 0.0,
            "HELIUM": 0.0,
            "OIL": 0.0
        },
        "INJ": {
            "AIR": 748.5,
            "BRINE": 4053080.1,
            "GAS": 446.8,
            "POLYMER": 829264.8999999999,
            "STEAM": 876340.0000000001,
            "WASTE": 40679.5,
            "WATER": 27820263.299999993
        },
        "INVADJ": {
            "C4-SP": 12.8,
            "COND": -185.10000000000002,
            "OIL": 576.3,
            "WATER": -211.20000000000002
        },
        "INVCL": {
            "C2-MX": 42.800000000000004,
            "C2-SP": 1118.8,
            "C3-MX": 1869.8,
            "C3-SP": 978.9,
            "C4-MX": 106.3,
            "C4-SP": 12070.7,
            "C5-MX": 39.7,
            "C5-SP": 558.8,
            "CO2-SP": 0.0,
            "COND": 19969.800000000003,
            "FSHWTR": 4396.0,
            "GAS": 151579.3,
            "HELIUM": 12.700000000000001,
            "IC4-MX": 232.7,
            "IC5-MX": 0.0,
            "NC4-MX": 610.5,
            "NC5-MX": 383.3,
            "OIL": 582387.4000000004,
            "WATER": 401800.3000000005
        },
        "INVOP": {
            "C2-MX": 15.6,
            "C2-SP": 1118.8,
            "C3-MX": 893.6,
            "C3-SP": 420.3,
            "C4-MX": 176.09999999999997,
            "C4-SP": 11688.3,
            "C5-MX": 52.6,
            "C5-SP": 651.7,
            "CO2-SP": 0.0,
            "COND": 17731.5,
            "FSHWTR": 4456.099999999999,
            "GAS": 158835.4,
            "HELIUM": 2.8,
            "IC4-MX": 92.10000000000001,
            "IC5-MX": 0.0,
            "NC4-MX": 224.5,
            "NC5-MX": 132.1,
            "OIL": 590564.9000000006,
            "WATER": 402616.50000000035
        },
        "LDINJ": {
            "OIL": 1693.4000000000005,
            "WATER": 67299.40000000001
        },
        "LDINVADJ": {
            "OIL": 44.89999999999999,
            "WATER": -6595.299999999999
        },
        "LDINVCL": {
            "COND": 2.6,
            "OIL": 3264.6000000000017,
            "WATER": 582372.4999999999
        },
        "LDINVOP": {
            "COND": 2.6,
            "OIL": 2965.0000000000005,
            "WATER": 565277.0999999995
        },
        "LDREC": {
            "OIL": 1438.6999999999996,
            "WATER": 43608.69999999999
        },
        "PROC": {
            "C2-MX": 148.5,
            "C3-MX": 8853.3,
            "C3-SP": 10981.1,
            "C4-MX": 3539.8999999999996,
            "C4-SP": 6021.7,
            "C5-MX": 1801.5,
            "C5-SP": 8644.3
        },
        "PROD": {
            "CO2": 408.7,
            "COND": 0.4,
            "FSHWTR": 2043450.2999999998,
            "GAS": 294633.6999999975,
            "HELIUM": 216.00000000000003,
            "N2": 28445.9,
            "OIL": 1496998.4999999953,
            "WATER": 24976536.1
        },
        "PURDISP": {
            "OIL": 2132.9999999999995
        },
        "PURREC": {
            "OIL": 1510.0
        },
        "REC": {
            "BRINE": 3439193.1,
            "C2-MX": 83.0,
            "C3-MX": 5312.2,
            "C3-SP": 12142.5,
            "C4-SP": 48111.7,
            "C5-MX": 753.7,
            "C5-SP": 41.0,
            "CO2": 386.7,
            "CO2-MX": 775591.4,
            "CO2-SP": 70957.0,
            "COND": 244579.9,
            "FSHWTR": 2740336.9,
            "GAS": 5194779.800000001,
            "HELIUM": 196.0,
            "IC4-MX": 4263.4,
            "IC5-MX": 977.1,
            "N2": 28427.199999999997,
            "NC4-MX": 6646.9,
            "NC5-MX": 0.0,
            "OIL": 4656342.699999999,
            "POLYMER": 88644.2,
            "SAND": 3.2,
            "SYNCRD": 289186.9,
            "WASTE": 40679.5,
            "WATER": 29945257.19999999
        },
        "SHR": {
            "ACGAS": 54.9,
            "C2-MX": 41.8,
            "C3-MX": 2409.2,
            "C3-SP": 2988.3,
            "C4-MX": 841.4,
            "C4-SP": 1431.2,
            "C5-MX": 372.50000000000006,
            "C5-SP": 1786.5,
            "COND": 72.9,
            "OIL": 3764.5
        },
        "SHUTIN": {},
        "STINJ": {
            "CO2-MX": 797063.7,
            "GAS": 1591.6
        },
        "STINVCL": {
            "C3-MX": 0.0,
            "CO2-MX": 42301460.8,
            "GAS": 6388.299999999999
        },
        "STINVOP": {
            "C3-MX": 0.0,
            "CO2-MX": 42065510.8,
            "GAS": 5852.799999999999
        },
        "STREC": {
            "C3-MX": 0.4,
            "CO2-MX": 68119.0,
            "GAS": 5086.6
        },
        "VENT": {
            "C3-MX": 0.4,
            "CO2": 408.7,
            "CO2-MX": 2677.3,
            "ENTGAS": 1.1,
            "GAS": 14814.70000000016,
            "N2": 28445.9
        }
    }
}