{
    "year": 2023,
    "month": "04",
    "pt": "Saskatchewan",
    "includes_ghgrp": false,
    "volume_by_activity": {
        "DIFF": {
            "GAS": 12725.199999999999,
            "SOLV": -170.89999999999964,
            "WASTE": 0.0,
            "WATER": 38976.19999999999
        },
        "DISP": {
            "C1-MX": 13.0,
            "C2-MX": 212.10000000000002,
            "C2-SP": 1977.0,
            "C3-MX": 15518.599999999999,
            "C3-SP": 18711.8,
            "C4-MX": 982.8,
            "C4-SP": 35297.4,
            "C5-MX": 2844.6,
            "C5-SP": 29.9,
            "CO2": 340.60000000000014,
            "CO2-MX": 54285.100000000006,
            "CO2-SP": 34570.7,
            "COND": 91737.70000000001,
            "FSHWTR": 2968230.8000000003,
            "GAS": 4805474.4,
            "HELIUM": 617.5000000000001,
            "IC4-MX": 2228.6000000000004,
            "IC5-MX": 54.8,
            "N2": 41878.0,
            "NC4-MX": 4927.4,
            "OIL": 6265505.999999996,
            "POLYMER": 168026.2,
            "SAND": 4282.899999999998,
            "SYNCRD": 183779.4,
            "WATER": 26114749.800000045
        },
        "FLARE": {
            "ACGAS": 681.5,
            "ENTGAS": 11.9,
            "GAS": 35246.399999999914
        },
        "FRAC": {
            "C3-MX": -463.0,
            "C3-SP": 463.0,
            "C4-SP": 1978.2,
            "C5-SP": 948.2,
            "IC4-MX": -1978.2,
            "IC5-MX": -948.2,
            "NC4-MX": 0.0,
            "NC5-MX": 0.0
        },
        "FUEL": {
            "GAS": 156744.6999999999
        },
        "IMBAL": {
            "C1-MX": 0.0,
            "C2-MX": 0.0,
            "C2-SP": 0.0,
            "C3-MX": 0.0,
            "C3-SP": 0.0,
            "C4-MX": 0.0,
            "C4-SP": 0.0,
            "C5-MX": 0.0,
            "C5-SP": 0.0,
            "CO2": 0.0,
            "CO2-SP": 0.0,
            "HELIUM": 0.0,
            "OIL": 0.0
        },
        "INJ": {
            "BRINE": 3046648.6,
            "GAS": 456.1,
            "POLYMER": 868966.0999999999,
            "STEAM": 964681.5000000001,
            "WASTE": 55998.100000000006,
            "WATER": 27626060.500000004
        },
        "INVADJ": {
            "C4-SP": 53.9,
            "COND": -319.7,
            "OIL": -1646.9999999999998,
            "WATER": 373.29999999999995
        },
        "INVCL": {
            "C2-MX": 40.300000000000004,
            "C2-SP": 1118.8,
            "C3-MX": 2427.1000000000004,
            "C3-SP": 1827.3,
            "C4-MX": 95.39999999999999,
            "C4-SP": 12592.699999999999,
            "C5-MX": 33.9,
            "C5-SP": 466.4,
            "CO2-SP": 0.0,
            "COND": 20678.799999999996,
            "FSHWTR": 4580.3,
            "GAS": 172403.5,
            "HELIUM": 24.1,
            "IC4-MX": 306.5,
            "IC5-MX": 0.0,
            "NC4-MX": 825.5,
            "NC5-MX": 557.9,
            "OIL": 758632.8000000003,
            "WATER": 400557.1000000004
        },
        "INVOP": {
            "C2-MX": 31.8,
            "C2-SP": 1118.8,
            "C3-MX": 1583.3,
            "C3-SP": 593.8,
            "C4-MX": 123.89999999999999,
            "C4-SP": 12398.1,
            "C5-MX": 35.3,
            "C5-SP": 487.5,
            "CO2-SP": 0.0,
            "COND": 20028.600000000002,
            "FSHWTR": 4519.1,
            "GAS": 177070.1,
            "HELIUM": 25.5,
            "IC4-MX": 242.89999999999998,
            "IC5-MX": 0.0,
            "NC4-MX": 654.3000000000001,
            "NC5-MX": 441.5,
            "OIL": 738189.6000000002,
            "WATER": 390581.0000000001
        },
        "LDINJ": {
            "OIL": 607.8,
            "WATER": 17349.4
        },
        "LDINVADJ": {
            "WATER": 1150.0
        },
        "LDINVCL": {
            "COND": 2.6,
            "OIL": 3104.5000000000014,
            "WATER": 604971.4000000001
        },
        "LDINVOP": {
            "COND": 2.6,
            "OIL": 3356.000000000002,
            "WATER": 629484.7999999999
        },
        "LDREC": {
            "OIL": 859.3000000000001,
            "WATER": 47749.90000000002
        },
        "PROC": {
            "C1-MX": 13.0,
            "C2-MX": 147.39999999999998,
            "C2-SP": 988.5,
            "C3-MX": 7171.1,
            "C3-SP": 10733.5,
            "C4-MX": 4184.0,
            "C4-SP": 4885.8,
            "C5-MX": 1977.2999999999997,
            "C5-SP": 6809.299999999999
        },
        "PROD": {
            "CO2": 408.3,
            "FSHWTR": 1887498.2,
            "GAS": 288399.899999998,
            "HELIUM": 325.00000000000006,
            "N2": 43401.299999999996,
            "OIL": 1509882.9000000036,
            "WATER": 24872991.900000017
        },
        "PURDISP": {
            "OIL": 1543.3000000000002
        },
        "PURREC": {
            "OIL": 770.1
        },
        "REC": {
            "BRINE": 2512060.0999999996,
            "C2-MX": 73.2,
            "C2-SP": 988.5,
            "C3-MX": 9654.3,
            "C3-SP": 8748.8,
            "C4-MX": 0.0,
            "C4-SP": 61027.999999999985,
            "C5-MX": 1037.1,
            "C5-SP": 182.3,
            "CO2": 340.6,
            "CO2-MX": 713432.3,
            "CO2-SP": 69141.4,
            "COND": 254880.19999999998,
            "FSHWTR": 2794484.9,
            "GAS": 4738968.2,
            "HELIUM": 291.1,
            "IC4-MX": 3110.2,
            "IC5-MX": 948.2,
            "N2": 41878.0,
            "NC4-MX": 3029.1,
            "NC5-MX": 0.0,
            "OIL": 4577969.1,
            "POLYMER": 168026.2,
            "SYNCRD": 184135.8,
            "WASTE": 55998.100000000006,
            "WATER": 29542612.900000013
        },
        "SHR": {
            "ACGAS": 58.800000000000004,
            "C1-MX": 5.7,
            "C2-MX": 41.4,
            "C2-SP": 278.2,
            "C3-MX": 1951.3999999999999,
            "C3-SP": 2920.9,
            "C4-MX": 994.4,
            "C4-SP": 1161.3,
            "C5-MX": 408.5,
            "C5-SP": 1407.3999999999999,
            "COND": 51.8,
            "OIL": 4667.2
        },
        "SHUTIN": {},
        "STINJ": {
            "CO2-MX": 748390.2999999999,
            "GAS": 2917.8999999999996
        },
        "STINVCL": {
            "C3-MX": 0.0,
            "CO2-MX": 44221054.49999999,
            "GAS": 13237.1
        },
        "STINVOP": {
            "C3-MX": 0.0,
            "CO2-MX": 43995451.300000004,
            "GAS": 10920.2
        },
        "STREC": {
            "CO2-MX": 53026.70000000001,
            "GAS": 5237.3
        },
        "VENT": {
            "CO2": 408.29999999999995,
            "CO2-MX": 942.4,
            "ENTGAS": 1.0,
            "GAS": 12839.000000000182,
            "N2": 43401.4
        }
    }
}