{
    "year": 2024,
    "month": "10",
    "pt": "Saskatchewan",
    "includes_ghgrp": false,
    "volume_by_activity": {
        "DIFF": {
            "GAS": 16566.4,
            "SOLV": 3268.5,
            "WASTE": 1.5,
            "WATER": 13411.799999999996
        },
        "DISP": {
            "ACGAS": 364.5,
            "C2-MX": 268.79999999999995,
            "C3-MX": 18142.7,
            "C3-SP": 24096.0,
            "C4-MX": 1122.3000000000002,
            "C4-SP": 29036.699999999997,
            "C5-MX": 2305.8999999999996,
            "C5-SP": 2924.9,
            "CO2": 807.7999999999998,
            "CO2-MX": 51379.600000000006,
            "CO2-SP": 23276.3,
            "COND": 82479.9,
            "FSHWTR": 3046694.1999999997,
            "GAS": 5681136.800000001,
            "HELIUM": 939.9000000000001,
            "IC4-MX": 2723.5,
            "IC5-MX": 14.5,
            "N2": 61993.49999999998,
            "NC4-MX": 7023.3,
            "OIL": 6390733.0000000065,
            "POLYMER": 180823.8,
            "SAND": 5963.7,
            "SYNCRD": 315794.0,
            "WATER": 27617918.100000057
        },
        "FLARE": {
            "ACGAS": 229.8,
            "ENTGAS": 391.90000000000003,
            "GAS": 34721.8
        },
        "FRAC": {
            "C3-MX": -850.5,
            "C3-SP": 850.5,
            "C4-MX": 0.0,
            "C4-SP": 1189.9,
            "C5-MX": 0.0,
            "C5-SP": 1209.0,
            "IC4-MX": -1189.9,
            "IC5-MX": -1209.0,
            "NC4-MX": 0.0,
            "NC5-MX": 0.0
        },
        "FUEL": {
            "GAS": 166082.89999999994
        },
        "IMBAL": {
            "C2-MX": 0.0,
            "C2-SP": 0.0,
            "C3-MX": 0.0,
            "C3-SP": 0.0,
            "C4-MX": 0.0,
            "C4-SP": 0.0,
            "C5-MX": 0.0,
            "C5-SP": 0.0,
            "CO2": 0.0,
            "CO2-SP": 0.0,
            "HELIUM": 0.0,
            "OIL": 0.0
        },
        "INJ": {
            "ACGAS": 690.0,
            "BRINE": 2415358.7,
            "GAS": 1567.2,
            "POLYMER": 1023301.4000000001,
            "STEAM": 841586.6,
            "WASTE": 74176.6,
            "WATER": 29296563.59999997
        },
        "INVADJ": {
            "C4-SP": 47.5,
            "COND": -448.1,
            "OIL": -1429.3000000000002,
            "WATER": -352.20000000000005
        },
        "INVCL": {
            "C2-MX": 60.0,
            "C2-SP": 1118.8,
            "C3-MX": 1735.9,
            "C3-SP": 1972.2999999999997,
            "C4-MX": 44.099999999999994,
            "C4-SP": 12491.999999999998,
            "C5-MX": 34.099999999999994,
            "C5-SP": 319.5,
            "CO2-SP": 0.0,
            "COND": 24675.8,
            "FSHWTR": 4531.499999999999,
            "GAS": 190848.4,
            "HELIUM": 31.200000000000003,
            "IC4-MX": 298.5,
            "IC5-MX": 0.0,
            "NC4-MX": 713.6,
            "NC5-MX": 365.1,
            "OIL": 608621.2000000004,
            "WATER": 403231.6000000005
        },
        "INVOP": {
            "C2-MX": 22.599999999999998,
            "C2-SP": 1118.8,
            "C3-MX": 614.6,
            "C3-SP": 2003.2,
            "C4-MX": 26.1,
            "C4-SP": 12590.2,
            "C5-MX": 21.799999999999997,
            "C5-SP": 453.9,
            "CO2-SP": 0.0,
            "COND": 32371.300000000003,
            "FSHWTR": 3071.4,
            "GAS": 191380.1,
            "HELIUM": 29.2,
            "IC4-MX": 159.2,
            "IC5-MX": 0.0,
            "NC4-MX": 252.4,
            "NC5-MX": 120.19999999999999,
            "OIL": 595156.2999999998,
            "WATER": 390119.9000000001
        },
        "LDINJ": {
            "OIL": 1325.5999999999997,
            "WATER": 38999.19999999999
        },
        "LDINVADJ": {
            "OIL": 56.2,
            "WATER": 6804.3
        },
        "LDINVCL": {
            "COND": 2.6,
            "OIL": 3183.000000000001,
            "WATER": 510995.3000000003
        },
        "LDINVOP": {
            "COND": 2.6,
            "OIL": 3165.7000000000016,
            "WATER": 515353.50000000006
        },
        "LDREC": {
            "OIL": 1364.5000000000002,
            "WATER": 50163.29999999995
        },
        "PROC": {
            "C2-MX": 201.10000000000002,
            "C3-MX": 8357.699999999999,
            "C3-SP": 10188.8,
            "C4-MX": 4445.099999999999,
            "C4-SP": 4773.5,
            "C5-MX": 1865.4,
            "C5-SP": 8213.4
        },
        "PROD": {
            "CO2": 812.8999999999999,
            "FSHWTR": 1922846.9000000001,
            "GAS": 267731.59999999887,
            "HELIUM": 479.2,
            "N2": 65098.99999999998,
            "OIL": 1423364.300000001,
            "WATER": 26249886.500000034
        },
        "PURDISP": {
            "OIL": 3561.000000000001
        },
        "PURREC": {
            "OIL": 2234.8
        },
        "REC": {
            "ACGAS": 690.0,
            "BRINE": 1847327.2,
            "C2-MX": 105.1,
            "C3-MX": 11757.8,
            "C3-SP": 13025.8,
            "C4-MX": 140.70000000000002,
            "C4-SP": 53106.29999999999,
            "C5-MX": 802.9000000000001,
            "C5-SP": 3087.6000000000004,
            "CO2": 807.8,
            "CO2-MX": 659973.4,
            "CO2-SP": 46552.6,
            "COND": 217169.2,
            "FSHWTR": 2784750.5,
            "GAS": 5651108.800000001,
            "HELIUM": 462.70000000000005,
            "IC4-MX": 3104.3,
            "IC5-MX": 1209.0,
            "N2": 61993.49999999999,
            "NC4-MX": 5127.700000000001,
            "NC5-MX": 0.0,
            "OIL": 4803162.500000003,
            "POLYMER": 180823.8,
            "SYNCRD": 316425.3,
            "WASTE": 74178.1,
            "WATER": 31455908.19999998
        },
        "SHR": {
            "ACGAS": 58.8,
            "C2-MX": 56.7,
            "C3-MX": 2274.3999999999996,
            "C3-SP": 2772.7,
            "C4-MX": 1056.6,
            "C4-SP": 1134.5,
            "C5-MX": 385.4,
            "C5-SP": 1697.5000000000002,
            "COND": 73.10000000000001,
            "OIL": 4350.4
        },
        "SHUTIN": {},
        "SPILL": {
            "OIL": 12.0
        },
        "STINJ": {
            "CO2-MX": 675841.5,
            "GAS": 2772.2
        },
        "STINVCL": {
            "C3-MX": 0.0,
            "CO2-MX": 47318925.199999996,
            "GAS": 22041.6
        },
        "STINVOP": {
            "C3-MX": 0.0,
            "CO2-MX": 47159522.2,
            "GAS": 21214.1
        },
        "STREC": {
            "CO2-MX": 49585.100000000006,
            "GAS": 6478.9
        },
        "VENT": {
            "CO2": 812.9,
            "CO2-MX": 235.2,
            "ENTGAS": 1.1,
            "GAS": 12077.30000000014,
            "N2": 65098.99999999999
        }
    }
}