{
    "year": 2024,
    "month": "05",
    "pt": "Saskatchewan",
    "includes_ghgrp": false,
    "volume_by_activity": {
        "DIFF": {
            "GAS": {
                "BT": 0.0,
                "CT": 0.0,
                "GP": 1925.8,
                "GS": -341.4000000000002,
                "IF": -86.89999999999999,
                "PL": 18753.3,
                "TM": 0.0,
                "WT": 0.0
            },
            "SOLV": {
                "BT": 0.0,
                "IF": 253.9
            },
            "WASTE": {
                "IF": 0.0
            },
            "WATER": {
                "BT": 96.1,
                "CT": 0.0,
                "GP": 0.0,
                "GS": 0.0,
                "IF": 20225.200000000004,
                "PL": -0.9,
                "TM": 0.0,
                "WT": -21974.000000000004
            }
        },
        "DISP": {
            "ACGAS": {
                "GP": 477.0
            },
            "C1-MX": {
                "GP": 0.0
            },
            "C2-MX": {
                "GP": 141.20000000000002,
                "GS": 8.1,
                "PL": 110.9
            },
            "C3-MX": {
                "GP": 6858.0,
                "GS": 12.5,
                "PL": 5405.0
            },
            "C3-SP": {
                "GP": 11449.0,
                "TM": 17396.5
            },
            "C4-MX": {
                "GP": 1082.5,
                "GS": 29.8
            },
            "C4-SP": {
                "BT": 877.4,
                "GP": 5140.5,
                "PL": 1221.0,
                "TM": 17326.4
            },
            "C5-MX": {
                "GP": 1397.5,
                "GS": 109.3,
                "PL": 627.8
            },
            "C5-SP": {
                "GP": 29.9
            },
            "CO2": {
                "BT": 692.6
            },
            "CO2-MX": {
                "BT": 71196.1,
                "IF": 0.0
            },
            "CO2-SP": {
                "PL": 11357.2
            },
            "COND": {
                "BT": 2360.9,
                "GP": 5273.2,
                "GS": 5691.3,
                "PL": 39069.3,
                "TM": 19744.0
            },
            "FSHWTR": {
                "BT": 10566.0,
                "IF": 3154.7,
                "WT": 3104935.8000000003
            },
            "GAS": {
                "BT": 276604.10000000003,
                "GP": 77988.6,
                "GS": 222561.3999999998,
                "IF": 71.3,
                "PL": 4934446.899999999
            },
            "HELIUM": {
                "BT": 400.0999999999999,
                "GP": 358.90000000000003
            },
            "IC4-MX": {
                "GP": 2197.7000000000003,
                "PL": 1632.7
            },
            "IC5-MX": {
                "GP": 62.7
            },
            "N2": {
                "BT": 54357.7
            },
            "NC4-MX": {
                "GP": 4492.5,
                "PL": 4135.0
            },
            "OIL": {
                "BT": 1736013.9000000008,
                "CT": 202237.59999999998,
                "GP": 2526.2999999999997,
                "GS": 69.2,
                "IF": 1970.6000000000001,
                "PL": 3354443.8,
                "TM": 984486.5999999997
            },
            "POLYMER": {
                "BT": 165795.2
            },
            "SAND": {
                "BT": 5074.000000000008,
                "CT": 153.7,
                "GP": 0.8999999999999999,
                "GS": 0.2,
                "IF": 131.0,
                "TM": 131.70000000000002
            },
            "SYNCRD": {
                "PL": 48090.8
            },
            "WATER": {
                "BT": 25603085.400000054,
                "CT": 96616.29999999999,
                "GP": 1347.4999999999998,
                "GS": 578.9999999999999,
                "IF": 292258.0999999999,
                "PL": 5555.5,
                "TM": 10720.400000000001,
                "WT": 1132835.6
            }
        },
        "FLARE": {
            "ACGAS": {
                "GP": 226.4
            },
            "ENTGAS": {
                "CT": 6.5,
                "IF": 0.3,
                "TM": 456.1
            },
            "GAS": {
                "BT": 33949.29999999997,
                "CT": 56.3,
                "GP": 828.1,
                "GS": 252.8,
                "IF": 30.4,
                "PL": 418.6,
                "TM": 172.4
            }
        },
        "FRAC": {
            "C3-MX": {
                "GP": -400.9
            },
            "C3-SP": {
                "GP": 400.9
            },
            "C4-SP": {
                "GP": 729.6
            },
            "C5-SP": {
                "GP": 521.8
            },
            "IC4-MX": {
                "GP": -729.6
            },
            "IC5-MX": {
                "GP": -521.8
            },
            "NC4-MX": {
                "GP": 0.0
            },
            "NC5-MX": {
                "GP": 0.0
            }
        },
        "FUEL": {
            "GAS": {
                "BT": 42115.299999999836,
                "CT": 940.9,
                "GP": 4985.0999999999985,
                "GS": 5370.100000000002,
                "IF": 59106.599999999984,
                "PL": 51190.899999999994,
                "TM": 37.900000000000006,
                "WT": 1.1
            }
        },
        "IMBAL": {
            "C1-MX": {
                "GP": 0.0
            },
            "C2-MX": {
                "GP": 0.0,
                "GS": 0.0,
                "PL": 0.0
            },
            "C2-SP": {
                "PL": 0.0
            },
            "C3-MX": {
                "GP": 0.0,
                "GS": 0.0,
                "PL": 0.0
            },
            "C3-SP": {
                "GP": 0.0,
                "TM": 0.0
            },
            "C4-MX": {
                "GP": 0.0,
                "GS": 0.0,
                "PL": 0.0
            },
            "C4-SP": {
                "GP": 0.0
            },
            "C5-MX": {
                "GP": 0.0,
                "GS": 0.0,
                "PL": 0.0
            },
            "C5-SP": {
                "GP": 0.0,
                "GS": 0.0
            },
            "CO2": {
                "BT": 0.0,
                "GP": 0.0
            },
            "CO2-SP": {
                "PL": 0.0
            },
            "HELIUM": {
                "BT": 0.0,
                "GP": 0.0
            },
            "OIL": {
                "BT": 0.0,
                "CT": 0.0,
                "IF": 0.0,
                "PL": 287.4,
                "TM": 0.0
            }
        },
        "INJ": {
            "ACGAS": {
                "IF": 880.4
            },
            "BRINE": {
                "IF": 3162668.3
            },
            "GAS": {
                "IF": 1053.6
            },
            "POLYMER": {
                "IF": 1025175.5000000003
            },
            "STEAM": {
                "IF": 827527.2000000002
            },
            "WASTE": {
                "IF": 23481.2
            },
            "WATER": {
                "IF": 28948882.700000007
            }
        },
        "INVADJ": {
            "C4-SP": {
                "PL": 34.9
            },
            "COND": {
                "PL": -2904.2
            },
            "OIL": {
                "PL": 1458.1000000000001
            },
            "WATER": {
                "PL": -218.79999999999995
            }
        },
        "INVCL": {
            "C2-MX": {
                "GP": 57.800000000000004
            },
            "C2-SP": {
                "PL": 1118.8
            },
            "C3-MX": {
                "GP": 1994.9
            },
            "C3-SP": {
                "GP": 2035.7,
                "TM": 387.3
            },