{
    "year": 2022,
    "month": "06",
    "pt": "Saskatchewan",
    "includes_ghgrp": false,
    "volume_by_activity": {
        "DIFF": {
            "GAS": -5865.8,
            "SOLV": 6326.2,
            "WASTE": 0.0,
            "WATER": 2289.2999999999984
        },
        "DISP": {
            "C2-MX": 270.2,
            "C3-MX": 15306.800000000001,
            "C3-SP": 24738.6,
            "C4-MX": 830.7,
            "C4-SP": 28713.6,
            "C5-MX": 2842.4,
            "C5-SP": 26.9,
            "CO2": 209.89999999999998,
            "CO2-MX": 60711.6,
            "CO2-SP": 26269.0,
            "COND": 85118.09999999999,
            "FSHWTR": 2768825.599999999,
            "GAS": 5240397.5,
            "HELIUM": 345.6,
            "IC4-MX": 2279.0,
            "IC5-MX": 41.7,
            "N2": 20597.7,
            "NC4-MX": 5211.400000000001,
            "OIL": 6112530.600000003,
            "POLYMER": 74675.9,
            "SAND": 6554.500000000005,
            "SYNCRD": 265811.8,
            "WATER": 25659328.49999995
        },
        "FLARE": {
            "ACGAS": 567.8,
            "ENTGAS": 5.0,
            "GAS": 39885.300000000025
        },
        "FRAC": {
            "C3-MX": -576.5,
            "C3-SP": 576.5,
            "C4-SP": 1598.2,
            "C5-SP": 1043.5,
            "IC4-MX": -1598.2,
            "IC5-MX": -1043.5,
            "NC4-MX": 0.0,
            "NC5-MX": 0.0
        },
        "FUEL": {
            "GAS": 163881.20000000022
        },
        "IMBAL": {
            "C2-MX": 0.0,
            "C2-SP": 0.0,
            "C3-MX": 0.0,
            "C3-SP": 0.0,
            "C4-MX": 0.0,
            "C4-SP": 0.0,
            "C5-MX": 0.0,
            "C5-SP": 0.0,
            "CO2": 0.0,
            "CO2-SP": 0.0,
            "HELIUM": 0.0,
            "OIL": 0.0
        },
        "INJ": {
            "AIR": 1106.0,
            "BRINE": 4128173.5999999996,
            "GAS": 345.0,
            "POLYMER": 771116.5,
            "STEAM": 782784.6,
            "WASTE": 50198.6,
            "WATER": 26906182.59999999
        },
        "INVADJ": {
            "C4-SP": 16.5,
            "COND": -110.10000000000001,
            "OIL": 224.90000000000003,
            "WATER": -125.4
        },
        "INVCL": {
            "C2-MX": 15.6,
            "C2-SP": 1118.8,
            "C3-MX": 893.6,
            "C3-SP": 420.3,
            "C4-MX": 176.09999999999997,
            "C4-SP": 11688.3,
            "C5-MX": 52.6,
            "C5-SP": 651.7,
            "CO2-SP": 0.0,
            "COND": 17731.5,
            "FSHWTR": 4456.099999999999,
            "GAS": 158835.4,
            "HELIUM": 2.8,
            "IC4-MX": 92.10000000000001,
            "IC5-MX": 0.0,
            "NC4-MX": 224.5,
            "NC5-MX": 132.1,
            "OIL": 590564.9000000006,
            "WATER": 402616.50000000035
        },
        "INVOP": {
            "C2-MX": 30.3,
            "C2-SP": 1118.8,
            "C3-MX": 1478.8000000000002,
            "C3-SP": 416.8,
            "C4-MX": 133.3,
            "C4-SP": 11685.900000000001,
            "C5-MX": 60.400000000000006,
            "C5-SP": 607.2,
            "CO2-SP": 0.0,
            "COND": 18399.7,
            "FSHWTR": 3774.9,
            "GAS": 152778.5,
            "HELIUM": 12.8,
            "IC4-MX": 185.79999999999998,
            "IC5-MX": 0.0,
            "NC4-MX": 450.40000000000003,
            "NC5-MX": 267.0,
            "OIL": 602297.2000000002,
            "WATER": 394993.2999999998
        },
        "LDINJ": {
            "OIL": 1295.1,
            "WATER": 67054.49999999997
        },
        "LDINVADJ": {
            "OIL": 13.2,
            "WATER": -4435.3
        },
        "LDINVCL": {
            "COND": 2.6,
            "OIL": 2978.2000000000003,
            "WATER": 566392.8999999994
        },
        "LDINVOP": {
            "COND": 8.6,
            "OIL": 3144.0000000000014,
            "WATER": 538685.3999999998
        },
        "LDREC": {
            "COND": 6.0,
            "OIL": 1474.1,
            "WATER": 34881.70000000001
        },
        "PROC": {
            "C2-MX": 137.3,
            "C3-MX": 7781.2,
            "C3-SP": 11513.199999999999,
            "C4-MX": 3405.6000000000004,
            "C4-SP": 5994.7,
            "C5-MX": 1682.2000000000003,
            "C5-SP": 8108.0
        },
        "PROD": {
            "CO2": 340.79999999999995,
            "COND": 67.4,
            "FSHWTR": 1793788.2000000002,
            "GAS": 289808.299999999,
            "HELIUM": 188.5,
            "N2": 24103.1,
            "OIL": 1439400.5000000035,
            "WATER": 24180329.80000004
        },
        "PURDISP": {
            "OIL": 3134.1000000000013
        },
        "PURREC": {
            "OIL": 1682.1999999999998
        },
        "REC": {
            "BRINE": 3555557.6,
            "C2-MX": 118.2,
            "C3-MX": 7516.900000000001,
            "C3-SP": 12652.400000000001,
            "C4-MX": 27.2,
            "C4-SP": 46219.79999999998,
            "C5-MX": 1073.9,
            "C5-SP": 26.9,
            "CO2": 209.9,
            "CO2-MX": 708719.7000000001,
            "CO2-SP": 52538.0,
            "COND": 211452.69999999998,
            "FSHWTR": 2597819.0,
            "GAS": 5177614.6,
            "HELIUM": 147.1,
            "IC4-MX": 2875.6,
            "IC5-MX": 1028.8,
            "N2": 20597.699999999997,
            "NC4-MX": 3334.1000000000004,
            "NC5-MX": 0.0,
            "OIL": 4502610.999999999,
            "POLYMER": 74675.9,
            "SAND": 4.7,
            "SYNCRD": 265833.0,
            "WASTE": 50198.6,
            "WATER": 28933991.59999999
        },
        "SHR": {
            "ACGAS": 59.0,
            "C2-MX": 38.6,
            "C3-MX": 2117.4,
            "C3-SP": 3133.1,
            "C4-MX": 809.4,
            "C4-SP": 1424.8,
            "C5-MX": 347.5,
            "C5-SP": 1675.6999999999998,
            "COND": 61.300000000000004,
            "OIL": 3494.2999999999997
        },
        "SHUTIN": {},
        "STINJ": {
            "CO2-MX": 720650.1,
            "GAS": 1506.1999999999998
        },
        "STINVCL": {
            "C3-MX": 0.0,
            "CO2-MX": 42065510.8,
            "GAS": 5852.799999999999
        },
        "STINVOP": {
            "C3-MX": 0.0,
            "CO2-MX": 41849480.800000004,
            "GAS": 5261.900000000001
        },
        "STREC": {
            "C3-MX": 0.4,
            "CO2-MX": 61529.20000000001,
            "GAS": 4135.299999999999
        },
        "VENT": {
            "C3-MX": 0.4,
            "CO2": 340.8,
            "CO2-MX": 3192.0,
            "ENTGAS": 1.1,
            "GAS": 14131.000000000153,
            "N2": 24103.1
        }
    }
}