{
    "year": 2023,
    "month": "02",
    "pt": "Saskatchewan",
    "includes_ghgrp": false,
    "volume_by_activity": {
        "DIFF": {
            "GAS": {
                "BT": 0.0,
                "CT": 0.0,
                "GP": 942.0,
                "GS": -1232.9999999999995,
                "IF": 120.3,
                "PL": 30620.0,
                "TM": 0.0,
                "WT": 0.0
            },
            "SOLV": {
                "BT": 0.0,
                "IF": 222.79999999999973
            },
            "WASTE": {
                "IF": 0.0
            },
            "WATER": {
                "BT": -0.1,
                "CT": 0.0,
                "GP": 0.0,
                "GS": 0.0,
                "IF": 28402.100000000002,
                "PL": 0.0,
                "TM": 0.2,
                "WT": -9418.599999999999
            }
        },
        "DISP": {
            "C2-MX": {
                "GP": 164.1,
                "GS": 4.2,
                "PL": 141.7
            },
            "C2-SP": {
                "GP": 1042.7,
                "PL": 1042.7
            },
            "C3-MX": {
                "GP": 7277.700000000001,
                "GS": 8.6,
                "PL": 5347.1
            },
            "C3-SP": {
                "GP": 11600.100000000002,
                "TM": 9716.4
            },
            "C4-MX": {
                "GP": 663.7,
                "GS": 23.5
            },
            "C4-SP": {
                "GP": 6230.5,
                "PL": 36.2,
                "TM": 22958.699999999997
            },
            "C5-MX": {
                "GP": 1419.0,
                "GS": 81.4,
                "PL": 995.9
            },
            "C5-SP": {
                "GP": 10.0
            },
            "CO2": {
                "BT": 272.90000000000003
            },
            "CO2-MX": {
                "BT": 57915.799999999996
            },
            "CO2-SP": {
                "PL": 28612.9
            },
            "COND": {
                "GP": 6849.6,
                "GS": 4342.5,
                "PL": 82579.3,
                "TM": 9053.599999999999
            },
            "FSHWTR": {
                "BT": 11171.0,
                "IF": 4360.2,
                "WT": 2747960.6
            },
            "GAS": {
                "BT": 278626.8999999995,
                "GP": 60675.49999999999,
                "GS": 205894.30000000048,
                "IF": 64.4,
                "PL": 4466228.699999999
            },
            "HELIUM": {
                "BT": 286.1,
                "GP": 221.2
            },
            "IC4-MX": {
                "GP": 1642.9,
                "PL": 1041.2
            },
            "IC5-MX": {
                "GP": 193.29999999999998
            },
            "N2": {
                "BT": 34373.6
            },
            "NC4-MX": {
                "GP": 2595.1,
                "PL": 2595.1
            },
            "OIL": {
                "BT": 1734844.0999999992,
                "CT": 170750.7,
                "GP": 699.6,
                "GS": 69.4,
                "IF": 2151.3000000000006,
                "PL": 3135347.6,
                "TM": 972548.2000000001
            },
            "POLYMER": {
                "BT": 123527.9,
                "IF": 23061.3
            },
            "SAND": {
                "BT": 5524.300000000002,
                "CT": 134.3,
                "GP": 0.0,
                "IF": 152.4,
                "PL": 80.2,
                "TM": 78.6
            },
            "SYNCRD": {
                "PL": 202961.5
            },
            "WATER": {
                "BT": 23560960.2000001,
                "CT": 100191.0,
                "GP": 435.0,
                "GS": 414.9,
                "IF": 259522.8,
                "PL": 4576.000000000001,
                "TM": 10871.5,
                "WT": 977716.7999999999
            }
        },
        "FLARE": {
            "ACGAS": {
                "GP": 676.9
            },
            "ENTGAS": {
                "CT": 12.399999999999999,
                "IF": 2.4
            },
            "GAS": {
                "BT": 31234.499999999927,
                "CT": 57.2,
                "GP": 1695.0,
                "GS": 375.1,
                "IF": 12.4,
                "PL": 1.1,
                "TM": 180.3
            }
        },
        "FRAC": {
            "C3-MX": {
                "GP": -488.2
            },
            "C3-SP": {
                "GP": 488.2
            },
            "C4-SP": {
                "GP": 1695.1
            },
            "C5-SP": {
                "GP": 1058.1
            },
            "IC4-MX": {
                "GP": -1695.1
            },
            "IC5-MX": {
                "GP": -1058.1
            },
            "NC4-MX": {
                "GP": 0.0
            },
            "NC5-MX": {
                "GP": 0.0
            }
        },
        "FUEL": {
            "GAS": {
                "BT": 44331.99999999981,
                "CT": 1052.0,
                "GP": 4747.6,
                "GS": 5892.999999999997,
                "IF": 62012.099999999984,
                "PL": 38759.1,
                "TM": 40.7,
                "WT": 3.2
            }
        },
        "IMBAL": {
            "C2-MX": {
                "GP": 0.0,
                "GS": 0.0,
                "PL": 0.0
            },
            "C2-SP": {
                "GP": 0.0,
                "PL": 0.0
            },
            "C3-MX": {
                "GP": 0.0,
                "GS": 0.0,
                "PL": 0.0
            },
            "C3-SP": {
                "GP": 0.0,
                "TM": 0.0
            },
            "C4-MX": {
                "GP": 0.0,
                "GS": 0.0,
                "PL": 0.0
            },
            "C4-SP": {
                "GP": 0.0
            },
            "C5-MX": {
                "GP": 0.0,
                "GS": 0.0,
                "PL": 0.0
            },
            "C5-SP": {
                "GP": 0.0,
                "GS": 0.0
            },
            "CO2": {
                "BT": 0.0,
                "GP": 0.0
            },
            "CO2-SP": {
                "PL": 0.0
            },
            "HELIUM": {
                "BT": 0.0,
                "GP": 0.0
            },
            "OIL": {
                "BT": 0.0,
                "CT": 0.0,
                "PL": 0.0,
                "TM": 0.0
            }
        },
        "INJ": {
            "BRINE": {
                "IF": 2946697.4999999995
            },
            "GAS": {
                "IF": 435.4
            },
            "POLYMER": {
                "IF": 825370.8000000006
            },
            "STEAM": {
                "IF": 853593.4000000003
            },
            "WASTE": {
                "IF": 71151.30000000002
            },
            "WATER": {
                "IF": 26209502.79999998
            }
        },
        "INVADJ": {
            "C4-SP": {
                "PL": 32.5
            },
            "COND": {
                "PL": 136.7
            },
            "OIL": {
                "PL": 133.89999999999992
            },
            "WATER": {
                "PL": 178.89999999999998
            }
        },
        "INVCL": {
            "C2-MX": {
                "GP": 33.300000000000004
            },
            "C2-SP": {
                "PL": 1118.8
            },
            "C3-MX": {
                "GP": 1164.0
            },
            "C3-SP": {
                "GP": 733.1
            },
            "C4-MX": {
                "GP": 120.0
            },
            "C4-SP": {
                "GP": 715.3,
                "PL": 287.1,
                "TM": 10991.1
            },
            "C5-MX": {
                "GP": 38.7
            },
            "C5-SP": {
                "GP": 311.5
            },