{
    "year": 2023,
    "month": "10",
    "pt": "Saskatchewan",
    "includes_ghgrp": false,
    "volume_by_activity": {
        "DIFF": {
            "GAS": 20517.7,
            "SOLV": 5677.6,
            "WASTE": 0.0,
            "WATER": -10995.799999999988
        },
        "DISP": {
            "C2-MX": 378.4,
            "C3-MX": 18727.5,
            "C3-SP": 18319.4,
            "C4-MX": 827.6999999999999,
            "C4-SP": 32133.299999999996,
            "C5-MX": 2532.8,
            "C5-SP": 60.6,
            "CO2": 338.80000000000007,
            "CO2-MX": 75970.6,
            "CO2-SP": 8740.9,
            "COND": 99080.79999999999,
            "FSHWTR": 3138475.2,
            "GAS": 5200558.4,
            "HELIUM": 501.00000000000006,
            "IC4-MX": 2740.3,
            "IC5-MX": 70.8,
            "N2": 37737.8,
            "NC4-MX": 6145.4,
            "OIL": 6511340.700000002,
            "POLYMER": 162187.6,
            "SAND": 6615.500000000012,
            "SYNCRD": 264080.8,
            "WATER": 27074611.79999995
        },
        "FLARE": {
            "ACGAS": 719.4,
            "ENTGAS": 7.1,
            "GAS": 40582.79999999999
        },
        "FRAC": {
            "C3-MX": -930.6,
            "C3-SP": 930.6,
            "C4-SP": 2006.9,
            "C5-SP": 1353.4,
            "IC4-MX": -2006.9,
            "IC5-MX": -1353.4,
            "NC4-MX": 0.0,
            "NC5-MX": 0.0
        },
        "FUEL": {
            "GAS": 151086.59999999977
        },
        "IMBAL": {
            "C2-MX": 0.0,
            "C2-SP": 0.0,
            "C3-MX": 0.0,
            "C3-SP": 0.0,
            "C4-MX": 0.0,
            "C4-SP": 0.0,
            "C5-MX": 0.0,
            "C5-SP": 0.0,
            "CO2": 0.0,
            "CO2-SP": 0.0,
            "HELIUM": 0.0,
            "OIL": 0.0
        },
        "INJ": {
            "BRINE": 2665560.1,
            "GAS": 1365.6,
            "POLYMER": 970898.2000000001,
            "STEAM": 824457.7999999998,
            "WASTE": 21231.6,
            "WATER": 28823756.999999978
        },
        "INVADJ": {
            "C4-SP": 15.4,
            "COND": -0.3999999999999986,
            "OIL": 6656.700000000001,
            "WATER": 118.89999999999998
        },
        "INVCL": {
            "C2-MX": 58.5,
            "C2-SP": 1118.8,
            "C3-MX": 2036.2,
            "C3-SP": 1807.4,
            "C4-MX": 41.9,
            "C4-SP": 12358.6,
            "C5-MX": 36.9,
            "C5-SP": 417.2,
            "CO2-SP": 0.0,
            "COND": 18816.3,
            "FSHWTR": 4198.7,
            "GAS": 175934.5,
            "HELIUM": 31.0,
            "IC4-MX": 354.5,
            "IC5-MX": 0.0,
            "NC4-MX": 743.5,
            "NC5-MX": 369.1,
            "OIL": 616133.4999999997,
            "WATER": 396446.1
        },
        "INVOP": {
            "C2-MX": 56.6,
            "C2-SP": 1118.8,
            "C3-MX": 1996.5000000000002,
            "C3-SP": 1351.0,
            "C4-MX": 127.8,
            "C4-SP": 12337.899999999998,
            "C5-MX": 31.700000000000003,
            "C5-SP": 491.0,
            "CO2-SP": 0.0,
            "COND": 24327.2,
            "FSHWTR": 4508.9,
            "GAS": 178874.9,
            "HELIUM": 37.699999999999996,
            "IC4-MX": 257.9,
            "IC5-MX": 0.0,
            "NC4-MX": 710.0,
            "NC5-MX": 437.40000000000003,
            "OIL": 589585.7000000003,
            "WATER": 413921.40000000026
        },
        "LDINJ": {
            "COND": 35.1,
            "OIL": 2408.1,
            "WATER": 43635.99999999999
        },
        "LDINVADJ": {
            "OIL": -6.9,
            "WATER": -3829.3000000000006
        },
        "LDINVCL": {
            "COND": 26.900000000000002,
            "OIL": 4051.8000000000015,
            "WATER": 548689.4999999997
        },
        "LDINVOP": {
            "COND": 2.6,
            "OIL": 3251.400000000001,
            "WATER": 562160.2000000002
        },
        "LDREC": {
            "COND": 10.8,
            "OIL": 1600.8,
            "WATER": 53232.39999999998
        },
        "PROC": {
            "C2-MX": 232.9,
            "C3-MX": 6678.5,
            "C3-SP": 8718.0,
            "C4-MX": 3989.0000000000005,
            "C4-SP": 5394.5,
            "C5-MX": 1601.6999999999998,
            "C5-SP": 6863.700000000001
        },
        "PROD": {
            "CO2": 393.00000000000006,
            "FSHWTR": 1884670.9000000001,
            "GAS": 298908.39999999676,
            "HELIUM": 262.90000000000003,
            "N2": 39073.50000000001,
            "OIL": 1488386.4999999984,
            "WATER": 25850990.60000002
        },
        "PURDISP": {
            "OIL": 2162.4999999999995
        },
        "PURREC": {
            "OIL": 871.3
        },
        "REC": {
            "BRINE": 2173936.7,
            "C2-MX": 147.4,
            "C3-MX": 13021.1,
            "C3-SP": 9127.2,
            "C4-MX": 189.1,
            "C4-SP": 51718.60000000001,
            "C5-MX": 1036.1,
            "C5-SP": 60.6,
            "CO2": 338.8,
            "CO2-MX": 641716.9,
            "CO2-SP": 17481.8,
            "COND": 241450.2,
            "FSHWTR": 2701730.3,
            "GAS": 5133769.999999999,
            "HELIUM": 231.4,
            "IC4-MX": 3562.7,
            "IC5-MX": 1353.4,
            "N2": 37737.799999999996,
            "NC4-MX": 4212.8,
            "NC5-MX": 0.0,
            "OIL": 4863187.600000002,
            "POLYMER": 162187.6,
            "SYNCRD": 264575.3,
            "WASTE": 21231.6,
            "WATER": 30850191.09999998
        },
        "SHR": {
            "ACGAS": 64.2,
            "C2-MX": 65.5,
            "C3-MX": 1817.4,
            "C3-SP": 2372.5,
            "C4-MX": 948.2999999999998,
            "C4-SP": 1282.2,
            "C5-MX": 331.1,
            "C5-SP": 1418.5000000000002,
            "COND": 67.8,
            "OIL": 4342.7
        },
        "SHUTIN": {},
        "STINJ": {
            "CO2-MX": 637589.5,
            "GAS": 3343.1
        },
        "STINVCL": {
            "C3-MX": 0.0,
            "CO2-MX": 45221366.900000006,
            "GAS": 21234.899999999998
        },
        "STINVOP": {
            "C3-MX": 0.0,
            "CO2-MX": 45107476.599999994,
            "GAS": 19721.800000000003
        },
        "STREC": {
            "C3-MX": 0.4,
            "CO2-MX": 74658.09999999999,
            "GAS": 4875.200000000002
        },
        "VENT": {
            "C3-MX": 0.4,
            "CO2": 393.0,
            "CO2-MX": 395.49999999999994,
            "ENTGAS": 1.1,
            "GAS": 13267.100000000133,
            "N2": 39073.5
        }
    }
}