{
    "year": 2022,
    "month": "05",
    "pt": "Saskatchewan",
    "includes_ghgrp": false,
    "volume_by_activity": {
        "DIFF": {
            "GAS": 13821.6,
            "SOLV": 6725.9,
            "WASTE": 0.0,
            "WATER": -3478.400000000034
        },
        "DISP": {
            "C2-MX": 220.1,
            "C3-MX": 16409.1,
            "C3-SP": 24827.199999999997,
            "C4-MX": 1010.3,
            "C4-SP": 28690.600000000002,
            "C5-MX": 2400.6000000000004,
            "C5-SP": 27.9,
            "CO2": 231.99999999999997,
            "CO2-MX": 51059.899999999994,
            "CO2-SP": 35736.2,
            "COND": 109451.3,
            "FSHWTR": 2781424.1,
            "GAS": 5367994.3,
            "HELIUM": 347.4,
            "IC4-MX": 1447.7,
            "IC5-MX": 0.0,
            "N2": 21138.9,
            "NC4-MX": 2801.0,
            "OIL": 6361587.400000005,
            "POLYMER": 74884.7,
            "SAND": 5769.300000000003,
            "SYNCRD": 217556.6,
            "WATER": 26561670.800000034
        },
        "FLARE": {
            "ACGAS": 497.9,
            "ENTGAS": 7.5,
            "GAS": 39454.299999999974
        },
        "FRAC": {
            "C3-MX": -390.6,
            "C3-SP": 390.6,
            "C4-SP": 1356.3,
            "C5-SP": 940.4,
            "IC4-MX": -1359.3,
            "IC5-MX": -937.4,
            "NC4-MX": 0.0,
            "NC5-MX": 0.0
        },
        "FUEL": {
            "GAS": 167387.1999999998
        },
        "IMBAL": {
            "C2-MX": 0.0,
            "C2-SP": 0.0,
            "C3-MX": 0.0,
            "C3-SP": 0.0,
            "C4-MX": 0.0,
            "C4-SP": 0.0,
            "C5-MX": 0.0,
            "C5-SP": 0.0,
            "CO2": 0.0,
            "CO2-SP": 0.0,
            "HELIUM": 0.0,
            "OIL": 0.0
        },
        "INJ": {
            "AIR": 1353.8999999999999,
            "BRINE": 4166021.4,
            "GAS": 338.7,
            "POLYMER": 812808.0999999999,
            "STEAM": 774168.4,
            "WASTE": 64269.4,
            "WATER": 27862263.200000003
        },
        "INVADJ": {
            "C4-SP": 30.0,
            "COND": 11.500000000000014,
            "OIL": -1335.9,
            "WATER": -201.60000000000002
        },
        "INVCL": {
            "C2-MX": 30.3,
            "C2-SP": 1118.8,
            "C3-MX": 1478.8000000000002,
            "C3-SP": 416.8,
            "C4-MX": 133.3,
            "C4-SP": 11685.900000000001,
            "C5-MX": 60.400000000000006,
            "C5-SP": 607.2,
            "CO2-SP": 0.0,
            "COND": 18399.7,
            "FSHWTR": 3774.9,
            "GAS": 152778.5,
            "HELIUM": 12.8,
            "IC4-MX": 185.79999999999998,
            "IC5-MX": 0.0,
            "NC4-MX": 450.40000000000003,
            "NC5-MX": 267.0,
            "OIL": 602380.6000000002,
            "WATER": 395884.3999999998
        },
        "INVOP": {
            "C2-MX": 37.70000000000001,
            "C2-SP": 1118.8,
            "C3-MX": 1695.9,
            "C3-SP": 641.4,
            "C4-MX": 130.6,
            "C4-SP": 11625.4,
            "C5-MX": 49.7,
            "C5-SP": 399.5,
            "CO2-SP": 0.0,
            "COND": 22552.2,
            "FSHWTR": 4322.3,
            "GAS": 149140.9,
            "HELIUM": 6.3,
            "IC4-MX": 231.0,
            "IC5-MX": 0.0,
            "NC4-MX": 559.5,
            "NC5-MX": 332.1,
            "OIL": 650659.1999999991,
            "WATER": 380700.30000000104
        },
        "LDINJ": {
            "COND": 15.0,
            "OIL": 1993.5999999999997,
            "WATER": 19531.199999999997
        },
        "LDINVADJ": {
            "OIL": 3.1000000000000014,
            "WATER": -5246.2
        },
        "LDINVCL": {
            "COND": 8.6,
            "OIL": 3149.0000000000014,
            "WATER": 546437.2999999998
        },
        "LDINVOP": {
            "COND": 2.6,
            "OIL": 2980.3000000000015,
            "WATER": 574691.5000000006
        },
        "LDREC": {
            "COND": 9.0,
            "OIL": 1827.999999999999,
            "WATER": 42539.20000000002
        },
        "PROC": {
            "C2-MX": 119.6,
            "C3-MX": 7117.7,
            "C3-SP": 12121.0,
            "C4-MX": 2886.9,
            "C4-SP": 6699.7,
            "C5-MX": 1509.9999999999998,
            "C5-SP": 6961.4
        },
        "PROD": {
            "CO2": 367.4,
            "COND": 65.7,
            "FSHWTR": 1833796.2999999998,
            "GAS": 301551.7999999974,
            "HELIUM": 196.8,
            "N2": 24644.8,
            "OIL": 1520800.5000000019,
            "WATER": 25097637.400000043
        },
        "PURDISP": {
            "OIL": 2913.3000000000006
        },
        "PURREC": {
            "OIL": 2012.3
        },
        "REC": {
            "BRINE": 3473228.3,
            "C2-MX": 93.1,
            "C3-MX": 9464.9,
            "C3-SP": 12091.0,
            "C4-MX": 119.5,
            "C4-SP": 49004.2,
            "C5-MX": 836.2,
            "C5-SP": 27.9,
            "CO2": 232.0,
            "CO2-MX": 764084.1,
            "CO2-SP": 71472.4,
            "COND": 243748.7,
            "FSHWTR": 2628256.6,
            "GAS": 5314243.399999999,
            "HELIUM": 157.1,
            "IC4-MX": 2059.8,
            "IC5-MX": 937.4,
            "N2": 21138.9,
            "NC4-MX": 1400.5,
            "NC5-MX": 0.0,
            "OIL": 4622243.2,
            "POLYMER": 74884.7,
            "SAND": 1.6,
            "SYNCRD": 217657.4,
            "WASTE": 64269.4,
            "WATER": 29915581.099999983
        },
        "SHR": {
            "ACGAS": 62.099999999999994,
            "C2-MX": 33.6,
            "C3-MX": 1936.8000000000002,
            "C3-SP": 3298.5,
            "C4-MX": 686.1,
            "C4-SP": 1592.3999999999999,
            "C5-MX": 312.1,
            "C5-SP": 1438.6,
            "COND": 60.400000000000006,
            "OIL": 3718.9
        },
        "SHUTIN": {},
        "STINJ": {
            "CO2-MX": 784575.7000000002,
            "GAS": 1753.2000000000003
        },
        "STINVCL": {
            "C3-MX": 0.0,
            "CO2-MX": 41849480.800000004,
            "GAS": 5261.900000000001
        },
        "STINVOP": {
            "C3-MX": 0.0,
            "CO2-MX": 41597391.5,
            "GAS": 4629.799999999999
        },
        "STREC": {
            "C3-MX": 0.4,
            "CO2-MX": 50908.6,
            "GAS": 4415.8
        },
        "VENT": {
            "C3-MX": 0.4,
            "CO2": 367.4,
            "CO2-MX": 2657.8,
            "ENTGAS": 1.1,
            "GAS": 14726.600000000148,
            "N2": 24644.8
        }
    }
}