{
    "year": 2024,
    "month": "02",
    "pt": "Saskatchewan",
    "includes_ghgrp": false,
    "volume_by_activity": {
        "DIFF": {
            "GAS": 30086.8,
            "SOLV": 4970.9,
            "WASTE": 0.0,
            "WATER": 12068.199999999999
        },
        "DISP": {
            "ACGAS": 467.0,
            "C2-MX": 262.3,
            "C3-MX": 14515.5,
            "C3-SP": 22096.300000000003,
            "C4-MX": 965.5999999999999,
            "C4-SP": 29726.100000000002,
            "C5-MX": 1983.0,
            "C5-SP": 31.8,
            "CO2": 545.6,
            "CO2-MX": 69884.8,
            "CO2-SP": 17909.3,
            "COND": 103313.5,
            "FSHWTR": 2873273.4000000004,
            "GAS": 5551773.500000001,
            "HELIUM": 660.1000000000001,
            "IC4-MX": 3801.6000000000004,
            "IC5-MX": 49.7,
            "N2": 45919.99999999998,
            "NC4-MX": 8218.7,
            "OIL": 6125589.499999994,
            "POLYMER": 175144.40000000002,
            "SAND": 4292.9,
            "SYNCRD": 270623.4,
            "WATER": 25800886.500000007
        },
        "FLARE": {
            "ACGAS": 235.8,
            "ENTGAS": 147.1,
            "GAS": 31400.300000000007
        },
        "FRAC": {
            "C3-MX": -1728.9,
            "C3-SP": 1728.9,
            "C4-SP": 2189.4,
            "C5-SP": 1194.7,
            "IC4-MX": -2189.4,
            "IC5-MX": -1194.7,
            "NC4-MX": 0.0,
            "NC5-MX": 0.0
        },
        "FUEL": {
            "GAS": 156752.59999999998
        },
        "IMBAL": {
            "C2-MX": 0.0,
            "C2-SP": 0.0,
            "C3-MX": 0.0,
            "C3-SP": 0.0,
            "C4-MX": 0.0,
            "C4-SP": 0.0,
            "C5-MX": 0.0,
            "C5-SP": 0.0,
            "CO2": 0.0,
            "CO2-SP": 0.0,
            "HELIUM": 0.0,
            "OIL": 0.0
        },
        "INJ": {
            "ACGAS": 879.1,
            "BRINE": 3504016.5,
            "GAS": 1473.0,
            "POLYMER": 947793.6,
            "STEAM": 767767.1000000001,
            "WASTE": 71295.5,
            "WATER": 27457822.700000007
        },
        "INVADJ": {
            "C4-SP": 29.8,
            "COND": -191.3,
            "OIL": -273.99999999999994,
            "WATER": -149.9
        },
        "INVCL": {
            "C2-MX": 41.50000000000001,
            "C2-SP": 1118.8,
            "C3-MX": 1441.6000000000001,
            "C3-SP": 2168.2,
            "C4-MX": 49.5,
            "C4-SP": 12394.000000000002,
            "C5-MX": 41.0,
            "C5-SP": 450.90000000000003,
            "CO2-SP": 0.0,
            "COND": 27438.7,
            "FSHWTR": 4451.4,
            "GAS": 201529.1,
            "HELIUM": 24.7,
            "IC4-MX": 257.2,
            "IC5-MX": 0.0,
            "NC4-MX": 567.6,
            "NC5-MX": 236.6,
            "OIL": 816014.3000000003,
            "WATER": 451166.5999999997
        },
        "INVOP": {
            "C2-MX": 26.700000000000003,
            "C2-SP": 1118.8,
            "C3-MX": 767.6,
            "C3-SP": 997.6999999999999,
            "C4-MX": 23.2,
            "C4-SP": 12080.3,
            "C5-MX": 21.3,
            "C5-SP": 465.5,
            "CO2-SP": 0.0,
            "COND": 30907.899999999998,
            "FSHWTR": 4511.3,
            "GAS": 190906.8,
            "HELIUM": 21.6,
            "IC4-MX": 176.2,
            "IC5-MX": 0.0,
            "NC4-MX": 346.1,
            "NC5-MX": 171.6,
            "OIL": 760664.8000000004,
            "WATER": 445850.50000000006
        },
        "LDINJ": {
            "OIL": 1640.1000000000004,
            "WATER": 60620.6
        },
        "LDINVADJ": {
            "OIL": -0.9,
            "WATER": -2978.2
        },
        "LDINVCL": {
            "COND": 2.6,
            "OIL": 3681.3000000000015,
            "WATER": 518103.50000000035
        },
        "LDINVOP": {
            "COND": 2.6,
            "OIL": 3603.7000000000016,
            "WATER": 512029.60000000015
        },
        "LDREC": {
            "OIL": 1561.6,
            "WATER": 51568.499999999985
        },
        "PROC": {
            "C2-MX": 170.1,
            "C3-MX": 6906.1,
            "C3-SP": 11442.4,
            "C4-MX": 5598.799999999999,
            "C4-SP": 3252.1,
            "C5-MX": 1512.4,
            "C5-SP": 6709.0
        },
        "PROD": {
            "CO2": 585.5,
            "FSHWTR": 1819017.4000000001,
            "GAS": 269002.5999999981,
            "HELIUM": 346.20000000000005,
            "N2": 49213.59999999998,
            "OIL": 1368425.3999999997,
            "WATER": 24657813.400000032
        },
        "PURDISP": {
            "OIL": 2221.7
        },
        "PURREC": {
            "OIL": 1059.9
        },
        "REC": {
            "ACGAS": 879.1,
            "BRINE": 2883640.5,
            "C2-MX": 107.0,
            "C3-MX": 10015.1,
            "C3-SP": 10095.5,
            "C4-MX": 154.9,
            "C4-SP": 54953.700000000004,
            "C5-MX": 724.9,
            "C5-SP": 31.8,
            "CO2": 545.5999999999999,
            "CO2-MX": 670564.4999999999,
            "CO2-SP": 35818.6,
            "COND": 259216.9,
            "FSHWTR": 2656526.0,
            "GAS": 5535132.6,
            "HELIUM": 317.0,
            "IC4-MX": 4342.3,
            "IC5-MX": 1194.7,
            "N2": 45920.0,
            "NC4-MX": 5563.0,
            "NC5-MX": 0.0,
            "OIL": 4619038.8999999985,
            "POLYMER": 175144.40000000002,
            "SYNCRD": 270734.6,
            "WASTE": 71295.5,
            "WATER": 29362832.000000004
        },
        "SHR": {
            "ACGAS": 75.1,
            "C2-MX": 47.800000000000004,
            "C3-MX": 1879.3999999999999,
            "C3-SP": 3113.8,
            "C4-MX": 1330.7,
            "C4-SP": 773.0,
            "C5-MX": 312.59999999999997,
            "C5-SP": 1386.7,
            "COND": 70.70000000000002,
            "OIL": 4556.999999999998
        },
        "SHUTIN": {},
        "STINJ": {
            "CO2-MX": 677207.2,
            "GAS": 2786.0
        },
        "STINVCL": {
            "C3-MX": 0.0,
            "CO2-MX": 46003640.4,
            "GAS": 24908.1
        },
        "STINVOP": {
            "C3-MX": 0.0,
            "CO2-MX": 45827947.7,
            "GAS": 24513.8
        },
        "STREC": {
            "CO2-MX": 60372.6,
            "GAS": 5812.200000000001
        },
        "VENT": {
            "CO2": 585.5,
            "CO2-MX": 336.09999999999997,
            "ENTGAS": 1.0,
            "GAS": 11086.000000000162,
            "N2": 49213.600000000006
        }
    }
}