{
    "year": 2023,
    "month": "12",
    "pt": "Saskatchewan",
    "includes_ghgrp": false,
    "volume_by_activity": {
        "DIFF": {
            "GAS": 43760.7,
            "SOLV": 1976.6000000000001,
            "WASTE": 0.0,
            "WATER": 56874.39999999999
        },
        "DISP": {
            "ACGAS": 471.0,
            "C1-MX": 7.1,
            "C2-MX": 360.69999999999993,
            "C3-MX": 16889.0,
            "C3-SP": 22756.6,
            "C4-MX": 1108.0,
            "C4-SP": 36504.399999999994,
            "C5-MX": 2800.2,
            "C5-SP": 56.9,
            "CO2": 526.6000000000001,
            "CO2-MX": 77071.7,
            "CO2-SP": 48552.1,
            "COND": 130786.00000000001,
            "FSHWTR": 3208875.899999999,
            "GAS": 5952900.099999999,
            "HELIUM": 674.6,
            "IC4-MX": 2512.7,
            "IC5-MX": 45.3,
            "N2": 48125.40000000001,
            "NC4-MX": 5382.200000000001,
            "OIL": 6629711.400000002,
            "POLYMER": 187984.30000000002,
            "SAND": 4430.799999999998,
            "SYNCRD": 228439.8,
            "WATER": 27584302.3
        },
        "FLARE": {
            "ACGAS": 225.1,
            "ENTGAS": 8.0,
            "GAS": 35999.299999999974
        },
        "FRAC": {
            "C3-MX": -1855.5,
            "C3-SP": 1855.5,
            "C4-SP": 2113.5,
            "C5-SP": 1422.5,
            "IC4-MX": -2113.5,
            "IC5-MX": -1422.5,
            "NC4-MX": 0.0,
            "NC5-MX": 0.0
        },
        "FUEL": {
            "GAS": 178722.79999999987
        },
        "IMBAL": {
            "C1-MX": 0.0,
            "C2-MX": 0.0,
            "C2-SP": 0.0,
            "C3-MX": 0.0,
            "C3-SP": 0.0,
            "C4-MX": 0.0,
            "C4-SP": 0.0,
            "C5-MX": 0.0,
            "C5-SP": 0.0,
            "CO2": 0.0,
            "CO2-SP": 0.0,
            "HELIUM": 0.0,
            "OIL": 0.0
        },
        "INJ": {
            "ACGAS": 471.0,
            "BRINE": 2499678.7,
            "GAS": 1587.0,
            "POLYMER": 1000952.6999999998,
            "STEAM": 870050.8999999999,
            "WASTE": 54868.59999999999,
            "WATER": 29362769.7
        },
        "INVADJ": {
            "C4-SP": 41.2,
            "COND": -219.39999999999998,
            "OIL": -2142.9,
            "WATER": 383.59999999999997
        },
        "INVCL": {
            "C2-MX": 52.60000000000001,
            "C2-SP": 1118.8,
            "C3-MX": 1502.5,
            "C3-SP": 1901.8,
            "C4-MX": 60.3,
            "C4-SP": 12153.2,
            "C5-MX": 44.0,
            "C5-SP": 411.1,
            "CO2-SP": 0.0,
            "COND": 30478.299999999996,
            "FSHWTR": 4635.0,
            "GAS": 192594.5,
            "HELIUM": 19.8,
            "IC4-MX": 272.59999999999997,
            "IC5-MX": 0.0,
            "NC4-MX": 671.9,
            "NC5-MX": 333.5,
            "OIL": 802031.3000000002,
            "WATER": 396236.7000000001
        },
        "INVOP": {
            "C2-MX": 56.400000000000006,
            "C2-SP": 1118.8,
            "C3-MX": 1939.3000000000002,
            "C3-SP": 1607.0,
            "C4-MX": 46.099999999999994,
            "C4-SP": 12290.6,
            "C5-MX": 36.2,
            "C5-SP": 478.2,
            "CO2-SP": 0.0,
            "COND": 36377.3,
            "FSHWTR": 4426.500000000001,
            "GAS": 190781.1,
            "HELIUM": 17.900000000000002,
            "IC4-MX": 300.0,
            "IC5-MX": 0.0,
            "NC4-MX": 718.4,
            "NC5-MX": 356.6,
            "OIL": 641875.3999999997,
            "WATER": 395008.0000000004
        },
        "LDINJ": {
            "OIL": 1292.0,
            "WATER": 27744.999999999996
        },
        "LDINVADJ": {
            "WATER": 6634.3
        },
        "LDINVCL": {
            "COND": 4.6,
            "OIL": 3271.4000000000015,
            "WATER": 523209.8
        },
        "LDINVOP": {
            "COND": 14.9,
            "OIL": 3511.6000000000017,
            "WATER": 541871.9000000004
        },
        "LDREC": {
            "COND": 10.3,
            "OIL": 1532.1999999999998,
            "WATER": 53036.40000000001
        },
        "PROC": {
            "C1-MX": 7.1,
            "C2-MX": 205.2,
            "C3-MX": 6293.4,
            "C3-SP": 11760.3,
            "C4-MX": 4242.900000000001,
            "C4-SP": 5327.7,
            "C5-MX": 1675.8999999999999,
            "C5-SP": 7827.900000000001
        },
        "PROD": {
            "CO2": 681.0000000000002,
            "COND": 1.0,
            "FSHWTR": 1943154.2,
            "GAS": 293106.7999999981,
            "HELIUM": 353.09999999999997,
            "N2": 49415.10000000001,
            "OIL": 1503727.8000000003,
            "WATER": 26398866.000000034
        },
        "PURDISP": {
            "OIL": 2284.6
        },
        "PURREC": {
            "OIL": 1050.5
        },
        "REC": {
            "ACGAS": 471.0,
            "BRINE": 2019534.7,
            "C2-MX": 151.7,
            "C3-MX": 12016.5,
            "C3-SP": 9435.6,
            "C4-MX": 225.6,
            "C4-SP": 60814.0,
            "C5-MX": 1082.2,
            "C5-SP": 56.9,
            "CO2": 526.6,
            "CO2-MX": 726631.8,
            "CO2-SP": 97104.2,
            "COND": 299423.1,
            "FSHWTR": 2744227.5,
            "GAS": 5941647.0,
            "HELIUM": 323.40000000000003,
            "IC4-MX": 3503.0,
            "IC5-MX": 1610.7,
            "N2": 48125.4,
            "NC4-MX": 3310.8,
            "NC5-MX": 0.0,
            "OIL": 5076342.899999999,
            "POLYMER": 187984.30000000002,
            "SYNCRD": 228866.0,
            "WASTE": 54868.6,
            "WATER": 31455314.199999973
        },
        "SHR": {
            "ACGAS": 63.400000000000006,
            "C1-MX": 3.2,
            "C2-MX": 57.7,
            "C3-MX": 1712.5000000000002,
            "C3-SP": 3200.3,
            "C4-MX": 1008.5000000000001,
            "C4-SP": 1266.3,
            "C5-MX": 346.4000000000001,
            "C5-SP": 1617.6,
            "COND": 74.6,
            "OIL": 5166.799999999999
        },
        "SHUTIN": {},
        "STINJ": {
            "CO2-MX": 770703.6999999998,
            "GAS": 3122.0
        },
        "STINVCL": {
            "C3-MX": 0.0,
            "CO2-MX": 45623141.9,
            "GAS": 23472.3
        },
        "STINVOP": {
            "C3-MX": 0.0,
            "CO2-MX": 45388285.0,
            "GAS": 22443.7
        },
        "STREC": {
            "CO2-MX": 76206.2,
            "GAS": 6648.000000000001
        },
        "VENT": {
            "CO2": 681.0,
            "CO2-MX": 377.7,
            "ENTGAS": 1.1,
            "GAS": 12976.000000000142,
            "N2": 49415.1
        }
    }
}