{
    "year": 2024,
    "month": "02",
    "pt": "Saskatchewan",
    "includes_ghgrp": false,
    "volume_by_activity": {
        "DIFF": {
            "GAS": {
                "BT": 0.0,
                "CT": 0.0,
                "GP": 1539.9,
                "GS": -1484.5000000000002,
                "IF": 45.19999999999999,
                "PL": 29986.2,
                "TM": 0.0,
                "WT": 0.0
            },
            "SOLV": {
                "BT": 0.0,
                "IF": 4970.9
            },
            "WASTE": {
                "IF": 0.0
            },
            "WATER": {
                "BT": 0.0,
                "CT": 0.0,
                "GP": 0.0,
                "GS": 0.2,
                "IF": 21119.399999999994,
                "PL": -0.1,
                "TM": -0.9,
                "WT": -9050.400000000001
            }
        },
        "DISP": {
            "ACGAS": {
                "GP": 467.0
            },
            "C2-MX": {
                "GP": 147.9,
                "GS": 7.4,
                "PL": 107.0
            },
            "C3-MX": {
                "GP": 8538.7,
                "GS": 11.3,
                "PL": 5965.5
            },
            "C3-SP": {
                "GP": 11999.6,
                "TM": 10096.7
            },
            "C4-MX": {
                "GP": 938.1999999999999,
                "GS": 27.4
            },
            "C4-SP": {
                "GP": 5162.6,
                "PL": 2037.3,
                "TM": 22526.2
            },
            "C5-MX": {
                "GP": 1277.8,
                "GS": 100.2,
                "PL": 605.0
            },
            "C5-SP": {
                "GP": 31.8
            },
            "CO2": {
                "BT": 545.6
            },
            "CO2-MX": {
                "BT": 69884.8,
                "IF": 0.0
            },
            "CO2-SP": {
                "IF": 0.0,
                "PL": 17909.3
            },
            "COND": {
                "BT": 1930.8,
                "GP": 5078.8,
                "GS": 5317.6,
                "PL": 76280.3,
                "TM": 14706.0
            },
            "FSHWTR": {
                "BT": 10453.0,
                "IF": 2658.0,
                "WT": 2860162.4000000004
            },
            "GAS": {
                "BT": 266560.3999999997,
                "GP": 76069.2,
                "GS": 207030.2000000004,
                "IF": 66.7,
                "PL": 5002047.000000001
            },
            "HELIUM": {
                "BT": 343.20000000000005,
                "GP": 316.9
            },
            "IC4-MX": {
                "GP": 2411.7,
                "PL": 1389.9
            },
            "IC5-MX": {
                "GP": 49.7
            },
            "N2": {
                "BT": 45919.99999999998
            },
            "NC4-MX": {
                "GP": 4708.8,
                "PL": 3509.9
            },
            "OIL": {
                "BT": 1656404.7000000023,
                "CT": 198391.09999999998,
                "GP": 2829.2999999999997,
                "GS": 80.5,
                "IF": 1830.6,
                "PL": 3327443.0000000005,
                "TM": 938610.3
            },
            "POLYMER": {
                "BT": 155300.2,
                "IF": 19844.2
            },
            "SAND": {
                "BT": 3924.3,
                "CT": 126.60000000000001,
                "GP": 0.1,
                "IF": 167.60000000000002,
                "PL": 0.1,
                "TM": 54.300000000000004,
                "WT": 19.9
            },
            "SYNCRD": {
                "PL": 270623.4
            },
            "WATER": {
                "BT": 24468486.70000007,
                "CT": 97199.20000000001,
                "GP": 1049.9,
                "GS": 263.8,
                "IF": 230946.3,
                "PL": 5588.3,
                "TM": 9011.1,
                "WT": 988341.2000000002
            }
        },
        "FLARE": {
            "ACGAS": {
                "GP": 235.8
            },
            "ENTGAS": {
                "CT": 6.4,
                "IF": 1.3,
                "TM": 139.4
            },
            "GAS": {
                "BT": 30232.000000000007,
                "CT": 64.5,
                "GP": 590.9,
                "GS": 331.30000000000007,
                "IF": 18.5,
                "TM": 163.1
            }
        },
        "FRAC": {
            "C3-MX": {
                "GP": -1728.9
            },
            "C3-SP": {
                "GP": 1728.9
            },
            "C4-SP": {
                "GP": 2189.4
            },
            "C5-SP": {
                "GP": 1194.7
            },
            "IC4-MX": {
                "GP": -2189.4
            },
            "IC5-MX": {
                "GP": -1194.7
            },
            "NC4-MX": {
                "GP": 0.0
            },
            "NC5-MX": {
                "GP": 0.0
            }
        },
        "FUEL": {
            "GAS": {
                "BT": 41940.3999999993,
                "CT": 1042.0,
                "GP": 4987.1,
                "GS": 4990.199999999997,
                "IF": 55383.600000000006,
                "PL": 48337.0,
                "TM": 68.0,
                "WT": 4.3
            }
        },
        "IMBAL": {
            "C2-MX": {
                "GP": 0.0,
                "GS": 0.0,
                "PL": 0.0
            },
            "C2-SP": {
                "PL": 0.0
            },
            "C3-MX": {
                "GP": 0.0,
                "GS": 0.0,
                "PL": 0.0
            },
            "C3-SP": {
                "GP": 0.0,
                "TM": 0.0
            },
            "C4-MX": {
                "GP": 0.0,
                "GS": 0.0,
                "PL": 0.0
            },
            "C4-SP": {
                "GP": 0.0
            },
            "C5-MX": {
                "GP": 0.0,
                "GS": 0.0,
                "PL": 0.0
            },
            "C5-SP": {
                "GP": 0.0,
                "GS": 0.0
            },
            "CO2": {
                "BT": 0.0,
                "GP": 0.0
            },
            "CO2-SP": {
                "PL": 0.0
            },
            "HELIUM": {
                "BT": 0.0,
                "GP": 0.0
            },
            "OIL": {
                "BT": 0.0,
                "CT": 0.0,
                "IF": 0.0,
                "PL": 0.0,
                "TM": 0.0
            }
        },
        "INJ": {
            "ACGAS": {
                "IF": 879.1
            },
            "BRINE": {
                "IF": 3504016.500000001
            },
            "GAS": {
                "IF": 1473.0
            },
            "POLYMER": {
                "IF": 947793.6000000006
            },
            "STEAM": {
                "IF": 767767.0999999999
            },
            "WASTE": {
                "IF": 71295.5
            },
            "WATER": {
                "IF": 27457822.700000003
            }
        },
        "INVADJ": {
            "C4-SP": {
                "PL": 29.8
            },
            "COND": {
                "PL": -191.3
            },
            "OIL": {
                "PL": -274.0
            },
            "WATER": {
                "PL": -149.9
            }
        },
        "INVCL": {
            "C2-MX": {
                "GP": 41.5
            },
            "C2-SP": {
                "PL": 1118.8
            },
            "C3-MX": {
                "GP": 1441.6000000000001
            },
            "C3-SP": {
                "GP": 1815.0,
                "TM": 353.2
            },
            "C4-MX": {
                "GP": 49.5
            },
            "C4-SP": {
                "GP": 552.2,
                "PL": 381.8,
                "TM": 11460.000000000002
            },