{
    "year": 2022,
    "month": "09",
    "pt": "Saskatchewan",
    "includes_ghgrp": false,
    "volume_by_activity": {
        "DIFF": {
            "GAS": {
                "BT": 0.0,
                "CT": 0.0,
                "GP": 182.10000000000002,
                "GS": 268.2,
                "IF": 0.0,
                "PL": 9987.8,
                "TM": 0.0,
                "WT": 0.0
            },
            "SOLV": {
                "BT": 0.0,
                "IF": 5172.9
            },
            "WASTE": {
                "IF": 0.0
            },
            "WATER": {
                "BT": 0.0,
                "CT": 0.0,
                "GP": -0.1,
                "GS": 0.0,
                "IF": 36809.0,
                "PL": 0.0,
                "TM": 0.0,
                "WT": -35226.799999999996
            }
        },
        "DISP": {
            "C2-MX": {
                "GP": 94.9,
                "GS": 2.1,
                "PL": 61.4
            },
            "C3-MX": {
                "GP": 12829.5,
                "GS": 4.3,
                "PL": 7036.3
            },
            "C3-SP": {
                "GP": 10495.4,
                "TM": 11141.0
            },
            "C4-MX": {
                "GP": 824.0,
                "GS": 11.6
            },
            "C4-SP": {
                "GP": 7583.7,
                "TM": 23699.0
            },
            "C5-MX": {
                "GP": 1650.8000000000002,
                "GS": 40.3,
                "PL": 869.9
            },
            "C5-SP": {
                "GP": 46.6
            },
            "CO2": {
                "BT": 447.2000000000001
            },
            "CO2-MX": {
                "BT": 61756.7
            },
            "CO2-SP": {
                "PL": 34775.0
            },
            "COND": {
                "GP": 7686.3,
                "GS": 3327.0,
                "PL": 67549.4,
                "TM": 15649.6
            },
            "FSHWTR": {
                "IF": 23691.7,
                "WT": 2877019.4
            },
            "GAS": {
                "BT": 293590.20000000024,
                "GP": 63261.7,
                "GS": 223988.80000000086,
                "PL": 667503.2
            },
            "HELIUM": {
                "BT": 245.79999999999998,
                "GP": 217.9
            },
            "IC4-MX": {
                "GP": 1275.0,
                "PL": 537.7
            },
            "IC5-MX": {
                "GP": 138.3
            },
            "N2": {
                "BT": 30867.99999999999
            },
            "NC4-MX": {
                "GP": 1721.7,
                "PL": 1615.8
            },
            "NC5-MX": {
                "GP": 28.8
            },
            "OIL": {
                "BT": 1816860.9000000022,
                "CT": 167889.90000000002,
                "GP": 1548.3,
                "IF": 1817.8999999999999,
                "PL": 3336199.6,
                "TM": 1018001.7000000001
            },
            "POLYMER": {
                "BT": 52925.1,
                "IF": 23939.100000000002
            },
            "SAND": {
                "BT": 7644.8,
                "CT": 185.2,
                "GP": 2.0999999999999996,
                "IF": 566.4,
                "PL": 18.299999999999997,
                "TM": 181.9,
                "WT": 1.2
            },
            "SYNCRD": {
                "PL": 247597.4
            },
            "WATER": {
                "BT": 25039302.100000013,
                "CT": 107547.4,
                "GP": 359.4,
                "GS": 783.1,
                "IF": 39766.0,
                "PL": 4710.4,
                "TM": 11592.3,
                "WT": 1064249.7000000002
            }
        },
        "FLARE": {
            "ACGAS": {
                "GP": 649.0
            },
            "ENTGAS": {
                "CT": 5.1
            },
            "GAS": {
                "BT": 37452.49999999995,
                "CT": 64.7,
                "GP": 1741.7,
                "GS": 476.20000000000005,
                "PL": 61.5,
                "TM": 174.7
            }
        },
        "FRAC": {
            "C3-MX": {
                "GP": -827.4
            },
            "C3-SP": {
                "GP": 827.4
            },
            "C4-SP": {
                "GP": 1901.8
            },
            "C5-SP": {
                "GP": 1062.3
            },
            "IC4-MX": {
                "GP": -1901.8
            },
            "IC5-MX": {
                "GP": -1062.3
            },
            "NC4-MX": {
                "GP": 0.0
            },
            "NC5-MX": {
                "GP": 0.0
            }
        },
        "FUEL": {
            "GAS": {
                "BT": 36808.200000000164,
                "CT": 790.3000000000001,
                "GP": 4918.7,
                "GS": 6363.2,
                "IF": 4084.1,
                "PL": 646.8,
                "TM": 31.8,
                "WT": 2.5
            }
        },
        "IMBAL": {
            "C2-MX": {
                "GP": 0.0,
                "GS": 0.0,
                "PL": 0.0
            },
            "C2-SP": {
                "PL": 0.0
            },
            "C3-MX": {
                "GP": 0.0,
                "GS": 0.0,
                "PL": 0.0
            },
            "C3-SP": {
                "GP": 0.0,
                "TM": 0.0
            },
            "C4-MX": {
                "GP": 0.0,
                "GS": 0.0,
                "PL": 0.0
            },
            "C4-SP": {
                "GP": 0.0
            },
            "C5-MX": {
                "GP": 0.0,
                "GS": 0.0,
                "PL": 0.0
            },
            "C5-SP": {
                "GP": 0.0,
                "GS": 0.0
            },
            "CO2": {
                "BT": 0.0,
                "GP": 0.0
            },
            "CO2-SP": {
                "PL": 0.0
            },
            "HELIUM": {
                "BT": 0.0,
                "GP": 0.0
            },
            "OIL": {
                "BT": 20.0,
                "CT": 0.0,
                "PL": 0.0,
                "TM": 0.0
            }
        },
        "INJ": {
            "BRINE": {
                "IF": 3638505.9000000004
            },
            "GAS": {
                "IF": 479.1
            },
            "POLYMER": {
                "IF": 781380.8000000003
            },
            "STEAM": {
                "IF": 57706.9
            },
            "WASTE": {
                "IF": 60682.299999999996
            },
            "WATER": {
                "IF": 27878431.90000003
            }
        },
        "INVADJ": {
            "C4-SP": {
                "PL": -5.2
            },
            "COND": {
                "PL": -11.600000000000001
            },
            "OIL": {
                "PL": 16.199999999999942
            },
            "WATER": {
                "PL": -196.2
            }
        },
        "INVCL": {
            "C2-MX": {
                "GP": 43.1
            },
            "C2-SP": {
                "PL": 1118.8
            },
            "C3-MX": {
                "GP": 2050.2000000000003
            },
            "C3-SP": {
                "GP": 965.3000000000001
            },
            "C4-MX": {
                "GP": 108.0
            },
            "C4-SP": {
                "GP": 404.2,
                "PL": 442.8,
                "TM": 10881.2
            },
            "C5-MX": {
                "GP": 45.0
            },
            "C5-SP": {
                "GP": 371.5
            },
            "CO2-SP": {
                "IF": 0.0
            },
            "COND": {
                "GP": 129.6,
                "GS": 730.9,
                "IF": 6.0,
                "PL": 16375.699999999999,
                "TM": 258.79999999999995
            },