{
    "year": 2025,
    "month": "06",
    "pt": "Saskatchewan",
    "includes_ghgrp": false,
    "volume_by_activity": {
        "DIFF": {
            "GAS": 2143.300000000002,
            "SOLV": 4177.1,
            "WASTE": 0.0,
            "WATER": -12932.499999999978
        },
        "DISP": {
            "ACGAS": 282.2,
            "C2-MX": 355.2,
            "C3-MX": 20356.699999999997,
            "C3-SP": 20360.7,
            "C4-MX": 25.1,
            "C4-SP": 21780.4,
            "C5-MX": 2144.6,
            "C5-SP": 3192.8,
            "CO2": 874.2,
            "CO2-MX": 65089.2,
            "CO2-SP": 9683.4,
            "COND": 48518.2,
            "FSHWTR": 2770231.6,
            "GAS": 5377075.600000001,
            "HELIUM": 811.6,
            "IC4-MX": 3778.4000000000005,
            "IC5-MX": 80.1,
            "N2": 59561.4,
            "NC4-MX": 10553.7,
            "NC5-MX": 634.5000000000001,
            "OIL": 5686186.700000001,
            "POLYMER": 174209.7,
            "SAND": 4548.500000000001,
            "SYNCRD": 353975.6,
            "WATER": 26031624.70000007
        },
        "FLARE": {
            "ACGAS": 233.7,
            "ENTGAS": 511.5,
            "GAS": 34628.299999999996
        },
        "FRAC": {
            "C3-MX": -1257.0,
            "C3-SP": 1257.0,
            "C4-SP": 1895.1,
            "C5-SP": 2349.3,
            "IC4-MX": -1895.1,
            "IC5-MX": -2349.3,
            "NC4-MX": 0.0,
            "NC5-MX": 0.0
        },
        "FUEL": {
            "GAS": 146987.69999999998
        },
        "IMBAL": {
            "C2-MX": 0.0,
            "C2-SP": 0.0,
            "C3-MX": 0.0,
            "C3-SP": 0.0,
            "C4-MX": 0.0,
            "C4-SP": 0.0,
            "C5-MX": 0.0,
            "C5-SP": 0.0,
            "CO2": 0.0,
            "CO2-SP": 0.0,
            "HELIUM": 0.0,
            "OIL": 0.0
        },
        "INJ": {
            "BRINE": 3144561.0,
            "GAS": 740.4,
            "POLYMER": 890891.5,
            "STEAM": 714322.3999999999,
            "WASTE": 72492.3,
            "WATER": 27645771.79999998
        },
        "INVADJ": {
            "C4-SP": 17.2,
            "COND": -631.8,
            "OIL": -1356.2,
            "WATER": 107.6
        },
        "INVCL": {
            "C2-MX": 43.300000000000004,
            "C2-SP": 1118.8,
            "C3-MX": 1063.8,
            "C3-SP": 1136.4,
            "C4-MX": 28.9,
            "C4-SP": 12164.799999999997,
            "C5-MX": 18.3,
            "C5-SP": 460.8,
            "CO2-SP": 0.0,
            "COND": 16141.500000000002,
            "FSHWTR": 12024.8,
            "GAS": 167801.4,
            "HELIUM": 26.700000000000003,
            "IC4-MX": 208.39999999999998,
            "IC5-MX": 0.0,
            "NC4-MX": 437.0,
            "NC5-MX": 217.5,
            "OIL": 591804.2999999999,
            "WATER": 400092.0999999998
        },
        "INVOP": {
            "C2-MX": 67.0,
            "C2-SP": 1118.8,
            "C3-MX": 1736.6000000000001,
            "C3-SP": 1499.1,
            "C4-MX": 44.2,
            "C4-SP": 12315.099999999999,
            "C5-MX": 26.0,
            "C5-SP": 426.2,
            "CO2-SP": 0.0,
            "COND": 17748.500000000004,
            "FSHWTR": 11519.099999999999,
            "GAS": 169354.6,
            "HELIUM": 26.0,
            "IC4-MX": 339.09999999999997,
            "IC5-MX": 0.0,
            "NC4-MX": 710.5,
            "NC5-MX": 353.90000000000003,
            "OIL": 634417.2999999999,
            "WATER": 382528.29999999964
        },
        "LDINJ": {
            "COND": 31.0,
            "OIL": 1604.5,
            "WATER": 15255.0
        },
        "LDINVADJ": {
            "OIL": -71.7,
            "WATER": 4843.9
        },
        "LDINVCL": {
            "COND": 12.799999999999999,
            "OIL": 3084.9,
            "WATER": 440324.4000000002
        },
        "LDINVOP": {
            "COND": 2.6,
            "OIL": 3069.8,
            "WATER": 446159.4000000001
        },
        "LDREC": {
            "COND": 20.8,
            "OIL": 1517.7,
            "WATER": 25933.900000000005
        },
        "PROC": {
            "C2-MX": 153.9,
            "C3-MX": 7821.8,
            "C3-SP": 7425.2,
            "C4-MX": 4757.300000000001,
            "C4-SP": 3071.8,
            "C5-MX": 1675.8000000000002,
            "C5-SP": 6862.6
        },
        "PROD": {
            "CO2": 870.4,
            "FSHWTR": 1648727.8,
            "GAS": 251507.8000000007,
            "HELIUM": 403.2,
            "N2": 57952.3,
            "OIL": 1261781.3000000014,
            "WATER": 24917450.500000007
        },
        "PURDISP": {
            "OIL": 2635.0000000000014
        },
        "PURREC": {
            "OIL": 1840.3000000000002
        },
        "REC": {
            "ACGAS": 735.8,
            "BRINE": 2552456.1,
            "C2-MX": 177.6,
            "C3-MX": 13120.699999999999,
            "C3-SP": 11315.8,
            "C4-MX": 118.8,
            "C4-SP": 39945.799999999996,
            "C5-MX": 1131.0,
            "C5-SP": 1960.4,
            "CO2": 874.1999999999999,
            "CO2-MX": 535574.3,
            "CO2-SP": 19366.8,
            "COND": 172379.59999999998,
            "FSHWTR": 2617370.2,
            "GAS": 5322129.600000001,
            "HELIUM": 409.1,
            "IC4-MX": 4371.3,
            "IC5-MX": 2349.3,
            "N2": 59561.40000000001,
            "NC4-MX": 6704.200000000001,
            "NC5-MX": 0.0,
            "OIL": 4228865.800000002,
            "POLYMER": 174209.7,
            "SYNCRD": 354470.2,
            "WASTE": 72492.3,
            "WATER": 29457634.299999993
        },
        "SHR": {
            "ACGAS": 58.6,
            "C2-MX": 43.3,
            "C3-MX": 2128.7,
            "C3-SP": 2020.7,
            "C4-MX": 1130.7,
            "C4-SP": 730.1,
            "C5-MX": 346.3,
            "C5-SP": 1418.3999999999999,
            "COND": 10.5,
            "OIL": 3488.3999999999996
        },
        "SHUTIN": {},
        "STINJ": {
            "CO2-MX": 533853.1000000001,
            "GAS": 3932.9000000000005
        },
        "STINVCL": {
            "C3-MX": 0.0,
            "CO2-MX": 48592148.199999996,
            "GAS": 25407.5
        },
        "STINVOP": {
            "C3-MX": 0.0,
            "CO2-MX": 48529538.8,
            "GAS": 24727.2
        },
        "STREC": {
            "CO2-MX": 61804.399999999994,
            "GAS": 7764.2
        },
        "VENT": {
            "CO2": 870.3999999999999,
            "CO2-MX": 139.2,
            "ENTGAS": 1.0,
            "GAS": 9139.800000000116,
            "N2": 57952.3
        }
    }
}