{
    "year": 2022,
    "month": "04",
    "pt": "Saskatchewan",
    "includes_ghgrp": false,
    "volume_by_activity": {
        "DIFF": {
            "GAS": {
                "BT": 0.0,
                "CT": 0.0,
                "GP": 15.700000000000008,
                "GS": -77.60000000000014,
                "IF": 34.39999999999998,
                "PL": 11961.2,
                "TM": 0.0,
                "WT": 0.0
            },
            "SOLV": {
                "BT": 0.0,
                "IF": 7104.5
            },
            "WASTE": {
                "IF": 0.0
            },
            "WATER": {
                "BT": 0.0,
                "CT": 0.0,
                "GP": -1.5,
                "GS": 0.2,
                "IF": 33820.69999999999,
                "PL": -1.6,
                "TM": 0.0,
                "WT": -21152.899999999998
            }
        },
        "DISP": {
            "C2-MX": {
                "GP": 109.0,
                "GS": 8.6,
                "PL": 72.7
            },
            "C3-MX": {
                "GP": 11181.3,
                "GS": 14.7,
                "PL": 6802.0
            },
            "C3-SP": {
                "GP": 12049.4,
                "TM": 9688.1
            },
            "C4-MX": {
                "GP": 952.4
            },
            "C4-SP": {
                "GP": 7606.9,
                "TM": 24600.800000000003
            },
            "C5-MX": {
                "GP": 1271.0,
                "GS": 90.7,
                "PL": 653.0
            },
            "C5-SP": {
                "GP": 25.9
            },
            "CO2": {
                "BT": 211.2
            },
            "CO2-MX": {
                "BT": 53756.700000000004
            },
            "CO2-SP": {
                "PL": 33407.8
            },
            "COND": {
                "GP": 6557.0,
                "GS": 5527.4,
                "PL": 90084.29999999999,
                "TM": 4423.8
            },
            "FSHWTR": {
                "IF": 8177.5,
                "WT": 2755409.0999999996
            },
            "GAS": {
                "BT": 286322.69999999995,
                "GP": 63323.69999999999,
                "GS": 203173.6999999994,
                "PL": 4577217.4
            },
            "HELIUM": {
                "BT": 154.7,
                "GP": 121.9
            },
            "IC4-MX": {
                "GP": 512.2,
                "PL": 453.7
            },
            "IC5-MX": {
                "GP": 35.6
            },
            "N2": {
                "BT": 15715.5
            },
            "NC4-MX": {
                "GP": 1093.7,
                "GS": 32.3,
                "PL": 1093.7
            },
            "OIL": {
                "BT": 1768334.4,
                "CT": 201849.29999999996,
                "GP": 1438.9000000000003,
                "IF": 1840.4999999999998,
                "PL": 3203326.7000000007,
                "TM": 959845.3999999999
            },
            "POLYMER": {
                "BT": 46350.8,
                "IF": 25206.699999999997
            },
            "SAND": {
                "BT": 3592.0000000000005,
                "CT": 95.3,
                "GP": 0.8,
                "GS": 0.1,
                "IF": 259.79999999999995,
                "PL": 13.399999999999999,
                "TM": 165.2,
                "WT": 8.1
            },
            "SYNCRD": {
                "PL": 178940.5
            },
            "WATER": {
                "BT": 24019498.600000042,
                "CT": 118835.59999999998,
                "GP": 283.0,
                "GS": 943.3,
                "IF": 266276.89999999997,
                "PL": 4513.099999999999,
                "TM": 14674.2,
                "WT": 965397.2
            }
        },
        "FLARE": {
            "ACGAS": {
                "GP": 530.7
            },
            "ENTGAS": {
                "CT": 5.9
            },
            "GAS": {
                "BT": 35424.09999999994,
                "CT": 23.7,
                "GP": 1327.9999999999998,
                "GS": 450.00000000000006,
                "TM": 158.2
            }
        },
        "FRAC": {
            "C3-MX": {
                "GP": -446.3
            },
            "C3-SP": {
                "GP": 446.3
            },
            "C4-SP": {
                "GP": 1233.3
            },
            "C5-SP": {
                "GP": 1061.2
            },
            "IC4-MX": {
                "GP": -1233.3
            },
            "IC5-MX": {
                "GP": -1061.2
            },
            "NC4-MX": {
                "GP": 0.0
            },
            "NC5-MX": {
                "GP": 0.0
            }
        },
        "FUEL": {
            "GAS": {
                "BT": 43658.4999999998,
                "CT": 1197.9,
                "GP": 5511.000000000001,
                "GS": 6931.999999999997,
                "IF": 60764.399999999994,
                "PL": 56979.6,
                "TM": 31.9,
                "WT": 3.3
            }
        },
        "IMBAL": {
            "C2-MX": {
                "GP": 0.0,
                "GS": 0.0,
                "PL": 0.0
            },
            "C2-SP": {
                "PL": 0.0
            },
            "C3-MX": {
                "GP": 0.0,
                "GS": 0.0,
                "PL": 0.0
            },
            "C3-SP": {
                "GP": 0.0,
                "TM": 0.0
            },
            "C4-MX": {
                "GP": 0.0,
                "GS": 0.0,
                "PL": 0.0
            },
            "C4-SP": {
                "GP": 0.0
            },
            "C5-MX": {
                "GP": 0.0,
                "GS": 0.0,
                "PL": 0.0
            },
            "C5-SP": {
                "GP": 0.0,
                "GS": 0.0
            },
            "CO2": {
                "BT": 0.0,
                "GP": 0.0
            },
            "CO2-SP": {
                "PL": 0.0
            },
            "HELIUM": {
                "BT": 0.0,
                "GP": 0.0
            },
            "OIL": {
                "BT": 0.0,
                "CT": 0.0,
                "PL": 0.0,
                "TM": 0.0
            }
        },
        "INJ": {
            "AIR": {
                "IF": 1926.6
            },
            "BRINE": {
                "IF": 3033521.8000000003
            },
            "GAS": {
                "IF": 254.9
            },
            "OIL": {
                "IF": 36.0
            },
            "POLYMER": {
                "IF": 799285.0999999996
            },
            "STEAM": {
                "IF": 808979.6000000004
            },
            "WASTE": {
                "IF": 34312.1
            },
            "WATER": {
                "IF": 26856823.900000032
            }
        },
        "INVADJ": {
            "C4-SP": {
                "PL": 16.4
            },
            "COND": {
                "PL": -70.2
            },
            "OIL": {
                "PL": -1962.8
            },
            "WATER": {
                "PL": -403.40000000000003
            }
        },
        "INVCL": {
            "C2-MX": {
                "GP": 37.7
            },
            "C2-SP": {
                "PL": 1118.8
            },
            "C3-MX": {
                "GP": 1695.9
            },
            "C3-SP": {
                "GP": 641.4
            },
            "C4-MX": {
                "GP": 130.6
            },
            "C4-SP": {
                "GP": 117.0,
                "PL": 561.7,
                "TM": 10946.7
            },
            "C5-MX": {
                "GP": 49.7
            },
            "C5-SP": {
                "GP": 399.5
            },
            "CO2-SP": {
                "IF": 0.0
            },
            "COND": {
                "GP": 82.7,
                "GS": 1062.5,