{
    "year": 2022,
    "month": "01",
    "pt": "Saskatchewan",
    "includes_ghgrp": false,
    "volume_by_activity": {
        "DIFF": {
            "GAS": {
                "BT": 0.0,
                "CT": 0.0,
                "GP": -168.49999999999991,
                "GS": 86.50000000000004,
                "IF": 102.70000000000002,
                "PL": 12670.8,
                "TM": 0.0
            },
            "SOLV": {
                "BT": 0.0,
                "IF": 2543.1
            },
            "WASTE": {
                "IF": 0.0
            },
            "WATER": {
                "BT": 0.0,
                "CT": 0.0,
                "GP": 0.0,
                "GS": 0.0,
                "IF": 43496.99999999999,
                "PL": -0.1,
                "TM": -0.7,
                "WT": -1056.6
            }
        },
        "DISP": {
            "C2-MX": {
                "GP": 115.6,
                "GS": 8.7,
                "PL": 86.0
            },
            "C3-MX": {
                "GP": 4202.0,
                "GS": 14.9,
                "PL": 3808.0
            },
            "C3-SP": {
                "GP": 15271.7,
                "TM": 9105.1
            },
            "C4-MX": {
                "GP": 583.3000000000001
            },
            "C4-SP": {
                "GP": 7985.5,
                "TM": 25104.700000000004
            },
            "C5-MX": {
                "GP": 1316.2,
                "GS": 92.4,
                "PL": 797.9
            },
            "C5-SP": {
                "GP": 28.9
            },
            "CO2": {
                "BT": 190.20000000000002
            },
            "CO2-MX": {
                "BT": 42427.200000000004
            },
            "CO2-SP": {
                "PL": 35165.0
            },
            "COND": {
                "GP": 6805.0,
                "GS": 4118.1,
                "PL": 121811.9,
                "TM": 6131.3
            },
            "FSHWTR": {
                "IF": 18102.1,
                "WT": 2791445.6999999993
            },
            "GAS": {
                "BT": 285251.6000000002,
                "GP": 65783.7,
                "GS": 211407.5999999998,
                "PL": 5059586.5
            },
            "HELIUM": {
                "BT": 154.0,
                "GP": 111.9
            },
            "IC4-MX": {
                "GP": 601.6,
                "PL": 577.9
            },
            "IC5-MX": {
                "GP": 14.0
            },
            "N2": {
                "BT": 14763.900000000001
            },
            "NC4-MX": {
                "GP": 1395.8,
                "GS": 33.1,
                "PL": 1395.8
            },
            "OIL": {
                "BT": 1768827.4999999988,
                "CT": 190185.6,
                "GP": 1127.6999999999998,
                "IF": 1783.0999999999997,
                "PL": 3531263.1,
                "TM": 932631.9999999999
            },
            "POLYMER": {
                "IF": 26386.8
            },
            "SAND": {
                "BT": 4303.099999999999,
                "CT": 248.70000000000002,
                "GP": 7.7,
                "IF": 195.29999999999998,
                "PL": 27.299999999999997,
                "TM": 105.3,
                "WT": 1.8
            },
            "SYNCRD": {
                "PL": 299079.8
            },
            "WATER": {
                "BT": 24900713.999999996,
                "CT": 112168.39999999998,
                "GP": 295.7,
                "GS": 548.4,
                "IF": 283254.2000000001,
                "PL": 4976.799999999999,
                "TM": 13427.000000000004,
                "WT": 925060.9
            }
        },
        "FLARE": {
            "ACGAS": {
                "GP": 677.7
            },
            "ENTGAS": {
                "CT": 5.5
            },
            "GAS": {
                "BT": 34151.79999999997,
                "CT": 26.2,
                "GP": 1516.6999999999998,
                "GS": 213.60000000000002,
                "TM": 182.3
            }
        },
        "FRAC": {
            "C3-MX": {
                "GP": -298.6
            },
            "C3-SP": {
                "GP": 298.6
            },
            "C4-SP": {
                "GP": 1388.9
            },
            "C5-SP": {
                "GP": 1047.1
            },
            "IC4-MX": {
                "GP": -1388.9
            },
            "IC5-MX": {
                "GP": -1047.1
            },
            "NC4-MX": {
                "GP": 0.0
            },
            "NC5-MX": {
                "GP": 0.0
            }
        },
        "FUEL": {
            "GAS": {
                "BT": 44225.59999999969,
                "CT": 1325.6,
                "GP": 4668.4,
                "GS": 6891.900000000002,
                "IF": 59264.29999999999,
                "PL": 47623.2,
                "TM": 44.3
            }
        },
        "IMBAL": {
            "C2-MX": {
                "GP": 0.0,
                "GS": 0.0,
                "PL": 0.0
            },
            "C2-SP": {
                "PL": 0.0
            },
            "C3-MX": {
                "GP": 0.0,
                "GS": 0.0,
                "PL": 0.0
            },
            "C3-SP": {
                "GP": 0.0,
                "TM": 0.0
            },
            "C4-MX": {
                "GP": 0.0,
                "GS": 0.0,
                "PL": 0.0
            },
            "C4-SP": {
                "GP": 0.0
            },
            "C5-MX": {
                "GP": 0.0,
                "GS": 0.0,
                "PL": 0.0
            },
            "C5-SP": {
                "GP": 0.0,
                "GS": 0.0
            },
            "CO2": {
                "BT": 0.0,
                "GP": 0.0
            },
            "CO2-SP": {
                "PL": 0.0
            },
            "HELIUM": {
                "BT": 0.0,
                "GP": 0.0
            },
            "OIL": {
                "BT": 0.0,
                "CT": 0.0,
                "PL": 0.0,
                "TM": 0.0
            }
        },
        "INJ": {
            "AIR": {
                "IF": 1821.1
            },
            "BRINE": {
                "IF": 3404581.2
            },
            "GAS": {
                "IF": 470.8
            },
            "OIL": {
                "IF": 49335.7
            },
            "POLYMER": {
                "IF": 761492.1
            },
            "STEAM": {
                "IF": 769340.9000000004
            },
            "WASTE": {
                "IF": 59956.1
            },
            "WATER": {
                "IF": 27463102.79999995
            }
        },
        "INVADJ": {
            "C4-SP": {
                "PL": 76.3
            },
            "COND": {
                "PL": -159.8
            },
            "OIL": {
                "PL": -1058.5
            },
            "WATER": {
                "PL": -131.29999999999998
            }
        },
        "INVCL": {
            "C2-MX": {
                "GP": 22.0
            },
            "C2-SP": {
                "PL": 1118.8
            },
            "C3-MX": {
                "GP": 1001.1999999999999
            },
            "C3-SP": {
                "GP": 1352.6999999999998
            },
            "C4-MX": {
                "GP": 151.0
            },
            "C4-SP": {
                "GP": 291.0,
                "PL": 224.5,
                "TM": 209.1
            },
            "C5-MX": {
                "GP": 41.099999999999994
            },
            "C5-SP": {
                "GP": 223.0
            },
            "CO2-SP": {
                "IF": 0.0
            },
            "COND": {
                "GP": 63.4,
                "GS": 291.5,
                "IF": 6.0,
                "PL": 11042.6,
                "TM": 76.9
            },