{
    "year": 2022,
    "month": "09",
    "pt": "Saskatchewan",
    "includes_ghgrp": false,
    "volume_by_activity": {
        "DIFF": {
            "GAS": 11273.3,
            "SOLV": 5172.9,
            "WASTE": 0.0,
            "WATER": 13056.400000000009
        },
        "DISP": {
            "C2-MX": 158.4,
            "C3-MX": 19870.1,
            "C3-SP": 21636.4,
            "C4-MX": 835.6,
            "C4-SP": 31282.7,
            "C5-MX": 2560.9999999999995,
            "C5-SP": 46.6,
            "CO2": 447.2000000000001,
            "CO2-MX": 61756.7,
            "CO2-SP": 34775.0,
            "COND": 94212.30000000002,
            "FSHWTR": 2900711.1,
            "GAS": 5145792.0,
            "HELIUM": 463.7,
            "IC4-MX": 1812.7,
            "IC5-MX": 138.29999999999998,
            "N2": 30867.99999999999,
            "NC4-MX": 3337.5,
            "NC5-MX": 28.8,
            "OIL": 6385160.899999993,
            "POLYMER": 76864.2,
            "SAND": 8738.100000000006,
            "SYNCRD": 247597.4,
            "WATER": 26677064.39999994
        },
        "FLARE": {
            "ACGAS": 649.0,
            "ENTGAS": 5.1,
            "GAS": 40049.89999999995
        },
        "FRAC": {
            "C3-MX": -827.4,
            "C3-SP": 827.4,
            "C4-SP": 1901.8,
            "C5-SP": 1062.3,
            "IC4-MX": -1901.8,
            "IC5-MX": -1062.3,
            "NC4-MX": 0.0,
            "NC5-MX": 0.0
        },
        "FUEL": {
            "GAS": 175873.80000000013
        },
        "IMBAL": {
            "C2-MX": 0.0,
            "C2-SP": 0.0,
            "C3-MX": 0.0,
            "C3-SP": 0.0,
            "C4-MX": 0.0,
            "C4-SP": 0.0,
            "C5-MX": 0.0,
            "C5-SP": 0.0,
            "CO2": 0.0,
            "CO2-SP": 0.0,
            "HELIUM": 0.0,
            "OIL": 20.0
        },
        "INJ": {
            "BRINE": 3638505.9,
            "GAS": 479.1,
            "POLYMER": 781380.7999999999,
            "STEAM": 924270.0,
            "WASTE": 60682.299999999996,
            "WATER": 27878431.899999995
        },
        "INVADJ": {
            "C4-SP": -5.2,
            "COND": -11.599999999999994,
            "OIL": 16.2,
            "WATER": -196.2
        },
        "INVCL": {
            "C2-MX": 43.1,
            "C2-SP": 1118.8,
            "C3-MX": 2050.2000000000003,
            "C3-SP": 965.3000000000001,
            "C4-MX": 108.0,
            "C4-SP": 11728.2,
            "C5-MX": 45.0,
            "C5-SP": 371.5,
            "CO2-SP": 0.0,
            "COND": 17501.0,
            "FSHWTR": 3189.6,
            "GAS": 150560.3,
            "HELIUM": 10.799999999999999,
            "IC4-MX": 235.1,
            "IC5-MX": 0.0,
            "NC4-MX": 616.6,
            "NC5-MX": 387.20000000000005,
            "OIL": 572184.6000000006,
            "WATER": 411830.80000000034
        },
        "INVOP": {
            "C2-MX": 45.60000000000001,
            "C2-SP": 1118.8,
            "C3-MX": 2076.9,
            "C3-SP": 823.3,
            "C4-MX": 150.3,
            "C4-SP": 11706.800000000001,
            "C5-MX": 79.4,
            "C5-SP": 632.8,
            "CO2-SP": 0.0,
            "COND": 21604.600000000002,
            "FSHWTR": 4418.700000000001,
            "GAS": 151808.6,
            "HELIUM": 16.2,
            "IC4-MX": 244.6,
            "IC5-MX": 0.0,
            "NC4-MX": 641.6,
            "NC5-MX": 403.0,
            "OIL": 575204.000000001,
            "WATER": 405473.7000000002
        },
        "LDINJ": {
            "COND": 15.0,
            "OIL": 1865.9000000000003,
            "WATER": 90226.2
        },
        "LDINVADJ": {
            "WATER": -11037.300000000003
        },
        "LDINVCL": {
            "COND": 2.6,
            "OIL": 3526.800000000001,
            "WATER": 640722.4000000011
        },
        "LDINVOP": {
            "COND": 2.6,
            "OIL": 3341.2000000000003,
            "WATER": 616262.9000000004
        },
        "LDREC": {
            "COND": 15.0,
            "OIL": 1680.3,
            "WATER": 54714.400000000016
        },
        "PROC": {
            "C2-MX": 94.5,
            "C3-MX": 9175.3,
            "C3-SP": 9810.0,
            "C4-MX": 3445.0999999999995,
            "C4-SP": 5792.1,
            "C5-MX": 1807.9999999999998,
            "C5-SP": 7968.6
        },
        "PROD": {
            "CO2": 468.80000000000007,
            "FSHWTR": 1860714.8,
            "GAS": 292623.2999999985,
            "HELIUM": 238.6,
            "N2": 30505.89999999999,
            "OIL": 1554869.4000000008,
            "WATER": 25194993.10000002
        },
        "PURDISP": {
            "OIL": 2671.1000000000004
        },
        "PURREC": {
            "OIL": 1518.6000000000004
        },
        "REC": {
            "BRINE": 3093165.7,
            "C2-MX": 61.4,
            "C3-MX": 11495.5,
            "C3-SP": 11141.0,
            "C4-MX": 0.0,
            "C4-SP": 53470.0,
            "C5-MX": 869.9,
            "C5-SP": 46.6,
            "CO2": 447.2,
            "CO2-MX": 723165.9,
            "CO2-SP": 69550.0,
            "COND": 231213.9,
            "FSHWTR": 2770326.8,
            "GAS": 5100185.3,
            "HELIUM": 219.7,
            "IC4-MX": 2527.2,
            "IC5-MX": 1062.3,
            "N2": 30868.0,
            "NC4-MX": 1838.5,
            "NC5-MX": 0.0,
            "OIL": 4650096.5,
            "POLYMER": 76864.2,
            "SAND": 1.7,
            "SYNCRD": 247523.3,
            "WASTE": 60682.299999999996,
            "WATER": 29937312.99999998
        },
        "SHR": {
            "ACGAS": 62.5,
            "C2-MX": 26.500000000000004,
            "C3-MX": 2496.8999999999996,
            "C3-SP": 2669.7,
            "C4-MX": 818.9,
            "C4-SP": 1376.7,
            "C5-MX": 373.6,
            "C5-SP": 1646.9,
            "COND": 75.1,
            "OIL": 3830.6000000000004
        },
        "SHUTIN": {},
        "STINJ": {
            "CO2-MX": 746216.2999999999,
            "GAS": 1291.6999999999998
        },
        "STINVCL": {
            "C3-MX": 0.0,
            "CO2-MX": 42759903.49999999,
            "GAS": 7200.599999999999
        },
        "STINVOP": {
            "C3-MX": 0.0,
            "CO2-MX": 42532627.7,
            "GAS": 7229.9
        },
        "STREC": {
            "CO2-MX": 62580.6,
            "GAS": 6872.3
        },
        "VENT": {
            "CO2": 468.79999999999995,
            "CO2-MX": 3578.7,
            "ENTGAS": 1.0,
            "GAS": 14833.300000000114,
            "N2": 30505.9
        }
    }
}