{
    "year": 2022,
    "month": "08",
    "pt": "Saskatchewan",
    "includes_ghgrp": false,
    "volume_by_activity": {
        "DIFF": {
            "GAS": 1804.6000000000004,
            "SOLV": 5731.9,
            "WASTE": 0.0,
            "WATER": 4922.700000000034
        },
        "DISP": {
            "C2-MX": 233.7,
            "C2-SP": 2423.8,
            "C3-MX": 25603.5,
            "C3-SP": 18311.800000000003,
            "C4-MX": 854.7,
            "C4-SP": 30698.200000000004,
            "C5-MX": 2682.8999999999996,
            "C5-SP": 0.0,
            "CO2": 394.9,
            "CO2-MX": 67151.0,
            "CO2-SP": 35531.1,
            "COND": 100373.8,
            "FSHWTR": 3036156.7000000007,
            "GAS": 5198060.699999999,
            "HELIUM": 396.0,
            "IC4-MX": 1809.8,
            "IC5-MX": 55.3,
            "N2": 27551.700000000008,
            "NC4-MX": 3515.1,
            "OIL": 6429291.099999996,
            "POLYMER": 87341.2,
            "SAND": 6707.0,
            "SYNCRD": 230464.5,
            "WATER": 27065718.90000004
        },
        "FLARE": {
            "ACGAS": 649.0999999999999,
            "ENTGAS": 6.1,
            "GAS": 39028.79999999994
        },
        "FRAC": {
            "C3-MX": -685.6,
            "C3-SP": 685.6,
            "C4-SP": 2041.8,
            "C5-SP": 1247.6,
            "IC4-MX": -2041.8,
            "IC5-MX": -1247.6,
            "NC4-MX": 0.0,
            "NC5-MX": 0.0
        },
        "FUEL": {
            "GAS": 174832.8
        },
        "IMBAL": {
            "C2-MX": 0.0,
            "C2-SP": 0.0,
            "C3-MX": 0.0,
            "C3-SP": 0.0,
            "C4-MX": 0.0,
            "C4-SP": 0.0,
            "C5-MX": 0.0,
            "C5-SP": 0.0,
            "CO2": 0.0,
            "CO2-SP": 0.0,
            "HELIUM": 0.0,
            "OIL": 0.0
        },
        "INJ": {
            "AIR": 701.0,
            "BRINE": 3905317.6999999997,
            "GAS": 463.4,
            "POLYMER": 828924.8999999999,
            "STEAM": 905362.9,
            "WASTE": 33416.2,
            "WATER": 28320712.300000004
        },
        "INVADJ": {
            "C4-SP": -1.9,
            "COND": -199.5,
            "OIL": 504.30000000000007,
            "WATER": -173.60000000000002
        },
        "INVCL": {
            "C2-MX": 45.60000000000001,
            "C2-SP": 1118.8,
            "C3-MX": 2076.9,
            "C3-SP": 823.3,
            "C4-MX": 150.3,
            "C4-SP": 11706.800000000001,
            "C5-MX": 79.4,
            "C5-SP": 632.8,
            "CO2-SP": 0.0,
            "COND": 21604.600000000002,
            "FSHWTR": 4418.700000000001,
            "GAS": 151808.6,
            "HELIUM": 16.2,
            "IC4-MX": 244.6,
            "IC5-MX": 0.0,
            "NC4-MX": 641.6,
            "NC5-MX": 403.0,
            "OIL": 575204.000000001,
            "WATER": 405473.7000000002
        },
        "INVOP": {
            "C2-MX": 42.800000000000004,
            "C2-SP": 1118.8,
            "C3-MX": 1869.8,
            "C3-SP": 978.9,
            "C4-MX": 106.3,
            "C4-SP": 12070.7,
            "C5-MX": 39.7,
            "C5-SP": 558.8,
            "CO2-SP": 0.0,
            "COND": 19969.800000000003,
            "FSHWTR": 4396.0,
            "GAS": 151579.3,
            "HELIUM": 12.700000000000001,
            "IC4-MX": 232.7,
            "IC5-MX": 0.0,
            "NC4-MX": 610.5,
            "NC5-MX": 383.3,
            "OIL": 582387.4000000004,
            "WATER": 401800.3000000005
        },
        "LDINJ": {
            "OIL": 1802.8000000000006,
            "WATER": 87180.0
        },
        "LDINVADJ": {
            "OIL": 10.0,
            "WATER": -3854.2000000000025
        },
        "LDINVCL": {
            "COND": 2.6,
            "OIL": 3360.3,
            "WATER": 617179.0000000003
        },
        "LDINVOP": {
            "COND": 2.6,
            "OIL": 3205.3000000000015,
            "WATER": 581673.5999999999
        },
        "LDREC": {
            "OIL": 1657.8,
            "WATER": 47820.400000000016
        },
        "PROC": {
            "C2-MX": 135.4,
            "C2-SP": 1211.9,
            "C3-MX": 11246.3,
            "C3-SP": 8188.9,
            "C4-MX": 3490.2,
            "C4-SP": 6001.2,
            "C5-MX": 1878.8000000000002,
            "C5-SP": 8209.3
        },
        "PROD": {
            "CO2": 418.9,
            "FSHWTR": 1969712.5,
            "GAS": 296743.19999999856,
            "HELIUM": 210.7,
            "N2": 27445.700000000004,
            "OIL": 1547924.900000005,
            "WATER": 25542117.100000057
        },
        "PURDISP": {
            "OIL": 2612.8
        },
        "PURREC": {
            "OIL": 1617.1
        },
        "REC": {
            "BRINE": 3230308.4,
            "C2-MX": 101.1,
            "C2-SP": 1211.9,
            "C3-MX": 15249.9,
            "C3-SP": 9281.7,
            "C4-MX": 0.0,
            "C4-SP": 49915.0,
            "C5-MX": 918.8,
            "CO2": 394.9,
            "CO2-MX": 726972.2999999999,
            "CO2-SP": 71062.2,
            "COND": 236567.8,
            "FSHWTR": 2876321.4,
            "GAS": 5140059.499999999,
            "HELIUM": 188.8,
            "IC4-MX": 2799.6000000000004,
            "IC5-MX": 1247.6,
            "N2": 27551.699999999997,
            "NC4-MX": 2018.6,
            "NC5-MX": 0.0,
            "OIL": 4705516.099999996,
            "POLYMER": 87341.2,
            "SAND": 3.4,
            "SYNCRD": 230355.9,
            "WASTE": 33416.2,
            "WATER": 30493855.700000003
        },
        "SHR": {
            "ACGAS": 54.5,
            "C2-MX": 38.1,
            "C2-SP": 341.0,
            "C3-MX": 3060.4,
            "C3-SP": 2228.3999999999996,
            "C4-MX": 829.5,
            "C4-SP": 1426.4,
            "C5-MX": 388.3,
            "C5-SP": 1696.5,
            "COND": 71.30000000000001,
            "OIL": 3847.2999999999997
        },
        "SHUTIN": {},
        "SPILL": {
            "OIL": 3.3,
            "WATER": 0.5
        },
        "STINJ": {
            "CO2-MX": 749511.8,
            "GAS": 1477.0
        },
        "STINVCL": {
            "C3-MX": 0.0,
            "CO2-MX": 42532627.7,
            "GAS": 7229.9
        },
        "STINVOP": {
            "C3-MX": 0.0,
            "CO2-MX": 42301460.8,
            "GAS": 6388.299999999999
        },
        "STREC": {
            "C3-MX": 0.4,
            "CO2-MX": 70008.30000000002,
            "GAS": 5572.8
        },
        "VENT": {
            "C3-MX": 0.4,
            "CO2": 418.9,
            "CO2-MX": 5427.199999999999,
            "ENTGAS": 1.1,
            "GAS": 14632.800000000132,
            "N2": 27445.699999999997
        }
    }
}