{
    "year": 2023,
    "month": "07",
    "pt": "Saskatchewan",
    "includes_ghgrp": false,
    "volume_by_activity": {
        "DIFF": {
            "GAS": 13970.800000000001,
            "SOLV": 3975.3,
            "WASTE": 0.0,
            "WATER": 30577.399999999972
        },
        "DISP": {
            "C1-MX": 10.5,
            "C2-MX": 329.4,
            "C2-SP": 2651.0,
            "C3-MX": 18249.7,
            "C3-SP": 23679.399999999998,
            "C4-MX": 977.6,
            "C4-SP": 34385.399999999994,
            "C5-MX": 2944.1000000000004,
            "C5-SP": 1360.2,
            "CO2": 348.7,
            "CO2-MX": 71653.3,
            "CO2-SP": 34622.4,
            "COND": 105397.69999999997,
            "FSHWTR": 3137731.9,
            "GAS": 5365307.2,
            "HELIUM": 615.0000000000001,
            "IC4-MX": 2206.2000000000003,
            "IC5-MX": 67.1,
            "N2": 42861.0,
            "NC4-MX": 4740.2,
            "OIL": 6605257.600000008,
            "POLYMER": 158005.2,
            "SAND": 6375.800000000009,
            "SYNCRD": 290731.1,
            "WATER": 27187129.600000013
        },
        "FLARE": {
            "ACGAS": 696.9000000000001,
            "ENTGAS": 6.5,
            "GAS": 37200.49999999999
        },
        "FRAC": {
            "C3-MX": -531.6,
            "C3-SP": 531.6,
            "C4-SP": 1948.9,
            "C5-SP": 1217.4,
            "IC4-MX": -1948.9,
            "IC5-MX": -1217.4,
            "NC4-MX": 0.0,
            "NC5-MX": 0.0
        },
        "FUEL": {
            "GAS": 174619.19999999975
        },
        "IMBAL": {
            "C1-MX": 0.0,
            "C2-MX": 0.0,
            "C2-SP": 0.0,
            "C3-MX": 0.0,
            "C3-SP": 0.0,
            "C4-MX": 0.0,
            "C4-SP": 0.0,
            "C5-MX": 0.0,
            "C5-SP": 0.0,
            "CO2": 0.0,
            "CO2-SP": 0.0,
            "HELIUM": 0.0,
            "OIL": 22.4
        },
        "INJ": {
            "BRINE": 2733556.1,
            "GAS": 467.1,
            "OIL": 8.0,
            "POLYMER": 984921.3,
            "STEAM": 986403.5,
            "WASTE": 34541.1,
            "WATER": 28645197.7
        },
        "INVADJ": {
            "C4-SP": 22.7,
            "COND": -57.0,
            "OIL": -1878.7,
            "WATER": 366.1
        },
        "INVCL": {
            "C2-MX": 23.3,
            "C2-SP": 1118.8,
            "C3-MX": 918.9,
            "C3-SP": 801.9,
            "C4-MX": 127.0,
            "C4-SP": 12238.300000000001,
            "C5-MX": 30.8,
            "C5-SP": 704.5,
            "CO2-SP": 0.0,
            "COND": 17320.3,
            "FSHWTR": 4532.6,
            "GAS": 171947.3,
            "HELIUM": 21.7,
            "IC4-MX": 103.3,
            "IC5-MX": 0.0,
            "NC4-MX": 284.90000000000003,
            "NC5-MX": 174.2,
            "OIL": 559657.7999999999,
            "WATER": 399830.2000000002
        },
        "INVOP": {
            "C2-MX": 16.2,
            "C2-SP": 1118.8,
            "C3-MX": 796.1999999999999,
            "C3-SP": 1013.3,
            "C4-MX": 57.8,
            "C4-SP": 11922.599999999999,
            "C5-MX": 7.800000000000001,
            "C5-SP": 418.0,
            "CO2-SP": 0.0,
            "COND": 20601.6,
            "FSHWTR": 4512.5,
            "GAS": 171289.9,
            "HELIUM": 18.7,
            "IC4-MX": 123.0,
            "IC5-MX": 0.0,
            "NC4-MX": 331.8,
            "NC5-MX": 222.29999999999998,
            "OIL": 598002.6000000002,
            "WATER": 402277.3000000006
        },
        "LDINJ": {
            "OIL": 1808.9999999999995,
            "WATER": 63634.3
        },
        "LDINVADJ": {
            "OIL": 16.4,
            "WATER": -23838.100000000002
        },
        "LDINVCL": {
            "COND": 2.6,
            "OIL": 3172.5000000000014,
            "WATER": 531853.9000000008
        },
        "LDINVOP": {
            "COND": 3.5,
            "OIL": 3154.5000000000014,
            "WATER": 543355.8999999997
        },
        "LDREC": {
            "COND": 0.9,
            "OIL": 1807.4,
            "WATER": 49842.000000000015
        },
        "PROC": {
            "C1-MX": 10.5,
            "C2-MX": 195.1,
            "C2-SP": 1325.5,
            "C3-MX": 8014.200000000001,
            "C3-SP": 10351.699999999999,
            "C4-MX": 3917.7000000000003,
            "C4-SP": 5462.2,
            "C5-MX": 1878.3999999999999,
            "C5-SP": 8762.5
        },
        "PROD": {
            "CO2": 438.90000000000003,
            "COND": 0.2,
            "FSHWTR": 2061521.999999999,
            "GAS": 296563.4999999981,
            "HELIUM": 324.99999999999994,
            "N2": 44726.5,
            "OIL": 1526448.9000000048,
            "WATER": 25827746.799999975
        },
        "PURDISP": {
            "OIL": 2625.5000000000005
        },
        "PURREC": {
            "OIL": 1114.0
        },
        "REC": {
            "BRINE": 2070133.2000000002,
            "C2-MX": 141.4,
            "C2-SP": 1325.5,
            "C3-MX": 10893.6,
            "C3-SP": 12584.699999999999,
            "C4-MX": 257.1,
            "C4-SP": 55732.6,
            "C5-MX": 1247.7,
            "C5-SP": 1069.5,
            "CO2": 348.7,
            "CO2-MX": 736160.3,
            "CO2-SP": 69244.8,
            "COND": 251888.80000000008,
            "FSHWTR": 2941586.4999999995,
            "GAS": 5319264.7,
            "HELIUM": 293.0,
            "IC4-MX": 3006.5,
            "IC5-MX": 1217.4,
            "N2": 42861.0,
            "NC4-MX": 2951.3,
            "NC5-MX": 0.0,
            "OIL": 4857105.699999997,
            "POLYMER": 158005.2,
            "SYNCRD": 290855.9,
            "WASTE": 34541.100000000006,
            "WATER": 30818039.79999998
        },
        "SHR": {
            "ACGAS": 58.1,
            "C1-MX": 4.6,
            "C2-MX": 54.9,
            "C2-SP": 373.0,
            "C3-MX": 2180.9,
            "C3-SP": 2817.0,
            "C4-MX": 931.1999999999999,
            "C4-SP": 1298.3,
            "C5-MX": 388.2,
            "C5-SP": 1811.0,
            "COND": 52.4,
            "OIL": 3788.9999999999995
        },
        "SHUTIN": {},
        "STINJ": {
            "CO2-MX": 761772.2999999998,
            "GAS": 3354.4
        },
        "STINVCL": {
            "C3-MX": 0.0,
            "CO2-MX": 44818130.2,
            "GAS": 16898.300000000003
        },
        "STINVOP": {
            "C3-MX": 0.0,
            "CO2-MX": 44607178.2,
            "GAS": 15690.1
        },
        "STREC": {
            "CO2-MX": 69863.29999999999,
            "GAS": 5815.400000000001
        },
        "VENT": {
            "CO2": 438.90000000000003,
            "CO2-MX": 706.8999999999999,
            "ENTGAS": 0.9,
            "GAS": 14351.30000000019,
            "N2": 44726.5
        }
    }
}