{
    "year": 2022,
    "month": "04",
    "pt": "Saskatchewan",
    "includes_ghgrp": false,
    "volume_by_activity": {
        "DIFF": {
            "GAS": 11933.7,
            "SOLV": 7104.5,
            "WASTE": 0.0,
            "WATER": 12664.899999999985
        },
        "DISP": {
            "C2-MX": 190.3,
            "C3-MX": 17998.0,
            "C3-SP": 21737.5,
            "C4-MX": 952.4,
            "C4-SP": 32207.7,
            "C5-MX": 2014.7,
            "C5-SP": 25.9,
            "CO2": 211.2,
            "CO2-MX": 53756.7,
            "CO2-SP": 33407.8,
            "COND": 106592.49999999999,
            "FSHWTR": 2763586.599999999,
            "GAS": 5130037.500000001,
            "HELIUM": 276.6,
            "IC4-MX": 965.9000000000001,
            "IC5-MX": 35.6,
            "N2": 15715.5,
            "NC4-MX": 2219.7,
            "OIL": 6136635.200000006,
            "POLYMER": 71557.5,
            "SAND": 4134.699999999998,
            "SYNCRD": 178940.5,
            "WATER": 25390421.89999998
        },
        "FLARE": {
            "ACGAS": 530.7,
            "ENTGAS": 5.9,
            "GAS": 37383.99999999992
        },
        "FRAC": {
            "C3-MX": -446.3,
            "C3-SP": 446.3,
            "C4-SP": 1233.3,
            "C5-SP": 1061.2,
            "IC4-MX": -1233.3,
            "IC5-MX": -1061.2,
            "NC4-MX": 0.0,
            "NC5-MX": 0.0
        },
        "FUEL": {
            "GAS": 175078.59999999983
        },
        "IMBAL": {
            "C2-MX": 0.0,
            "C2-SP": 0.0,
            "C3-MX": 0.0,
            "C3-SP": 0.0,
            "C4-MX": 0.0,
            "C4-SP": 0.0,
            "C5-MX": 0.0,
            "C5-SP": 0.0,
            "CO2": 0.0,
            "CO2-SP": 0.0,
            "HELIUM": 0.0,
            "OIL": 0.0
        },
        "INJ": {
            "AIR": 1926.6,
            "BRINE": 3033521.8000000003,
            "GAS": 254.9,
            "OIL": 36.0,
            "POLYMER": 799285.1000000001,
            "STEAM": 808979.5999999999,
            "WASTE": 34312.1,
            "WATER": 26856823.899999984
        },
        "INVADJ": {
            "C4-SP": 16.4,
            "COND": -70.2,
            "OIL": -1962.8000000000002,
            "WATER": -403.40000000000003
        },
        "INVCL": {
            "C2-MX": 37.70000000000001,
            "C2-SP": 1118.8,
            "C3-MX": 1695.9,
            "C3-SP": 641.4,
            "C4-MX": 130.6,
            "C4-SP": 11625.4,
            "C5-MX": 49.7,
            "C5-SP": 399.5,
            "CO2-SP": 0.0,
            "COND": 22552.2,
            "FSHWTR": 4322.3,
            "GAS": 149140.9,
            "HELIUM": 6.3,
            "IC4-MX": 231.0,
            "IC5-MX": 0.0,
            "NC4-MX": 559.5,
            "NC5-MX": 332.1,
            "OIL": 650659.1999999991,
            "WATER": 380700.30000000104
        },
        "INVOP": {
            "C2-MX": 13.999999999999998,
            "C2-SP": 1118.8,
            "C3-MX": 1134.8000000000002,
            "C3-SP": 1678.0,
            "C4-MX": 164.4,
            "C4-SP": 11957.4,
            "C5-MX": 70.3,
            "C5-SP": 333.9,
            "CO2-SP": 0.0,
            "COND": 15656.699999999999,
            "FSHWTR": 4533.2,
            "GAS": 39521.0,
            "HELIUM": 5.5,
            "IC4-MX": 122.0,
            "IC5-MX": 21.3,
            "NC4-MX": 213.0,
            "NC5-MX": 120.3,
            "OIL": 636640.4000000008,
            "WATER": 383690.90000000014
        },
        "LDINJ": {
            "OIL": 1609.5999999999997,
            "WATER": 10533.0
        },
        "LDINVADJ": {
            "WATER": 20932.2
        },
        "LDINVCL": {
            "COND": 2.6,
            "OIL": 3117.3000000000015,
            "WATER": 575241.5000000006
        },
        "LDINVOP": {
            "COND": 2.6,
            "OIL": 2990.8000000000015,
            "WATER": 594597.6999999997
        },
        "LDREC": {
            "OIL": 1483.1000000000001,
            "WATER": 50821.39999999996
        },
        "PROC": {
            "C2-MX": 141.29999999999998,
            "C3-MX": 7872.8,
            "C3-SP": 10566.5,
            "C4-MX": 3012.3,
            "C4-SP": 6136.599999999999,
            "C5-MX": 1567.2,
            "C5-SP": 7021.299999999999
        },
        "PROD": {
            "CO2": 373.79999999999995,
            "COND": 43.1,
            "FSHWTR": 1858183.6999999997,
            "GAS": 286528.3999999984,
            "HELIUM": 157.8,
            "N2": 19539.100000000002,
            "OIL": 1484952.0000000019,
            "WATER": 24039124.600000057
        },
        "PURDISP": {
            "OIL": 1804.5
        },
        "PURREC": {
            "OIL": 1379.6
        },
        "REC": {
            "BRINE": 2399244.7,
            "C2-MX": 72.7,
            "C3-MX": 11132.6,
            "C3-SP": 9688.1,
            "C4-MX": 45.9,
            "C4-SP": 57802.600000000006,
            "C5-MX": 653.0,
            "C5-SP": 25.9,
            "CO2": 211.2,
            "CO2-MX": 776984.2000000001,
            "CO2-SP": 66815.6,
            "COND": 258375.79999999996,
            "FSHWTR": 2539689.8,
            "GAS": 5199126.300000001,
            "HELIUM": 119.6,
            "IC4-MX": 1641.1000000000001,
            "IC5-MX": 1061.2,
            "N2": 15715.5,
            "NC4-MX": 1093.7,
            "NC5-MX": 0.0,
            "OIL": 4484674.599999999,
            "POLYMER": 71557.5,
            "SAND": 2.6,
            "SYNCRD": 178755.6,
            "WASTE": 34312.1,
            "WATER": 28788032.49999999
        },
        "SHR": {
            "ACGAS": 65.10000000000001,
            "C2-MX": 39.699999999999996,
            "C3-MX": 2142.3,
            "C3-SP": 2875.4,
            "C4-MX": 715.8000000000001,
            "C4-SP": 1458.6000000000001,
            "C5-MX": 323.9,
            "C5-SP": 1451.0,
            "COND": 54.7,
            "OIL": 4451.6
        },
        "SHUTIN": {},
        "STINJ": {
            "CO2-MX": 794289.3,
            "GAS": 1758.9
        },
        "STINVCL": {
            "C3-MX": 0.0,
            "CO2-MX": 41597391.5,
            "GAS": 4629.799999999999
        },
        "STINVOP": {
            "C3-MX": 0.0,
            "CO2-MX": 41340101.9,
            "GAS": 4190.0
        },
        "STREC": {
            "C3-MX": 0.4,
            "CO2-MX": 54210.8,
            "GAS": 4598.599999999999
        },
        "VENT": {
            "C3-MX": 0.4,
            "CO2": 373.79999999999995,
            "CO2-MX": 2436.5,
            "ENTGAS": 1.0,
            "GAS": 13708.70000000017,
            "N2": 19539.1
        }
    }
}