{
    "year": 2025,
    "month": "01",
    "pt": "Saskatchewan",
    "includes_ghgrp": false,
    "volume_by_activity": {
        "DIFF": {
            "GAS": 59832.0,
            "SOLV": 5121.9,
            "WASTE": 0.0,
            "WATER": -5906.200000000009
        },
        "DISP": {
            "ACGAS": 328.2,
            "C2-MX": 311.9,
            "C3-MX": 9348.0,
            "C3-SP": 20145.8,
            "C4-MX": 1046.1,
            "C4-SP": 31220.699999999997,
            "C5-MX": 2502.4,
            "C5-SP": 1114.6000000000001,
            "CO2": 1004.6999999999999,
            "CO2-MX": 72409.30000000002,
            "CO2-SP": 22891.0,
            "COND": 118748.70000000001,
            "FSHWTR": 3247176.099999999,
            "GAS": 6571875.2,
            "HELIUM": 903.3000000000001,
            "IC4-MX": 3110.4,
            "IC5-MX": 26.4,
            "N2": 60742.299999999996,
            "NC4-MX": 8337.4,
            "OIL": 6433932.1999999955,
            "POLYMER": 176121.30000000002,
            "SAND": 4751.800000000006,
            "SYNCRD": 295695.4,
            "WATER": 27926821.599999968
        },
        "FLARE": {
            "ACGAS": 265.2,
            "ENTGAS": 385.5,
            "GAS": 34179.200000000026
        },
        "FRAC": {
            "C3-MX": -1893.5,
            "C3-SP": 1893.5,
            "C4-SP": 2692.8,
            "C5-SP": 2174.8,
            "IC4-MX": -2692.8,
            "IC5-MX": -2174.8,
            "NC4-MX": 0.0,
            "NC5-MX": 0.0
        },
        "FUEL": {
            "GAS": 189929.89999999982
        },
        "IMBAL": {
            "C2-MX": 0.0,
            "C2-SP": 0.0,
            "C3-MX": 0.0,
            "C3-SP": 0.0,
            "C4-MX": 0.0,
            "C4-SP": 0.0,
            "C5-MX": 0.0,
            "C5-SP": 0.0,
            "CO2": 0.0,
            "CO2-SP": 0.0,
            "HELIUM": 0.0,
            "OIL": 0.0
        },
        "INJ": {
            "ACGAS": 660.8,
            "BRINE": 3553733.9000000004,
            "GAS": 455.5,
            "POLYMER": 1016068.8999999999,
            "STEAM": 869946.4,
            "WASTE": 73917.0,
            "WATER": 29659762.9
        },
        "INVADJ": {
            "C4-SP": 18.1,
            "COND": -115.5,
            "OIL": 3009.1000000000013,
            "WATER": -67.20000000000002
        },
        "INVCL": {
            "C2-MX": 35.2,
            "C2-SP": 1118.8,
            "C3-MX": 956.4,
            "C3-SP": 725.0,
            "C4-MX": 43.2,
            "C4-SP": 12069.9,
            "C5-MX": 31.9,
            "C5-SP": 257.6,
            "CO2-SP": 0.0,
            "COND": 17703.499999999996,
            "FSHWTR": 4593.2,
            "GAS": 187984.1,
            "HELIUM": 14.0,
            "IC4-MX": 219.5,
            "IC5-MX": 0.0,
            "NC4-MX": 388.90000000000003,
            "NC5-MX": 198.7,
            "OIL": 608240.7000000007,
            "WATER": 394364.60000000003
        },
        "INVOP": {
            "C2-MX": 25.9,
            "C2-SP": 1118.8,
            "C3-MX": 657.3,
            "C3-SP": 1031.9,
            "C4-MX": 28.7,
            "C4-SP": 12415.1,
            "C5-MX": 20.6,
            "C5-SP": 425.8,
            "CO2-SP": 0.0,
            "COND": 17349.899999999998,
            "FSHWTR": 4197.6,
            "GAS": 198867.9,
            "HELIUM": 26.000000000000004,
            "IC4-MX": 114.7,
            "IC5-MX": 0.0,
            "NC4-MX": 268.2,
            "NC5-MX": 136.79999999999998,
            "OIL": 643750.1000000002,
            "WATER": 384047.2
        },
        "LDINJ": {
            "OIL": 1553.1000000000001,
            "WATER": 62732.700000000004
        },
        "LDINVADJ": {
            "OIL": 10.200000000000003,
            "WATER": 8577.499999999995
        },
        "LDINVCL": {
            "COND": 6.699999999999999,
            "OIL": 3048.7000000000003,
            "WATER": 523852.7000000002
        },
        "LDINVOP": {
            "COND": 22.6,
            "OIL": 3005.100000000001,
            "WATER": 499644.2999999999
        },
        "LDREC": {
            "COND": 15.9,
            "OIL": 1519.7,
            "WATER": 47069.400000000016
        },
        "PROC": {
            "C2-MX": 195.8,
            "C3-MX": 5164.2,
            "C3-SP": 10932.9,
            "C4-MX": 4411.1,
            "C4-SP": 3600.7,
            "C5-MX": 1696.1000000000001,
            "C5-SP": 6579.1
        },
        "PROD": {
            "CO2": 1006.2,
            "FSHWTR": 1863537.0999999996,
            "GAS": 255403.10000000047,
            "HELIUM": 450.8,
            "N2": 62799.49999999999,
            "OIL": 1409119.299999999,
            "WATER": 26555452.099999987
        },
        "PURDISP": {
            "OIL": 3400.8000000000006
        },
        "PURREC": {
            "OIL": 2110.7
        },
        "REC": {
            "ACGAS": 660.8,
            "BRINE": 2960530.9,
            "C2-MX": 125.4,
            "C3-MX": 6378.0,
            "C3-SP": 7012.5,
            "C4-MX": 96.7,
            "C4-SP": 58160.30000000001,
            "C5-MX": 996.6,
            "C5-SP": 1114.6000000000001,
            "CO2": 1004.6999999999999,
            "CO2-MX": 717538.2000000001,
            "CO2-SP": 45782.0,
            "COND": 272350.2,
            "FSHWTR": 3127613.3999999994,
            "GAS": 6604940.100000001,
            "HELIUM": 440.5,
            "IC4-MX": 4880.2,
            "IC5-MX": 2174.8,
            "N2": 60742.3,
            "NC4-MX": 6135.4,
            "NC5-MX": 0.0,
            "OIL": 4794289.399999998,
            "POLYMER": 176121.30000000002,
            "SYNCRD": 295637.8,
            "WASTE": 73917.0,
            "WATER": 31789164.10000001
        },
        "SHR": {
            "ACGAS": 56.0,
            "C2-MX": 55.099999999999994,
            "C3-MX": 1405.2,
            "C3-SP": 2975.2,
            "C4-MX": 1048.4,
            "C4-SP": 855.8,
            "C5-MX": 350.59999999999997,
            "C5-SP": 1359.7,
            "COND": 62.60000000000001,
            "OIL": 4657.599999999999
        },
        "SHUTIN": {},
        "STINJ": {
            "CO2-MX": 723592.3,
            "GAS": 2528.1
        },
        "STINVCL": {
            "C3-MX": 0.0,
            "CO2-MX": 47925165.8,
            "GAS": 23572.800000000003
        },
        "STINVOP": {
            "C3-MX": 0.0,
            "CO2-MX": 47729927.9,
            "GAS": 23468.6
        },
        "STREC": {
            "CO2-MX": 65415.700000000004,
            "GAS": 7283.2
        },
        "VENT": {
            "CO2": 1006.1999999999999,
            "CO2-MX": 77.7,
            "ENTGAS": 1.1,
            "GAS": 10267.500000000118,
            "N2": 62799.5
        }
    }
}