{
    "year": 2024,
    "month": "09",
    "pt": "Saskatchewan",
    "includes_ghgrp": false,
    "volume_by_activity": {
        "DIFF": {
            "GAS": {
                "BT": 32.0,
                "CT": 0.0,
                "GP": 2654.7,
                "GS": 323.7,
                "IF": 22.2,
                "PL": 12791.9,
                "TM": 0.0,
                "WT": 0.0
            },
            "SOLV": {
                "BT": 0.0,
                "IF": 6369.2
            },
            "WASTE": {
                "IF": 0.7
            },
            "WATER": {
                "BT": 0.0,
                "CT": 0.0,
                "GP": 0.0,
                "GS": 0.0,
                "IF": 19397.899999999987,
                "PL": 0.0,
                "TM": -0.1,
                "WT": -7403.900000000001
            }
        },
        "DISP": {
            "ACGAS": {
                "GP": 339.1
            },
            "C2-MX": {
                "GP": 177.10000000000002,
                "PL": 119.9
            },
            "C3-MX": {
                "GP": 7965.3,
                "GS": 9.7,
                "PL": 5308.8
            },
            "C3-SP": {
                "GP": 11682.0,
                "TM": 13254.0
            },
            "C4-MX": {
                "GP": 1197.5,
                "GS": 14.3
            },
            "C4-SP": {
                "GP": 5632.099999999999,
                "PL": 1760.9,
                "TM": 19439.100000000002
            },
            "C5-MX": {
                "GP": 1825.1000000000001,
                "GS": 52.4,
                "PL": 907.7
            },
            "C5-SP": {
                "GP": 1968.2
            },
            "CO2": {
                "BT": 764.9999999999999
            },
            "CO2-MX": {
                "BT": 63598.5,
                "IF": 0.0
            },
            "CO2-SP": {
                "PL": 14470.8
            },
            "COND": {
                "BT": 3476.4,
                "GP": 5532.4,
                "GS": 3887.1,
                "PL": 30981.199999999997,
                "TM": 19537.0
            },
            "FSHWTR": {
                "BT": 11414.0,
                "IF": 1505.7,
                "WT": 2918048.5999999996
            },
            "GAS": {
                "BT": 248397.99999999985,
                "CT": 49.6,
                "GP": 71913.2,
                "GS": 190524.99999999962,
                "IF": 69.0,
                "PL": 4568631.4
            },
            "HELIUM": {
                "BT": 457.6000000000001,
                "GP": 442.0
            },
            "IC4-MX": {
                "GP": 1454.8999999999999,
                "PL": 1102.5
            },
            "IC5-MX": {
                "GP": 44.2
            },
            "N2": {
                "BT": 59579.2
            },
            "NC4-MX": {
                "GP": 3093.3999999999996,
                "PL": 2821.5
            },
            "NC5-MX": {
                "GP": 33.1
            },
            "OIL": {
                "BT": 1614375.800000005,
                "CT": 168598.4,
                "GP": 1105.4,
                "GS": 80.5,
                "IF": 1904.9000000000003,
                "PL": 3271504.1000000006,
                "TM": 925164.9
            },
            "POLYMER": {
                "BT": 157517.7,
                "IF": 19620.199999999997
            },
            "SAND": {
                "BT": 4922.099999999996,
                "CT": 133.29999999999998,
                "GP": 0.4,
                "GS": 3.0,
                "IF": 179.7,
                "PL": 1.1,
                "TM": 110.19999999999999
            },
            "SYNCRD": {
                "PL": 312188.9
            },
            "WATER": {
                "BT": 24767901.09999991,
                "CT": 89821.9,
                "GP": 2344.5000000000005,
                "GS": 449.8,
                "IF": 228136.6,
                "PL": 5578.7,
                "TM": 9599.900000000003,
                "WT": 1062369.5
            }
        },
        "FLARE": {
            "ACGAS": {
                "GP": 223.8
            },
            "ENTGAS": {
                "CT": 5.8,
                "IF": 0.3,
                "TM": 279.4
            },
            "GAS": {
                "BT": 35900.599999999955,
                "CT": 52.0,
                "GP": 1243.1000000000004,
                "GS": 3548.2000000000007,
                "IF": 21.6,
                "PL": 414.2,
                "TM": 170.0
            }
        },
        "FRAC": {
            "C3-MX": {
                "GP": -758.6
            },
            "C3-SP": {
                "GP": 758.6
            },
            "C4-SP": {
                "GP": 1361.4
            },
            "C5-SP": {
                "GP": 1172.1
            },
            "IC4-MX": {
                "GP": -1361.4
            },
            "IC5-MX": {
                "GP": -1172.1
            },
            "NC4-MX": {
                "GP": 0.0
            },
            "NC5-MX": {
                "GP": 0.0
            }
        },
        "FUEL": {
            "GAS": {
                "BT": 39865.200000000215,
                "CT": 688.2999999999998,
                "GP": 5310.3,
                "GS": 4442.2,
                "IF": 51915.100000000006,
                "PL": 50741.00000000001,
                "TM": 20.900000000000002,
                "WT": 1.5
            }
        },
        "IMBAL": {
            "C2-MX": {
                "GP": 0.0,
                "PL": 0.0
            },
            "C2-SP": {
                "PL": 0.0
            },
            "C3-MX": {
                "GP": 0.0,
                "GS": 0.0,
                "PL": 0.0
            },
            "C3-SP": {
                "GP": 0.0,
                "TM": 0.0
            },
            "C4-MX": {
                "GP": 0.0,
                "GS": 0.0,
                "PL": 0.0
            },
            "C4-SP": {
                "GP": 0.0
            },
            "C5-MX": {
                "GP": 0.0,
                "GS": 0.0,
                "PL": 0.0
            },
            "C5-SP": {
                "GP": 0.0,
                "GS": 0.0
            },
            "CO2": {
                "BT": 0.0,
                "GP": 0.0
            },
            "CO2-SP": {
                "PL": 0.0
            },
            "HELIUM": {
                "BT": 0.0,
                "GP": 0.0
            },
            "OIL": {
                "BT": 0.0,
                "CT": 0.0,
                "IF": 0.0,
                "PL": 0.0,
                "TM": 0.0
            }
        },
        "INJ": {
            "ACGAS": {
                "IF": 698.0
            },
            "BRINE": {
                "IF": 3395723.8000000003
            },
            "GAS": {
                "IF": 941.1
            },
            "POLYMER": {
                "IF": 983885.8999999997
            },
            "STEAM": {
                "IF": 718528.8
            },
            "WASTE": {
                "IF": 70831.3
            },
            "WATER": {
                "IF": 27856971.700000025
            }
        },
        "INVADJ": {
            "C4-SP": {
                "PL": -8.3
            },
            "COND": {
                "PL": 61.199999999999996
            },
            "OIL": {
                "PL": 5652.7
            },
            "WATER": {
                "PL": -270.9
            }
        },
        "INVCL": {
            "C2-MX": {
                "GP": 22.599999999999998
            },
            "C2-SP": {
                "PL": 1118.8
            },
            "C3-MX": {
                "GP": 614.6
            },
            "C3-SP": {
                "GP": 1639.5,
                "TM": 363.7
            },
            "C4-MX": {
                "GP": 26.1
            },