{
    "year": 2024,
    "month": "03",
    "pt": "Saskatchewan",
    "includes_ghgrp": false,
    "volume_by_activity": {
        "DIFF": {
            "GAS": {
                "BT": 0.0,
                "CT": 0.0,
                "GP": 1744.3,
                "GS": -1727.3999999999999,
                "IF": 289.6,
                "PL": 27646.3,
                "TM": 0.0,
                "WT": 0.0
            },
            "SOLV": {
                "BT": 0.0,
                "IF": 2687.1
            },
            "WASTE": {
                "IF": 0.0
            },
            "WATER": {
                "BT": 0.0,
                "CT": 0.0,
                "GP": 6.2,
                "GS": 0.1,
                "IF": 27303.399999999987,
                "PL": 3.6,
                "TM": 0.0,
                "WT": -40713.8
            }
        },
        "DISP": {
            "ACGAS": {
                "GP": 517.0
            },
            "C1-MX": {
                "GP": 12.8
            },
            "C2-MX": {
                "GP": 206.4,
                "GS": 8.0,
                "PL": 155.8
            },
            "C3-MX": {
                "GP": 10386.300000000001,
                "GS": 12.0,
                "PL": 7825.6
            },
            "C3-SP": {
                "GP": 13051.0,
                "TM": 12460.6
            },
            "C4-MX": {
                "GP": 1013.5999999999999,
                "GS": 29.3
            },
            "C4-SP": {
                "GP": 4482.4,
                "PL": 2151.6,
                "TM": 22063.800000000003
            },
            "C5-MX": {
                "GP": 1529.9,
                "GS": 107.1,
                "PL": 881.1
            },
            "C5-SP": {
                "GP": 16.2
            },
            "CO2": {
                "BT": 594.1000000000001
            },
            "CO2-MX": {
                "BT": 75157.5,
                "IF": 0.0
            },
            "CO2-SP": {
                "IF": 0.0,
                "PL": 17359.7
            },
            "COND": {
                "BT": 2335.4,
                "GP": 4681.8,
                "GS": 5720.7,
                "PL": 71105.3,
                "TM": 11674.7
            },
            "FSHWTR": {
                "BT": 11916.0,
                "IF": 4058.4,
                "WT": 3104302.4
            },
            "GAS": {
                "BT": 284127.3000000004,
                "GP": 80758.0,
                "GS": 216069.0000000002,
                "IF": 71.3,
                "PL": 4908262.000000001
            },
            "HELIUM": {
                "BT": 385.9,
                "GP": 345.5
            },
            "IC4-MX": {
                "GP": 3660.7,
                "PL": 2228.6
            },
            "IC5-MX": {
                "GP": 101.6
            },
            "N2": {
                "BT": 50086.7
            },
            "NC4-MX": {
                "GP": 7695.9,
                "PL": 5756.9
            },
            "OIL": {
                "BT": 1793410.5000000023,
                "CT": 215377.9,
                "GP": 3654.5999999999995,
                "GS": 89.5,
                "IF": 2150.5000000000005,
                "PL": 3661906.8000000003,
                "TM": 1029046.0000000001
            },
            "POLYMER": {
                "BT": 163664.9,
                "IF": 20318.5
            },
            "SAND": {
                "BT": 4334.599999999999,
                "CT": 230.3,
                "GP": 5.0,
                "GS": 0.3,
                "IF": 420.50000000000006,
                "PL": 0.9,
                "TM": 92.80000000000001
            },
            "SYNCRD": {
                "PL": 281953.9
            },
            "WATER": {
                "BT": 26212722.399999935,
                "CT": 103118.8,
                "GP": 1536.2,
                "GS": 244.1,
                "IF": 245694.4,
                "PL": 6258.999999999999,
                "TM": 9373.0,
                "WT": 1161723.3
            }
        },
        "FLARE": {
            "ACGAS": {
                "GP": 263.5
            },
            "ENTGAS": {
                "CT": 6.5,
                "IF": 1.7,
                "TM": 164.2
            },
            "GAS": {
                "BT": 30172.599999999962,
                "CT": 67.2,
                "GP": 1057.4,
                "GS": 326.3,
                "IF": 20.5,
                "TM": 190.4
            }
        },
        "FRAC": {
            "C3-MX": {
                "GP": -1663.6
            },
            "C3-SP": {
                "GP": 1663.6
            },
            "C4-SP": {
                "GP": 2553.0
            },
            "C5-SP": {
                "GP": 1627.8
            },
            "IC4-MX": {
                "GP": -2578.7
            },
            "IC5-MX": {
                "GP": -1627.8
            },
            "NC4-MX": {
                "GP": 0.0
            },
            "NC5-MX": {
                "GP": 0.0
            }
        },
        "FUEL": {
            "GAS": {
                "BT": 44649.09999999947,
                "CT": 1139.7,
                "GP": 5266.400000000001,
                "GS": 5254.400000000002,
                "IF": 60281.600000000006,
                "PL": 44211.399999999994,
                "TM": 42.599999999999994,
                "WT": 5.1
            }
        },
        "IMBAL": {
            "C1-MX": {
                "GP": 0.0
            },
            "C2-MX": {
                "GP": 0.0,
                "GS": 0.0,
                "PL": 0.0
            },
            "C2-SP": {
                "PL": 0.0
            },
            "C3-MX": {
                "GP": 0.0,
                "GS": 0.0,
                "PL": 0.0
            },
            "C3-SP": {
                "GP": 0.0,
                "TM": 0.0
            },
            "C4-MX": {
                "GP": 0.0,
                "GS": 0.0,
                "PL": 0.0
            },
            "C4-SP": {
                "GP": 0.0
            },
            "C5-MX": {
                "GP": 0.0,
                "GS": 0.0,
                "PL": 0.0
            },
            "C5-SP": {
                "GP": 0.0,
                "GS": 0.0
            },
            "CO2": {
                "BT": 0.0,
                "GP": 0.0
            },
            "CO2-SP": {
                "PL": 0.0
            },
            "HELIUM": {
                "BT": 0.0,
                "GP": 0.0
            },
            "OIL": {
                "BT": 0.0,
                "CT": 0.0,
                "IF": 0.0,
                "PL": 0.0,
                "TM": 0.0
            }
        },
        "INJ": {
            "ACGAS": {
                "IF": 934.6
            },
            "BRINE": {
                "IF": 4116354.5
            },
            "GAS": {
                "IF": 1674.7
            },
            "POLYMER": {
                "IF": 987277.3999999993
            },
            "STEAM": {
                "IF": 847353.1999999998
            },
            "WASTE": {
                "IF": 43693.2
            },
            "WATER": {
                "IF": 29571056.299999956
            }
        },
        "INVADJ": {
            "C4-SP": {
                "PL": 36.2
            },
            "COND": {
                "PL": -97.39999999999999
            },
            "OIL": {
                "PL": -2834.1000000000004
            },
            "WATER": {
                "PL": -42.4
            }
        },
        "INVCL": {
            "C2-MX": {
                "GP": 24.599999999999998
            },
            "C2-SP": {
                "PL": 1118.8
            },
            "C3-MX": {
                "GP": 850.6999999999999
            },
            "C3-SP": {
                "GP": 1929.2,
                "TM": 323.5
            },