{
    "year": 2023,
    "month": "07",
    "pt": "Saskatchewan",
    "includes_ghgrp": false,
    "volume_by_activity": {
        "DIFF": {
            "GAS": {
                "BT": 0.0,
                "CT": 0.0,
                "GP": 2438.6,
                "GS": -2280.5999999999995,
                "IF": 0.0,
                "PL": 10833.3,
                "TM": 0.0,
                "WT": 0.0
            },
            "SOLV": {
                "BT": 0.0,
                "IF": 3975.3
            },
            "WASTE": {
                "IF": 0.0
            },
            "WATER": {
                "BT": 0.0,
                "CT": 0.0,
                "GP": -0.4,
                "GS": 0.0,
                "IF": -1682.1999999999982,
                "PL": 0.0,
                "TM": 1.5,
                "WT": -2912.8999999999996
            }
        },
        "DISP": {
            "C1-MX": {
                "GP": 10.5
            },
            "C2-MX": {
                "GP": 188.0,
                "PL": 141.4
            },
            "C2-SP": {
                "GP": 1325.5,
                "PL": 1325.5
            },
            "C3-MX": {
                "GP": 10898.6,
                "PL": 7351.1
            },
            "C3-SP": {
                "GP": 11091.599999999999,
                "TM": 12587.8
            },
            "C4-MX": {
                "GP": 977.6
            },
            "C4-SP": {
                "GP": 7120.1,
                "PL": 1090.7,
                "TM": 26174.599999999995
            },
            "C5-MX": {
                "GP": 1836.4,
                "PL": 1107.7
            },
            "C5-SP": {
                "GP": 1191.0,
                "PL": 169.2
            },
            "CO2": {
                "BT": 348.7
            },
            "CO2-MX": {
                "BT": 71653.3
            },
            "CO2-SP": {
                "PL": 34622.4
            },
            "COND": {
                "BT": 309.4,
                "GP": 5379.7,
                "GS": 4630.8,
                "PL": 77474.29999999999,
                "TM": 17603.5
            },
            "FSHWTR": {
                "BT": 9336.0,
                "IF": 5738.8,
                "WT": 3122657.0999999996
            },
            "GAS": {
                "BT": 308808.3000000002,
                "GP": 68347.3,
                "GS": 225497.60000000015,
                "IF": 0.0,
                "PL": 794321.8
            },
            "HELIUM": {
                "BT": 338.7,
                "GP": 276.3
            },
            "IC4-MX": {
                "GP": 1352.1,
                "PL": 854.1
            },
            "IC5-MX": {
                "GP": 67.1
            },
            "N2": {
                "BT": 42861.0
            },
            "NC4-MX": {
                "GP": 2370.1,
                "PL": 2370.1
            },
            "OIL": {
                "BT": 1834397.100000002,
                "CT": 192374.5,
                "GP": 3020.2999999999997,
                "GS": 53.3,
                "IF": 2814.5999999999995,
                "PL": 3553467.9,
                "TM": 984811.9000000004
            },
            "POLYMER": {
                "BT": 137894.2,
                "IF": 20111.0
            },
            "SAND": {
                "BT": 5535.900000000004,
                "CT": 210.1,
                "GP": 0.5,
                "GS": 0.1,
                "IF": 385.30000000000007,
                "PL": 62.8,
                "TM": 128.4
            },
            "SYNCRD": {
                "PL": 290731.1
            },
            "WATER": {
                "BT": 25507511.399999976,
                "CT": 102179.20000000001,
                "GP": 576.9000000000001,
                "GS": 765.9,
                "IF": 46853.1,
                "PL": 5473.300000000001,
                "TM": 10680.099999999999,
                "WT": 1110850.9
            }
        },
        "FLARE": {
            "ACGAS": {
                "GP": 696.9
            },
            "ENTGAS": {
                "CT": 6.3,
                "IF": 0.2
            },
            "GAS": {
                "BT": 34629.60000000001,
                "CT": 65.5,
                "GP": 1110.2,
                "GS": 1162.5,
                "IF": 29.5,
                "PL": 8.5,
                "TM": 175.0
            }
        },
        "FRAC": {
            "C3-MX": {
                "GP": -531.6
            },
            "C3-SP": {
                "GP": 531.6
            },
            "C4-SP": {
                "GP": 1948.9
            },
            "C5-SP": {
                "GP": 1217.4
            },
            "IC4-MX": {
                "GP": -1948.9
            },
            "IC5-MX": {
                "GP": -1217.4
            },
            "NC4-MX": {
                "GP": 0.0
            },
            "NC5-MX": {
                "GP": 0.0
            }
        },
        "FUEL": {
            "GAS": {
                "BT": 37228.79999999999,
                "CT": 814.4,
                "GP": 5070.599999999999,
                "GS": 5991.400000000001,
                "IF": 3688.5,
                "PL": 1059.1,
                "TM": 22.200000000000003,
                "WT": 2.5
            }
        },
        "IMBAL": {
            "C1-MX": {
                "GP": 0.0
            },
            "C2-MX": {
                "GP": 0.0,
                "PL": 0.0
            },
            "C2-SP": {
                "GP": 0.0,
                "PL": 0.0
            },
            "C3-MX": {
                "GP": 0.0,
                "PL": 0.0
            },
            "C3-SP": {
                "GP": 0.0,
                "TM": 0.0
            },
            "C4-MX": {
                "GP": 0.0,
                "PL": 0.0
            },
            "C4-SP": {
                "GP": 0.0
            },
            "C5-MX": {
                "GP": 0.0,
                "PL": 0.0
            },
            "C5-SP": {
                "GP": 0.0,
                "GS": 0.0
            },
            "CO2": {
                "BT": 0.0,
                "GP": 0.0
            },
            "CO2-SP": {
                "PL": 0.0
            },
            "HELIUM": {
                "BT": 0.0,
                "GP": 0.0
            },
            "OIL": {
                "BT": 0.0,
                "CT": 0.0,
                "IF": 0.0,
                "PL": 0.0,
                "TM": 22.4
            }
        },
        "INJ": {
            "BRINE": {
                "IF": 2733556.1
            },
            "GAS": {
                "IF": 467.1
            },
            "OIL": {
                "IF": 8.0
            },
            "POLYMER": {
                "IF": 984921.3000000005
            },
            "STEAM": {
                "IF": 48609.40000000001
            },
            "WASTE": {
                "IF": 34541.1
            },
            "WATER": {
                "IF": 28645197.69999998
            }
        },
        "INVADJ": {
            "C4-SP": {
                "PL": 22.7
            },
            "COND": {
                "PL": -57.0
            },
            "OIL": {
                "PL": -1878.7
            },
            "WATER": {
                "PL": 366.1
            }
        },
        "INVCL": {
            "C2-MX": {
                "GP": 23.3
            },
            "C2-SP": {
                "PL": 1118.8
            },
            "C3-MX": {
                "GP": 918.9
            },
            "C3-SP": {
                "GP": 460.09999999999997,
                "TM": 341.8
            },
            "C4-MX": {
                "GP": 127.0
            },
            "C4-SP": {
                "GP": 500.5,
                "PL": 421.8,
                "TM": 11316.0
            },
            "C5-MX": {
                "GP": 30.8
            },