{
    "year": 2022,
    "month": "07",
    "pt": "Saskatchewan",
    "includes_ghgrp": false,
    "volume_by_activity": {
        "DIFF": {
            "GAS": {
                "BT": 0.0,
                "CT": 0.0,
                "GP": 272.5,
                "GS": 505.3999999999998,
                "IF": 0.0,
                "PL": 10670.5,
                "TM": 0.0,
                "WT": 0.0
            },
            "SOLV": {
                "BT": 0.0,
                "IF": 6179.5
            },
            "WASTE": {
                "IF": 0.0
            },
            "WATER": {
                "BT": 0.0,
                "CT": 0.0,
                "GP": 0.0,
                "GS": 0.0,
                "IF": 58441.09999999999,
                "PL": -5.9,
                "TM": 0.6,
                "WT": -20998.100000000002
            }
        },
        "DISP": {
            "C2-MX": {
                "GP": 116.80000000000001,
                "GS": 4.5,
                "PL": 83.0
            },
            "C3-MX": {
                "GP": 8659.800000000001,
                "GS": 9.1,
                "PL": 4069.0
            },
            "C3-SP": {
                "GP": 10873.9,
                "TM": 12142.5
            },
            "C4-MX": {
                "GP": 784.1999999999999
            },
            "C4-SP": {
                "GP": 7764.5,
                "TM": 21559.3
            },
            "C5-MX": {
                "GP": 1402.8000000000002,
                "PL": 753.7
            },
            "C5-SP": {
                "GP": 41.0
            },
            "CO2": {
                "BT": 386.7
            },
            "CO2-MX": {
                "BT": 67973.90000000001
            },
            "CO2-SP": {
                "PL": 35478.5
            },
            "COND": {
                "GP": 8307.9,
                "GS": 3620.0,
                "PL": 77643.19999999998,
                "TM": 15852.999999999998
            },
            "FSHWTR": {
                "IF": 25596.2,
                "WT": 2981786.0
            },
            "GAS": {
                "BT": 293974.10000000044,
                "GP": 64180.799999999996,
                "GS": 219877.09999999995,
                "PL": 694014.9
            },
            "HELIUM": {
                "BT": 218.3,
                "GP": 183.79999999999998
            },
            "IC4-MX": {
                "GP": 2045.8,
                "PL": 1475.7
            },
            "IC5-MX": {
                "GP": 74.4
            },
            "N2": {
                "BT": 28427.2
            },
            "NC4-MX": {
                "GP": 3974.9,
                "GS": 25.1,
                "PL": 3919.9
            },
            "NC5-MX": {
                "GS": 86.0
            },
            "OIL": {
                "BT": 1739408.7000000048,
                "CT": 170797.9,
                "GP": 1351.8,
                "IF": 1562.8999999999999,
                "PL": 3356928.1000000006,
                "TM": 1019381.1
            },
            "POLYMER": {
                "BT": 62161.1,
                "IF": 26483.1
            },
            "SAND": {
                "BT": 6012.099999999997,
                "CT": 148.29999999999998,
                "GP": 0.1,
                "IF": 242.30000000000004,
                "PL": 36.8,
                "TM": 103.3
            },
            "SYNCRD": {
                "PL": 289499.6
            },
            "WATER": {
                "BT": 24867910.000000007,
                "CT": 116936.5,
                "GP": 389.90000000000003,
                "GS": 1030.8,
                "IF": 23431.500000000007,
                "PL": 4780.200000000001,
                "TM": 14824.099999999997,
                "WT": 1024906.4000000001
            }
        },
        "FLARE": {
            "ACGAS": {
                "GP": 672.1999999999999
            },
            "ENTGAS": {
                "CT": 16.5
            },
            "GAS": {
                "BT": 35646.30000000008,
                "CT": 65.0,
                "GP": 1449.1000000000001,
                "GS": 629.5,
                "TM": 158.2
            }
        },
        "FRAC": {
            "C3-MX": {
                "GP": -451.4
            },
            "C3-SP": {
                "GP": 451.4
            },
            "C4-SP": {
                "GP": 1767.8
            },
            "C5-SP": {
                "GP": 977.1
            },
            "IC4-MX": {
                "GP": -1767.8
            },
            "IC5-MX": {
                "GP": -977.1
            },
            "NC4-MX": {
                "GP": 0.0
            },
            "NC5-MX": {
                "GP": 0.0
            }
        },
        "FUEL": {
            "GAS": {
                "BT": 36389.59999999998,
                "CT": 721.6999999999999,
                "GP": 4813.499999999999,
                "GS": 6579.400000000001,
                "IF": 2174.2000000000003,
                "PL": 0.0,
                "TM": 20.1,
                "WT": 2.6
            }
        },
        "IMBAL": {
            "C2-MX": {
                "GP": 0.0,
                "GS": 0.0,
                "PL": 0.0
            },
            "C2-SP": {
                "PL": 0.0
            },
            "C3-MX": {
                "GP": 0.0,
                "GS": 0.0,
                "PL": 0.0
            },
            "C3-SP": {
                "GP": 0.0,
                "TM": 0.0
            },
            "C4-MX": {
                "GP": 0.0,
                "GS": 0.0,
                "PL": 0.0
            },
            "C4-SP": {
                "GP": 0.0
            },
            "C5-MX": {
                "GP": 0.0,
                "GS": 0.0,
                "PL": 0.0
            },
            "C5-SP": {
                "GP": 0.0,
                "GS": 0.0
            },
            "CO2": {
                "BT": 0.0,
                "GP": 0.0
            },
            "CO2-SP": {
                "PL": 0.0
            },
            "HELIUM": {
                "BT": 0.0,
                "GP": 0.0
            },
            "OIL": {
                "BT": 0.0,
                "CT": 0.0,
                "PL": 0.0,
                "TM": 0.0
            }
        },
        "INJ": {
            "AIR": {
                "IF": 748.5
            },
            "BRINE": {
                "IF": 4053080.1
            },
            "GAS": {
                "IF": 446.8
            },
            "POLYMER": {
                "IF": 829264.8999999997
            },
            "STEAM": {
                "IF": 32609.800000000003
            },
            "WASTE": {
                "IF": 40679.5
            },
            "WATER": {
                "IF": 27820263.29999997
            }
        },
        "INVADJ": {
            "C4-SP": {
                "PL": 12.8
            },
            "COND": {
                "PL": -185.1
            },
            "OIL": {
                "PL": 576.3
            },
            "WATER": {
                "PL": -211.2
            }
        },
        "INVCL": {
            "C2-MX": {
                "GP": 42.800000000000004
            },
            "C2-SP": {
                "PL": 1118.8
            },
            "C3-MX": {
                "GP": 1869.8
            },
            "C3-SP": {
                "GP": 978.9
            },
            "C4-MX": {
                "GP": 106.3
            },
            "C4-SP": {
                "GP": 429.0,
                "PL": 581.2,
                "TM": 11060.5
            },
            "C5-MX": {
                "GP": 39.7
            },
            "C5-SP": {
                "GP": 558.8
            },
            "CO2-SP": {
                "IF": 0.0
            },
            "COND": {
                "GP": 166.00000000000003,
                "GS": 825.5999999999999,
                "IF": 6.0,