{
    "year": 2023,
    "month": "05",
    "pt": "Saskatchewan",
    "includes_ghgrp": false,
    "volume_by_activity": {
        "DIFF": {
            "GAS": 13317.000000000002,
            "SOLV": -808.5,
            "WASTE": 0.0,
            "WATER": 76411.90000000002
        },
        "DISP": {
            "C1-MX": 11.4,
            "C2-MX": 264.3,
            "C3-MX": 11955.7,
            "C3-SP": 28954.9,
            "C4-MX": 780.9,
            "C4-SP": 32895.0,
            "C5-MX": 3481.6000000000004,
            "C5-SP": 3.8,
            "CO2": 367.00000000000006,
            "CO2-MX": 57712.80000000001,
            "CO2-SP": 34443.8,
            "COND": 113140.30000000002,
            "FSHWTR": 3012539.499999999,
            "GAS": 5033068.8,
            "HELIUM": 622.2,
            "IC4-MX": 2636.0,
            "IC5-MX": 133.6,
            "N2": 42295.00000000001,
            "NC4-MX": 5933.700000000001,
            "OIL": 6613577.200000001,
            "POLYMER": 176892.90000000002,
            "SAND": 6867.2000000000135,
            "SYNCRD": 222139.2,
            "WATER": 26267567.399999984
        },
        "FLARE": {
            "ACGAS": 694.9000000000001,
            "ENTGAS": 17.5,
            "GAS": 36556.5
        },
        "FRAC": {
            "C3-MX": -959.8,
            "C3-SP": 959.8,
            "C4-SP": 2142.8,
            "C5-SP": 1272.5,
            "IC4-MX": -2142.8,
            "IC5-MX": -1272.5,
            "NC4-MX": 0.0,
            "NC5-MX": 0.0
        },
        "FUEL": {
            "GAS": 161666.79999999984
        },
        "IMBAL": {
            "C1-MX": 0.0,
            "C2-MX": 0.0,
            "C2-SP": 0.0,
            "C3-MX": 0.0,
            "C3-SP": 0.0,
            "C4-MX": 0.0,
            "C4-SP": 0.0,
            "C5-MX": 0.0,
            "C5-SP": 0.0,
            "CO2": 0.0,
            "CO2-SP": 0.0,
            "HELIUM": 0.0,
            "OIL": 671.9
        },
        "INJ": {
            "AIR": 3066.5,
            "BRINE": 2749808.0,
            "GAS": 456.3,
            "POLYMER": 897417.3999999999,
            "STEAM": 993607.2000000001,
            "WASTE": 23833.5,
            "WATER": 27720084.900000002
        },
        "INVADJ": {
            "C4-SP": -63.1,
            "COND": -285.1,
            "OIL": -1313.2,
            "WATER": 364.9
        },
        "INVCL": {
            "C2-MX": 23.7,
            "C2-SP": 1118.8,
            "C3-MX": 1320.2,
            "C3-SP": 946.0999999999999,
            "C4-MX": 63.099999999999994,
            "C4-SP": 12053.0,
            "C5-MX": 15.100000000000001,
            "C5-SP": 479.09999999999997,
            "CO2-SP": 0.0,
            "COND": 16154.799999999997,
            "FSHWTR": 4560.900000000001,
            "GAS": 177376.6,
            "HELIUM": 32.5,
            "IC4-MX": 180.79999999999998,
            "IC5-MX": 0.0,
            "NC4-MX": 487.40000000000003,
            "NC5-MX": 328.1,
            "OIL": 601643.8999999997,
            "WATER": 391331.2000000004
        },
        "INVOP": {
            "C2-MX": 40.300000000000004,
            "C2-SP": 1118.8,
            "C3-MX": 2427.1000000000004,
            "C3-SP": 1827.3,
            "C4-MX": 95.39999999999999,
            "C4-SP": 12592.699999999999,
            "C5-MX": 33.9,
            "C5-SP": 466.4,
            "CO2-SP": 0.0,
            "COND": 20678.799999999996,
            "FSHWTR": 4580.3,
            "GAS": 172403.5,
            "HELIUM": 24.1,
            "IC4-MX": 306.5,
            "IC5-MX": 0.0,
            "NC4-MX": 825.5,
            "NC5-MX": 557.9,
            "OIL": 758497.0000000003,
            "WATER": 400557.1000000004
        },
        "LDINJ": {
            "COND": 34.0,
            "OIL": 1704.1999999999998,
            "WATER": 21211.199999999997
        },
        "LDINVADJ": {
            "OIL": -11.1,
            "WATER": -29337.199999999997
        },
        "LDINVCL": {
            "COND": 20.6,
            "OIL": 3361.0000000000014,
            "WATER": 555835.3
        },
        "LDINVOP": {
            "COND": 2.6,
            "OIL": 3059.7000000000016,
            "WATER": 604768.9000000001
        },
        "LDREC": {
            "COND": 16.0,
            "OIL": 1396.1000000000004,
            "WATER": 40809.199999999975
        },
        "PROC": {
            "C1-MX": 11.4,
            "C2-MX": 144.70000000000002,
            "C3-MX": 5159.199999999999,
            "C3-SP": 12450.900000000001,
            "C4-MX": 3854.2,
            "C4-SP": 5309.1,
            "C5-MX": 1967.3,
            "C5-SP": 9559.1
        },
        "PROD": {
            "CO2": 427.1,
            "FSHWTR": 1908933.9000000001,
            "GAS": 294458.9999999971,
            "HELIUM": 332.2,
            "N2": 44080.8,
            "OIL": 1517351.4000000006,
            "WATER": 24898697.800000038
        },
        "PURDISP": {
            "OIL": 2035.5999999999997
        },
        "PURREC": {
            "OIL": 1103.6
        },
        "REC": {
            "BRINE": 2266544.5,
            "C2-MX": 103.0,
            "C3-MX": 6652.4,
            "C3-SP": 14663.0,
            "C4-MX": 199.7,
            "C4-SP": 53586.7,
            "C5-MX": 1508.0,
            "C5-SP": 3.8,
            "CO2": 367.0,
            "CO2-MX": 691306.9,
            "CO2-SP": 68887.6,
            "COND": 267927.89999999997,
            "FSHWTR": 2819473.0,
            "GAS": 4976454.299999999,
            "HELIUM": 298.40000000000003,
            "IC4-MX": 3423.8,
            "IC5-MX": 1272.5,
            "N2": 42295.0,
            "NC4-MX": 3719.3,
            "NC5-MX": 0.0,
            "OIL": 4746665.800000001,
            "POLYMER": 176892.90000000002,
            "SYNCRD": 222357.4,
            "WASTE": 23833.5,
            "WATER": 29796405.899999984
        },
        "SHR": {
            "ACGAS": 54.9,
            "C1-MX": 5.1,
            "C2-MX": 40.800000000000004,
            "C3-MX": 1403.8999999999999,
            "C3-SP": 3388.3,
            "C4-MX": 916.0999999999999,
            "C4-SP": 1261.9,
            "C5-MX": 406.6,
            "C5-SP": 1975.7000000000003,
            "COND": 48.5,
            "OIL": 4823.599999999999
        },
        "SHUTIN": {},
        "STINJ": {
            "CO2-MX": 727583.1,
            "GAS": 2564.7999999999997
        },
        "STINVCL": {
            "C3-MX": 0.0,
            "CO2-MX": 44406312.9,
            "GAS": 14417.400000000001
        },
        "STINVOP": {
            "C3-MX": 0.0,
            "CO2-MX": 44221054.49999999,
            "GAS": 13237.1
        },
        "STREC": {
            "CO2-MX": 56677.4,
            "GAS": 5788.3
        },
        "VENT": {
            "CO2": 427.09999999999997,
            "CO2-MX": 1215.8000000000002,
            "ENTGAS": 1.3,
            "GAS": 13357.800000000167,
            "N2": 44080.799999999996
        }
    }
}