{
    "year": 2022,
    "month": "02",
    "pt": "Saskatchewan",
    "includes_ghgrp": false,
    "volume_by_activity": {
        "DIFF": {
            "GAS": {
                "BT": 0.0,
                "CT": 0.0,
                "GP": 748.5,
                "GS": 431.09999999999997,
                "IF": -188.60000000000005,
                "PL": 33827.0,
                "TM": 0.0,
                "WT": 0.0
            },
            "SOLV": {
                "BT": 0.0,
                "IF": 1956.6
            },
            "WASTE": {
                "IF": -4.0
            },
            "WATER": {
                "BT": 0.0,
                "CT": 0.0,
                "GP": 6.7,
                "GS": 0.0,
                "IF": 17276.4,
                "PL": -1.6,
                "TM": 19.7,
                "WT": -4453.400000000001
            }
        },
        "DISP": {
            "C2-MX": {
                "GP": 122.5,
                "GS": 6.4,
                "PL": 88.1
            },
            "C3-MX": {
                "GP": 4381.3,
                "GS": 10.9,
                "PL": 3901.9
            },
            "C3-SP": {
                "GP": 14601.8,
                "TM": 7837.5
            },
            "C4-MX": {
                "GP": 631.9,
                "GS": 24.0
            },
            "C4-SP": {
                "GP": 6992.5,
                "TM": 25825.9
            },
            "C5-MX": {
                "GP": 1224.3,
                "GS": 67.2,
                "PL": 817.5
            },
            "C5-SP": {
                "GP": 20.9
            },
            "CO2": {
                "BT": 120.89999999999999
            },
            "CO2-MX": {
                "BT": 43742.0
            },
            "CO2-SP": {
                "PL": 28982.1
            },
            "COND": {
                "GP": 5354.8,
                "GS": 3344.8,
                "PL": 103327.0,
                "TM": 7071.700000000001
            },
            "FSHWTR": {
                "IF": 13094.3,
                "WT": 2541664.3
            },
            "GAS": {
                "BT": 263655.1999999997,
                "GP": 59340.90000000001,
                "GS": 192513.30000000005,
                "PL": 4695877.5
            },
            "HELIUM": {
                "BT": 99.2,
                "GP": 68.7
            },
            "IC4-MX": {
                "GP": 650.2,
                "PL": 592.1
            },
            "IC5-MX": {
                "GP": 35.4
            },
            "N2": {
                "BT": 10050.3
            },
            "NC4-MX": {
                "GP": 1430.1,
                "PL": 1430.1
            },
            "OIL": {
                "BT": 1598688.2000000014,
                "CT": 172802.3,
                "GP": 1151.9,
                "IF": 1850.5999999999997,
                "PL": 3073153.6,
                "TM": 838269.4
            },
            "POLYMER": {
                "IF": 23297.0
            },
            "SAND": {
                "BT": 4687.600000000005,
                "CT": 261.7,
                "GP": 0.7,
                "IF": 320.8999999999999,
                "PL": 46.6,
                "TM": 114.60000000000001
            },
            "SYNCRD": {
                "PL": 241694.0
            },
            "WATER": {
                "BT": 22519139.099999953,
                "CT": 111107.8,
                "GP": 226.10000000000002,
                "GS": 663.1,
                "IF": 245108.70000000013,
                "PL": 4559.6,
                "TM": 12200.9,
                "WT": 851758.7999999999
            }
        },
        "FIRE": {
            "OIL": {
                "BT": 26.5
            }
        },
        "FLARE": {
            "ACGAS": {
                "GP": 526.7
            },
            "ENTGAS": {
                "CT": 4.4
            },
            "GAS": {
                "BT": 31022.799999999945,
                "CT": 23.7,
                "GP": 1373.2,
                "GS": 162.20000000000002,
                "TM": 182.7
            }
        },
        "FRAC": {
            "C3-MX": {
                "GP": -279.3
            },
            "C3-SP": {
                "GP": 279.3
            },
            "C4-SP": {
                "GP": 1169.4
            },
            "C5-SP": {
                "GP": 930.2
            },
            "IC4-MX": {
                "GP": -1169.4
            },
            "IC5-MX": {
                "GP": -930.2
            },
            "NC4-MX": {
                "GP": 0.0
            },
            "NC5-MX": {
                "GP": 0.0
            }
        },
        "FUEL": {
            "GAS": {
                "BT": 40218.89999999952,
                "CT": 1183.2,
                "GP": 4065.0,
                "GS": 6494.2,
                "IF": 56315.19999999998,
                "PL": 52537.4,
                "TM": 21.2,
                "WT": 1.5
            }
        },
        "IMBAL": {
            "C2-MX": {
                "GP": 0.0,
                "GS": 0.0,
                "PL": 0.0
            },
            "C2-SP": {
                "PL": 0.0
            },
            "C3-MX": {
                "GP": 0.0,
                "GS": 0.0,
                "PL": 0.0
            },
            "C3-SP": {
                "GP": 0.0,
                "TM": 0.0
            },
            "C4-MX": {
                "GP": 0.0,
                "GS": 0.0,
                "PL": 0.0
            },
            "C4-SP": {
                "GP": 0.0
            },
            "C5-MX": {
                "GP": 0.0,
                "GS": 0.0,
                "PL": 0.0
            },
            "C5-SP": {
                "GP": 0.0,
                "GS": 0.0
            },
            "CO2": {
                "BT": 0.0,
                "GP": 0.0
            },
            "CO2-SP": {
                "PL": 0.0
            },
            "HELIUM": {
                "BT": 0.0,
                "GP": 0.0
            },
            "OIL": {
                "BT": 0.0,
                "CT": 0.0,
                "IF": 0.0,
                "PL": 0.0,
                "TM": 0.0
            }
        },
        "INJ": {
            "AIR": {
                "IF": 4900.200000000001
            },
            "BRINE": {
                "IF": 3701889.7
            },
            "GAS": {
                "IF": 386.8
            },
            "OIL": {
                "IF": 4.6
            },
            "POLYMER": {
                "IF": 692423.2000000001
            },
            "STEAM": {
                "IF": 737420.8999999996
            },
            "WASTE": {
                "IF": 52221.9
            },
            "WATER": {
                "IF": 24725331.79999997
            }
        },
        "INVADJ": {
            "C4-SP": {
                "PL": 24.4
            },
            "COND": {
                "PL": 907.8
            },
            "OIL": {
                "PL": -1230.8000000000002
            },
            "WATER": {
                "PL": -188.60000000000002
            }
        },
        "INVCL": {
            "C2-MX": {
                "GP": 12.999999999999998
            },
            "C2-SP": {
                "PL": 1118.8
            },
            "C3-MX": {
                "GP": 587.6999999999999
            },
            "C3-SP": {
                "GP": 1099.0
            },
            "C4-MX": {
                "GP": 174.3
            },
            "C4-SP": {
                "GP": 564.0,
                "PL": 389.2,
                "TM": 261.8
            },
            "C5-MX": {
                "GP": 43.7
            },
            "C5-SP": {
                "GP": 317.09999999999997
            },
            "CO2-SP": {
                "IF": 0.0
            },
            "COND": {
                "GP": 76.1,
                "GS": 517.1,
                "IF": 6.0,