{
    "year": 2025,
    "month": "04",
    "pt": "Saskatchewan",
    "includes_ghgrp": false,
    "volume_by_activity": {
        "DIFF": {
            "GAS": 72357.0,
            "SOLV": 3185.4,
            "WASTE": 2.9,
            "WATER": 17347.899999999998
        },
        "DISP": {
            "ACGAS": 222.0,
            "C2-MX": 210.6,
            "C3-MX": 26603.9,
            "C3-SP": 16519.2,
            "C4-MX": 0.0,
            "C4-SP": 27179.300000000003,
            "C5-MX": 1272.8,
            "C5-SP": 2033.8000000000002,
            "CO2": 905.1999999999998,
            "CO2-MX": 69407.89999999998,
            "CO2-SP": 13567.3,
            "COND": 94896.09999999999,
            "FSHWTR": 3278033.0000000005,
            "GAS": 5975825.699999999,
            "HELIUM": 836.8,
            "IC4-MX": 2086.8,
            "IC5-MX": 272.7,
            "N2": 59799.7,
            "NC4-MX": 4106.4,
            "NC5-MX": 633.6999999999999,
            "OIL": 6099107.800000004,
            "POLYMER": 171294.4,
            "SAND": 4211.999999999995,
            "SYNCRD": 257566.2,
            "WATER": 26784398.600000046
        },
        "FLARE": {
            "ACGAS": 230.8,
            "ENTGAS": 511.3,
            "GAS": 39365.40000000002
        },
        "FRAC": {
            "C3-MX": -942.9,
            "C3-SP": 942.9,
            "C4-SP": 2184.0,
            "C5-SP": 1691.1,
            "IC4-MX": -2184.0,
            "IC5-MX": -1691.1,
            "NC4-MX": 0.0,
            "NC5-MX": 0.0
        },
        "FUEL": {
            "GAS": 185442.19999999995
        },
        "IMBAL": {
            "C2-MX": 0.0,
            "C2-SP": 0.0,
            "C3-MX": 0.0,
            "C3-SP": 0.0,
            "C4-MX": 0.0,
            "C4-SP": 0.0,
            "C5-MX": 0.0,
            "C5-SP": 0.0,
            "CO2": 0.0,
            "CO2-SP": 0.0,
            "HELIUM": 0.0,
            "OIL": 0.0
        },
        "INJ": {
            "ACGAS": 453.0,
            "BRINE": 3260559.0,
            "GAS": 587.0,
            "POLYMER": 961435.1,
            "STEAM": 871403.0,
            "WASTE": 54366.4,
            "WATER": 28656589.80000001
        },
        "INVADJ": {
            "C4-SP": 14.7,
            "COND": -245.8,
            "OIL": -1977.2,
            "WATER": -55.80000000000001
        },
        "INVCL": {
            "C2-MX": 58.00000000000001,
            "C2-SP": 1118.8,
            "C3-MX": 1473.5,
            "C3-SP": 1704.6,
            "C4-MX": 41.4,
            "C4-SP": 12280.8,
            "C5-MX": 27.9,
            "C5-SP": 278.9,
            "CO2-SP": 0.0,
            "COND": 18483.999999999996,
            "FSHWTR": 11508.599999999999,
            "GAS": 189536.7,
            "HELIUM": 34.300000000000004,
            "IC4-MX": 303.2,
            "IC5-MX": 0.0,
            "NC4-MX": 602.7,
            "NC5-MX": 300.1,
            "OIL": 631817.6000000007,
            "WATER": 389775.8999999995
        },
        "INVOP": {
            "C2-MX": 64.4,
            "C2-SP": 1118.8,
            "C3-MX": 1662.1000000000001,
            "C3-SP": 2027.5,
            "C4-MX": 31.1,
            "C4-SP": 12172.400000000001,
            "C5-MX": 21.1,
            "C5-SP": 365.7,
            "CO2-SP": 0.0,
            "COND": 15443.6,
            "FSHWTR": 11900.6,
            "GAS": 191350.2,
            "HELIUM": 22.6,
            "IC4-MX": 296.9,
            "IC5-MX": 0.0,
            "NC4-MX": 684.6,
            "NC5-MX": 341.0,
            "OIL": 633740.0999999999,
            "WATER": 386630.9000000004
        },
        "LDINJ": {
            "OIL": 1505.8000000000006,
            "WATER": 14170.7
        },
        "LDINVADJ": {
            "OIL": -23.1,
            "WATER": 359.1
        },
        "LDINVCL": {
            "COND": 2.6,
            "OIL": 2846.1000000000013,
            "WATER": 462956.60000000015
        },
        "LDINVOP": {
            "COND": 2.6,
            "OIL": 2591.500000000001,
            "WATER": 485062.09999999986
        },
        "LDREC": {
            "OIL": 1228.1000000000001,
            "WATER": 36635.299999999996
        },
        "PROC": {
            "C2-MX": 98.9,
            "C3-MX": 10235.3,
            "C3-SP": 7288.1,
            "C4-MX": 2991.9,
            "C4-SP": 3633.6,
            "C5-MX": 1488.3999999999999,
            "C5-SP": 6516.3
        },
        "PROD": {
            "CO2": 902.4000000000001,
            "COND": 0.1,
            "FSHWTR": 1833227.0,
            "GAS": 255745.60000000047,
            "HELIUM": 423.59999999999997,
            "N2": 59188.299999999996,
            "OIL": 1389198.1000000013,
            "WATER": 25558255.600000046
        },
        "PURDISP": {
            "OIL": 3670.099999999999
        },
        "PURREC": {
            "OIL": 2176.8
        },
        "REC": {
            "ACGAS": 675.0,
            "BRINE": 2582436.4,
            "C2-MX": 105.3,
            "C3-MX": 17124.5,
            "C3-SP": 7965.3,
            "C4-MX": 116.8,
            "C4-SP": 52169.400000000016,
            "C5-MX": 726.6,
            "C5-SP": 1253.9,
            "CO2": 905.1999999999999,
            "CO2-MX": 649225.7,
            "CO2-SP": 27134.6,
            "COND": 253543.59999999998,
            "FSHWTR": 3235363.0999999996,
            "GAS": 6030606.600000001,
            "HELIUM": 424.9,
            "IC4-MX": 3024.6000000000004,
            "IC5-MX": 1711.3999999999999,
            "N2": 59799.700000000004,
            "NC4-MX": 2295.4,
            "NC5-MX": 0.0,
            "OIL": 4520470.300000001,
            "POLYMER": 171294.4,
            "SYNCRD": 257633.9,
            "WASTE": 54369.3,
            "WATER": 30602859.60000001
        },
        "SHR": {
            "ACGAS": 51.7,
            "C2-MX": 27.8,
            "C3-MX": 2785.3999999999996,
            "C3-SP": 1983.2,
            "C4-MX": 711.2000000000002,
            "C4-SP": 863.6,
            "C5-MX": 307.70000000000005,
            "C5-SP": 1346.7999999999997,
            "COND": 58.699999999999996,
            "OIL": 4573.300000000001
        },
        "SHUTIN": {},
        "STINJ": {
            "CO2-MX": 646778.7999999999,
            "GAS": 3532.6000000000004
        },
        "STINVCL": {
            "C3-MX": 0.0,
            "CO2-MX": 48422042.6,
            "GAS": 24419.1
        },
        "STINVOP": {
            "C3-MX": 0.0,
            "CO2-MX": 48285575.400000006,
            "GAS": 24389.0
        },
        "STREC": {
            "CO2-MX": 58697.60000000001,
            "GAS": 7476.4
        },
        "VENT": {
            "CO2": 902.3999999999999,
            "CO2-MX": 135.3,
            "ENTGAS": 1.0,
            "GAS": 9319.000000000124,
            "N2": 59188.3
        }
    }
}