{
    "year": 2024,
    "month": "03",
    "pt": "Saskatchewan",
    "includes_ghgrp": false,
    "volume_by_activity": {
        "DIFF": {
            "GAS": 27952.800000000003,
            "SOLV": 2687.1,
            "WASTE": 0.0,
            "WATER": -13400.5
        },
        "DISP": {
            "ACGAS": 517.0,
            "C1-MX": 12.8,
            "C2-MX": 370.20000000000005,
            "C3-MX": 18223.9,
            "C3-SP": 25511.6,
            "C4-MX": 1042.8999999999999,
            "C4-SP": 28697.800000000003,
            "C5-MX": 2518.1,
            "C5-SP": 16.2,
            "CO2": 594.1000000000001,
            "CO2-MX": 75157.49999999999,
            "CO2-SP": 17359.7,
            "COND": 95517.90000000001,
            "FSHWTR": 3120276.7999999993,
            "GAS": 5489287.6000000015,
            "HELIUM": 731.4000000000001,
            "IC4-MX": 5889.299999999999,
            "IC5-MX": 101.6,
            "N2": 50086.7,
            "NC4-MX": 13452.8,
            "OIL": 6705635.8,
            "POLYMER": 183983.4,
            "SAND": 5084.4,
            "SYNCRD": 281953.9,
            "WATER": 27740671.199999984
        },
        "FLARE": {
            "ACGAS": 263.5,
            "ENTGAS": 172.39999999999998,
            "GAS": 31834.39999999995
        },
        "FRAC": {
            "C3-MX": -1663.6,
            "C3-SP": 1663.6,
            "C4-SP": 2553.0,
            "C5-SP": 1627.8,
            "IC4-MX": -2578.7,
            "IC5-MX": -1627.8,
            "NC4-MX": 0.0,
            "NC5-MX": 0.0
        },
        "FUEL": {
            "GAS": 160850.29999999964
        },
        "IMBAL": {
            "C1-MX": 0.0,
            "C2-MX": 0.0,
            "C2-SP": 0.0,
            "C3-MX": 0.0,
            "C3-SP": 0.0,
            "C4-MX": 0.0,
            "C4-SP": 0.0,
            "C5-MX": 0.0,
            "C5-SP": 0.0,
            "CO2": 0.0,
            "CO2-SP": 0.0,
            "HELIUM": 0.0,
            "OIL": 0.0
        },
        "INJ": {
            "ACGAS": 934.6,
            "BRINE": 4116354.5,
            "GAS": 1674.7,
            "POLYMER": 987277.4,
            "STEAM": 847353.2000000001,
            "WASTE": 43693.2,
            "WATER": 29571056.29999999
        },
        "INVADJ": {
            "C4-SP": 36.2,
            "COND": -97.39999999999999,
            "OIL": -2834.1000000000004,
            "WATER": -42.40000000000001
        },
        "INVCL": {
            "C2-MX": 24.599999999999998,
            "C2-SP": 1118.8,
            "C3-MX": 850.6999999999999,
            "C3-SP": 2252.7,
            "C4-MX": 51.900000000000006,
            "C4-SP": 12744.400000000001,
            "C5-MX": 37.8,
            "C5-SP": 471.30000000000007,
            "CO2-SP": 0.0,
            "COND": 25444.399999999998,
            "FSHWTR": 4502.7,
            "GAS": 198680.5,
            "HELIUM": 17.599999999999998,
            "IC4-MX": 180.29999999999998,
            "IC5-MX": 2.7,
            "NC4-MX": 333.6,
            "NC5-MX": 139.4,
            "OIL": 839212.9000000005,
            "WATER": 405488.80000000034
        },
        "INVOP": {
            "C2-MX": 41.50000000000001,
            "C2-SP": 1118.8,
            "C3-MX": 1441.6000000000001,
            "C3-SP": 2168.2,
            "C4-MX": 49.5,
            "C4-SP": 12394.000000000002,
            "C5-MX": 41.0,
            "C5-SP": 450.90000000000003,
            "CO2-SP": 0.0,
            "COND": 27438.7,
            "FSHWTR": 4451.4,
            "GAS": 201529.1,
            "HELIUM": 24.7,
            "IC4-MX": 257.2,
            "IC5-MX": 0.0,
            "NC4-MX": 567.6,
            "NC5-MX": 236.6,
            "OIL": 816014.3000000003,
            "WATER": 451166.5999999997
        },
        "LDINJ": {
            "OIL": 1232.7000000000003,
            "WATER": 66320.20000000003
        },
        "LDINVADJ": {
            "OIL": 35.5,
            "WATER": -14567.2
        },
        "LDINVCL": {
            "COND": 2.6,
            "OIL": 3296.500000000001,
            "WATER": 529455.1999999995
        },
        "LDINVOP": {
            "COND": 2.6,
            "OIL": 3551.900000000002,
            "WATER": 516442.70000000036
        },
        "LDREC": {
            "OIL": 1523.6000000000004,
            "WATER": 40184.800000000025
        },
        "PROC": {
            "C1-MX": 12.8,
            "C2-MX": 197.5,
            "C3-MX": 7293.900000000001,
            "C3-SP": 11501.6,
            "C4-MX": 7165.9,
            "C4-SP": 2288.1,
            "C5-MX": 1640.8999999999999,
            "C5-SP": 6817.1
        },
        "PROD": {
            "CO2": 650.0000000000001,
            "FSHWTR": 2050363.7000000002,
            "GAS": 279235.5999999978,
            "HELIUM": 383.30000000000007,
            "N2": 54005.6,
            "OIL": 1478471.7,
            "WATER": 26573953.900000006
        },
        "PURDISP": {
            "OIL": 2142.7000000000003
        },
        "PURREC": {
            "OIL": 1037.9
        },
        "REC": {
            "ACGAS": 934.6,
            "BRINE": 3438614.5,
            "C2-MX": 155.8,
            "C3-MX": 12005.7,
            "C3-SP": 12430.9,
            "C4-MX": 161.4,
            "C4-SP": 57740.8,
            "C5-MX": 1006.2,
            "C5-SP": 16.2,
            "CO2": 594.1,
            "CO2-MX": 637646.1,
            "CO2-SP": 34719.4,
            "COND": 255654.90000000005,
            "FSHWTR": 2722320.2,
            "GAS": 5449549.400000001,
            "HELIUM": 341.0,
            "IC4-MX": 6097.2,
            "IC5-MX": 1627.8,
            "N2": 50086.7,
            "NC4-MX": 9392.099999999999,
            "NC5-MX": 0.0,
            "OIL": 5052217.999999998,
            "POLYMER": 183983.4,
            "SYNCRD": 282237.1,
            "WASTE": 43693.2,
            "WATER": 31567008.099999983
        },
        "SHR": {
            "ACGAS": 89.7,
            "C1-MX": 5.7,
            "C2-MX": 55.699999999999996,
            "C3-MX": 1984.8999999999999,
            "C3-SP": 3129.9,
            "C4-MX": 1703.1999999999998,
            "C4-SP": 543.8,
            "C5-MX": 339.20000000000005,
            "C5-SP": 1408.8,
            "COND": 101.4,
            "OIL": 4827.1
        },
        "SHUTIN": {},
        "STINJ": {
            "CO2-MX": 648915.3999999999,
            "GAS": 2574.7
        },
        "STINVCL": {
            "C3-MX": 0.0,
            "CO2-MX": 46185214.1,
            "GAS": 25386.200000000004
        },
        "STINVOP": {
            "C3-MX": 0.0,
            "CO2-MX": 46003640.4,
            "GAS": 24908.1
        },
        "STREC": {
            "CO2-MX": 72957.79999999999,
            "GAS": 5477.100000000001
        },
        "VENT": {
            "CO2": 650.0,
            "CO2-MX": 498.99999999999983,
            "ENTGAS": 1.1,
            "GAS": 11704.100000000139,
            "N2": 54005.600000000006
        }
    }
}