{
    "year": 2024,
    "month": "11",
    "pt": "Saskatchewan",
    "includes_ghgrp": false,
    "volume_by_activity": {
        "DIFF": {
            "GAS": 62731.799999999996,
            "SOLV": 9244.400000000001,
            "WASTE": 0.0,
            "WATER": 13736.000000000002
        },
        "DISP": {
            "ACGAS": 344.6,
            "C2-MX": 357.5,
            "C3-MX": 17437.1,
            "C3-SP": 22906.1,
            "C4-MX": 508.2,
            "C4-SP": 29682.5,
            "C5-MX": 2534.4000000000005,
            "C5-SP": 2562.5,
            "CO2": 765.5999999999999,
            "CO2-MX": 61230.0,
            "CO2-SP": 36289.7,
            "COND": 85451.90000000001,
            "FSHWTR": 2898486.4999999995,
            "GAS": 5895919.199999999,
            "HELIUM": 908.2000000000002,
            "IC4-MX": 2966.2,
            "IC5-MX": 131.5,
            "N2": 60169.5,
            "NC4-MX": 7770.3,
            "NC5-MX": 360.0,
            "OIL": 6093138.8,
            "POLYMER": 173214.2,
            "SAND": 4509.8,
            "SYNCRD": 263055.9,
            "WATER": 27004433.300000038
        },
        "FLARE": {
            "ACGAS": 242.0,
            "ENTGAS": 540.0,
            "GAS": 32849.69999999999
        },
        "FRAC": {
            "C3-MX": -1857.2,
            "C3-SP": 1857.2,
            "C4-SP": 2238.3,
            "C5-SP": 2239.3,
            "IC4-MX": -2238.3,
            "IC5-MX": -2239.3,
            "NC4-MX": 0.0,
            "NC5-MX": 0.0
        },
        "FUEL": {
            "GAS": 168148.1999999999
        },
        "IMBAL": {
            "C2-MX": 0.0,
            "C2-SP": 0.0,
            "C3-MX": 0.0,
            "C3-SP": 0.0,
            "C4-MX": 0.0,
            "C4-SP": 0.0,
            "C5-MX": 0.0,
            "C5-SP": 0.0,
            "CO2": 0.0,
            "CO2-SP": 0.0,
            "HELIUM": 0.0,
            "OIL": 0.0
        },
        "INJ": {
            "ACGAS": 621.9000000000001,
            "BRINE": 2846990.6,
            "GAS": 978.4,
            "POLYMER": 966908.8,
            "STEAM": 796021.7999999999,
            "WASTE": 70595.70000000001,
            "WATER": 28448906.500000007
        },
        "INVADJ": {
            "C4-SP": 29.9,
            "COND": -288.0,
            "OIL": -2069.5,
            "WATER": -245.8
        },
        "INVCL": {
            "C2-MX": 44.4,
            "C2-SP": 1118.8,
            "C3-MX": 1242.1,
            "C3-SP": 1141.4,
            "C4-MX": 20.400000000000002,
            "C4-SP": 12237.200000000003,
            "C5-MX": 15.899999999999999,
            "C5-SP": 303.5,
            "CO2-SP": 0.0,
            "COND": 18841.3,
            "FSHWTR": 4553.0,
            "GAS": 195697.4,
            "HELIUM": 29.5,
            "IC4-MX": 208.79999999999998,
            "IC5-MX": 0.0,
            "NC4-MX": 514.8,
            "NC5-MX": 263.20000000000005,
            "OIL": 629892.6999999996,
            "WATER": 381011.9999999998
        },
        "INVOP": {
            "C2-MX": 60.0,
            "C2-SP": 1118.8,
            "C3-MX": 1735.9,
            "C3-SP": 1972.2999999999997,
            "C4-MX": 44.099999999999994,
            "C4-SP": 12491.999999999998,
            "C5-MX": 34.099999999999994,
            "C5-SP": 319.5,
            "CO2-SP": 0.0,
            "COND": 24675.8,
            "FSHWTR": 4531.499999999999,
            "GAS": 190848.4,
            "HELIUM": 31.200000000000003,
            "IC4-MX": 298.5,
            "IC5-MX": 0.0,
            "NC4-MX": 713.6,
            "NC5-MX": 365.1,
            "OIL": 608621.2000000004,
            "WATER": 403231.6000000005
        },
        "LDINJ": {
            "OIL": 1752.7000000000003,
            "WATER": 35134.40000000001
        },
        "LDINVADJ": {
            "OIL": -8.8,
            "WATER": 5427.9
        },
        "LDINVCL": {
            "COND": 2.6,
            "OIL": 3113.4000000000015,
            "WATER": 517881.3000000006
        },
        "LDINVOP": {
            "COND": 2.6,
            "OIL": 3176.1000000000013,
            "WATER": 510854.90000000026
        },
        "LDREC": {
            "OIL": 1806.6,
            "WATER": 33535.90000000002
        },
        "PROC": {
            "C2-MX": 190.4,
            "C3-MX": 7486.6,
            "C3-SP": 9167.3,
            "C4-MX": 3894.9999999999995,
            "C4-SP": 4677.8,
            "C5-MX": 1877.9,
            "C5-SP": 9985.4
        },
        "PROD": {
            "CO2": 768.5,
            "COND": 2.7,
            "FSHWTR": 1787448.2,
            "GAS": 260876.60000000024,
            "HELIUM": 460.40000000000003,
            "N2": 62871.6,
            "OIL": 1398245.1000000022,
            "WATER": 25609764.200000044
        },
        "PURDISP": {
            "OIL": 5660.500000000003
        },
        "PURREC": {
            "OIL": 2036.6000000000001
        },
        "REC": {
            "ACGAS": 621.9000000000001,
            "BRINE": 2277414.7,
            "C2-MX": 151.5,
            "C3-MX": 11315.4,
            "C3-SP": 11050.7,
            "C4-MX": 214.8,
            "C4-SP": 54712.200000000004,
            "C5-MX": 1166.8000000000002,
            "C5-SP": 2562.5,
            "CO2": 765.6,
            "CO2-MX": 683382.7,
            "CO2-SP": 72579.4,
            "COND": 215035.30000000005,
            "FSHWTR": 2686756.9999999995,
            "GAS": 5922193.299999999,
            "HELIUM": 446.1,
            "IC4-MX": 4121.9,
            "IC5-MX": 2239.3,
            "N2": 60169.5,
            "NC4-MX": 5153.9,
            "NC5-MX": 0.0,
            "OIL": 4543242.4,
            "POLYMER": 173214.2,
            "SYNCRD": 263689.2,
            "WASTE": 70595.7,
            "WATER": 30596083.80000004
        },
        "SHR": {
            "ACGAS": 58.5,
            "C2-MX": 53.599999999999994,
            "C3-MX": 2037.3,
            "C3-SP": 2494.7,
            "C4-MX": 925.8,
            "C4-SP": 1111.8,
            "C5-MX": 388.2,
            "C5-SP": 2063.8000000000006,
            "COND": 52.9,
            "OIL": 4315.299999999999
        },
        "SHUTIN": {},
        "STINJ": {
            "CO2-MX": 698719.7,
            "GAS": 2970.5000000000005
        },
        "STINVCL": {
            "C3-MX": 0.0,
            "CO2-MX": 47502240.49999999,
            "GAS": 23297.9
        },
        "STINVOP": {
            "C3-MX": 0.0,
            "CO2-MX": 47318925.199999996,
            "GAS": 22041.6
        },
        "STREC": {
            "CO2-MX": 59814.50000000001,
            "GAS": 6628.299999999999
        },
        "VENT": {
            "CO2": 768.5,
            "CO2-MX": 164.2,
            "ENTGAS": 0.8,
            "GAS": 11468.800000000138,
            "N2": 62871.59999999999
        }
    }
}